rank,client_hash_id,content_hash_id,decline_probability,priority_tier,reason_code,gsc_impressions_march,gsc_ctr_march,gsc_avg_position_march,ga4_sessions_march
1,client_2094c6eb080311d5,content_6546112a234cb98d,0.9364705882352942,Highest priority,model-ranked signal combination,78.0,0.07692307692307693,5.141025641025641,7.0
2,client_f623b01661d4bfe4,content_4663d6efb6744b2d,0.9364705882352942,Highest priority,model-ranked signal combination,73.0,0.0821917808219178,7.438356164383562,5.0
3,client_f623b01661d4bfe4,content_d141093a88e6133f,0.9364705882352942,Highest priority,model-ranked signal combination,66.0,0.10606060606060606,4.090909090909091,6.0
4,client_9958f0a7ae1df715,content_26b315a13df7951f,0.9364705882352942,Highest priority,weak average position,63.0,0.1111111111111111,14.26984126984127,6.0
5,client_3f0ce4d44fe94f3d,content_bacfb410eac212da,0.9364705882352942,Highest priority,model-ranked signal combination,54.0,0.07407407407407407,6.444444444444445,1.0
6,client_f623b01661d4bfe4,content_00914d6da1fccc09,0.9364705882352942,Highest priority,weak average position,46.0,0.08695652173913043,42.93478260869565,6.0
7,client_f623b01661d4bfe4,content_ab343455aa5aee3f,0.9364705882352942,Highest priority,model-ranked signal combination,42.0,0.09523809523809523,8.023809523809524,2.0
8,client_9958f0a7ae1df715,content_5d531fb55b4df090,0.9364705882352942,Highest priority,weak average position,39.0,0.07692307692307693,16.53846153846154,7.0
9,client_f623b01661d4bfe4,content_3e3b42aaddb358c6,0.9364705882352942,Highest priority,model-ranked signal combination,38.0,0.07894736842105263,7.5,5.0
10,client_f623b01661d4bfe4,content_b0040fecd9a1b4d8,0.9364705882352942,Highest priority,weak average position,35.0,0.11428571428571428,27.942857142857143,4.0
11,client_9958f0a7ae1df715,content_39f36d7ba0fbda30,0.9364705882352942,Highest priority,weak average position,35.0,0.08571428571428572,10.771428571428572,4.0
12,client_2094c6eb080311d5,content_12828aa600178ce0,0.9364705882352942,Highest priority,model-ranked signal combination,35.0,0.14285714285714285,5.0285714285714285,4.0
13,client_2094c6eb080311d5,content_aa5dc8f0fc84df33,0.9364705882352942,Highest priority,weak average position,24.0,0.08333333333333333,10.416666666666666,5.0
14,client_2094c6eb080311d5,content_bfc3049a84cf287a,0.9364705882352942,Highest priority,model-ranked signal combination,24.0,0.08333333333333333,8.041666666666666,3.0
15,client_f623b01661d4bfe4,content_c23f2f8767e964ff,0.9364705882352942,Highest priority,model-ranked signal combination,22.0,0.09090909090909091,5.045454545454546,2.0
16,client_f623b01661d4bfe4,content_bc90d62c6d802282,0.9364705882352942,Highest priority,model-ranked signal combination,22.0,0.13636363636363635,7.2727272727272725,3.0
17,client_f623b01661d4bfe4,content_b29599636bd0f894,0.9364705882352942,Highest priority,model-ranked signal combination,21.0,0.14285714285714285,8.619047619047619,3.0
18,client_f623b01661d4bfe4,content_c4bb513d1953eb52,0.9364705882352942,Highest priority,weak average position,20.0,0.15,20.5,4.0
19,client_f623b01661d4bfe4,content_c529a22a57dfe58b,0.9364705882352942,Highest priority,weak average position,20.0,0.1,35.65,2.0
20,client_9958f0a7ae1df715,content_2844b456217bc9ee,0.9364705882352942,Highest priority,weak average position,19.0,0.10526315789473684,23.157894736842106,2.0
21,client_f623b01661d4bfe4,content_910bad0d28839701,0.9364705882352942,Highest priority,model-ranked signal combination,18.0,0.1111111111111111,6.944444444444445,1.0
22,client_f623b01661d4bfe4,content_8f649b3909f873e0,0.9364705882352942,Highest priority,model-ranked signal combination,18.0,0.16666666666666666,8.0,1.0
23,client_0fa64a184f18a4a0,content_17262dc7ecdb11bc,0.9364705882352942,Highest priority,model-ranked signal combination,17.0,0.11764705882352941,4.823529411764706,2.0
24,client_f623b01661d4bfe4,content_8dbe259cfd45d5c1,0.9364705882352942,Highest priority,weak average position,17.0,0.11764705882352941,20.41176470588235,2.0
25,client_f623b01661d4bfe4,content_26238a75817dcc04,0.9364705882352942,Highest priority,model-ranked signal combination,17.0,0.11764705882352941,6.529411764705882,2.0
26,client_f623b01661d4bfe4,content_a03376db17dd976a,0.9364705882352942,Highest priority,model-ranked signal combination,16.0,0.125,6.75,2.0
27,client_f623b01661d4bfe4,content_247aa09564a3da17,0.9364705882352942,Highest priority,model-ranked signal combination,16.0,0.375,5.5,6.0
28,client_2094c6eb080311d5,content_49b9eb739f8f64c8,0.9364705882352942,Highest priority,model-ranked signal combination,16.0,0.125,4.75,2.0
29,client_f623b01661d4bfe4,content_4e60a26fd766cb92,0.9364705882352942,Highest priority,model-ranked signal combination,15.0,0.2,5.6,2.0
30,client_def0955f7a377868,content_48caa9894d9cf01d,0.9364705882352942,Highest priority,model-ranked signal combination,15.0,0.13333333333333333,7.533333333333333,2.0
31,client_f623b01661d4bfe4,content_47379be6fc0edb54,0.9364705882352942,Highest priority,weak average position,14.0,0.14285714285714285,33.07142857142857,1.0
32,client_3f0ce4d44fe94f3d,content_b67ff1155e7966a3,0.9364705882352942,Highest priority,model-ranked signal combination,13.0,0.07692307692307693,9.692307692307692,
33,client_2094c6eb080311d5,content_f2d1fe79601a06f5,0.9364705882352942,Highest priority,model-ranked signal combination,13.0,0.07692307692307693,4.384615384615385,1.0
34,client_3f0ce4d44fe94f3d,content_97ebb2eafd2ea65f,0.9364705882352942,Highest priority,weak average position,13.0,0.07692307692307693,35.76923076923077,1.0
35,client_f623b01661d4bfe4,content_bd888ed3a93e8514,0.9364705882352942,Highest priority,weak average position,13.0,0.07692307692307693,12.384615384615385,
36,client_f623b01661d4bfe4,content_5eea911094386204,0.9364705882352942,Highest priority,model-ranked signal combination,13.0,0.07692307692307693,5.769230769230769,0.0
37,client_f623b01661d4bfe4,content_60a9095e1ca78d72,0.9364705882352942,Highest priority,model-ranked signal combination,13.0,0.15384615384615385,9.384615384615385,1.0
38,client_cd12bcfd98942aa1,content_1e2bdbd06e6c706e,0.9364705882352942,Highest priority,model-ranked signal combination,13.0,0.07692307692307693,6.3076923076923075,2.0
39,client_9958f0a7ae1df715,content_2ee16dd179f7a067,0.9364705882352942,Highest priority,weak average position,13.0,0.07692307692307693,18.846153846153847,1.0
40,client_2094c6eb080311d5,content_6414a9dda4cac1ff,0.9364705882352942,Highest priority,weak average position,13.0,0.07692307692307693,17.23076923076923,1.0
41,client_3f0ce4d44fe94f3d,content_30bf72266a673fa1,0.9364705882352942,Highest priority,model-ranked signal combination,13.0,0.07692307692307693,3.3846153846153846,1.0
42,client_cd12bcfd98942aa1,content_063ae39913f9854f,0.9364705882352942,Highest priority,model-ranked signal combination,13.0,0.07692307692307693,5.230769230769231,1.0
43,client_f623b01661d4bfe4,content_0f9f16982db584cb,0.9364705882352942,Highest priority,weak average position,12.0,0.08333333333333333,14.833333333333334,1.0
44,client_0fa64a184f18a4a0,content_1ba57dcfaebfe32f,0.9364705882352942,Highest priority,model-ranked signal combination,12.0,0.08333333333333333,8.083333333333334,
45,client_f623b01661d4bfe4,content_e93a17e20b4a9459,0.9364705882352942,Highest priority,model-ranked signal combination,12.0,0.08333333333333333,3.8333333333333335,1.0
46,client_f623b01661d4bfe4,content_6260c69244bf5fa3,0.9364705882352942,Highest priority,model-ranked signal combination,12.0,0.08333333333333333,6.916666666666667,1.0
47,client_cd12bcfd98942aa1,content_a27a4cdc0e9ec4ab,0.9364705882352942,Highest priority,model-ranked signal combination,12.0,0.08333333333333333,6.5,3.0
48,client_cd12bcfd98942aa1,content_8ed1f0c3eae5298b,0.9364705882352942,Highest priority,model-ranked signal combination,12.0,0.08333333333333333,7.5,1.0
49,client_cd12bcfd98942aa1,content_b4273706aceafa40,0.9364705882352942,Highest priority,model-ranked signal combination,12.0,0.08333333333333333,8.583333333333334,1.0
50,client_2094c6eb080311d5,content_3cb42f65ed5033e1,0.9364705882352942,Highest priority,model-ranked signal combination,12.0,0.08333333333333333,7.833333333333333,1.0
51,client_3f0ce4d44fe94f3d,content_dbead69b2a296bfc,0.9364705882352942,Highest priority,model-ranked signal combination,12.0,0.08333333333333333,4.916666666666667,
52,client_f623b01661d4bfe4,content_10861206348f3ba3,0.9364705882352942,Highest priority,model-ranked signal combination,12.0,0.25,8.333333333333334,3.0
53,client_2094c6eb080311d5,content_860be27946e6d012,0.9364705882352942,Highest priority,model-ranked signal combination,12.0,0.16666666666666666,7.166666666666667,1.0
54,client_cd12bcfd98942aa1,content_d2ab87c8973c8fd1,0.9364705882352942,Highest priority,model-ranked signal combination,11.0,0.09090909090909091,5.7272727272727275,1.0
55,client_2094c6eb080311d5,content_7a1db793ae8d0379,0.9364705882352942,Highest priority,model-ranked signal combination,11.0,0.09090909090909091,8.090909090909092,
56,client_9958f0a7ae1df715,content_942d1f552990a276,0.9364705882352942,Highest priority,weak average position,11.0,0.09090909090909091,12.454545454545455,
57,client_f623b01661d4bfe4,content_1f292bcdc3c1f5a7,0.9364705882352942,Highest priority,weak average position,11.0,0.09090909090909091,43.45454545454545,1.0
58,client_2094c6eb080311d5,content_52e213a8f0c5aa9e,0.9364705882352942,Highest priority,model-ranked signal combination,11.0,0.09090909090909091,3.909090909090909,1.0
59,client_2094c6eb080311d5,content_ce240e30daafeb7a,0.9364705882352942,Highest priority,weak average position,11.0,0.09090909090909091,19.545454545454547,1.0
60,client_f623b01661d4bfe4,content_dfebd39af483eeac,0.9364705882352942,Highest priority,weak average position,11.0,0.09090909090909091,45.0,1.0
61,client_f623b01661d4bfe4,content_a58076008875ff59,0.9364705882352942,Highest priority,model-ranked signal combination,11.0,0.09090909090909091,6.818181818181818,2.0
62,client_2094c6eb080311d5,content_ebe8de02321e48e7,0.9364705882352942,Highest priority,model-ranked signal combination,11.0,0.09090909090909091,2.5454545454545454,1.0
63,client_f623b01661d4bfe4,content_e2ac8e4e3345afb2,0.9364705882352942,Highest priority,model-ranked signal combination,11.0,0.09090909090909091,5.181818181818182,1.0
64,client_f623b01661d4bfe4,content_3b6cebbd3787b91c,0.9364705882352942,Highest priority,model-ranked signal combination,11.0,0.09090909090909091,6.090909090909091,1.0
65,client_f623b01661d4bfe4,content_8997a6c4a4511ba0,0.9364705882352942,Highest priority,weak average position,10.0,0.2,27.6,1.0
66,client_f623b01661d4bfe4,content_a8db937502efc11d,0.9364705882352942,Highest priority,model-ranked signal combination,10.0,0.1,8.5,1.0
67,client_2094c6eb080311d5,content_a4f9395abe203b90,0.9364705882352942,Highest priority,weak average position,10.0,0.1,24.6,1.0
68,client_f623b01661d4bfe4,content_59564c8234b88528,0.9364705882352942,Highest priority,model-ranked signal combination,10.0,0.1,8.0,1.0
69,client_f623b01661d4bfe4,content_ab9350a095c28e36,0.9364705882352942,Highest priority,weak average position,10.0,0.1,41.0,1.0
70,client_f623b01661d4bfe4,content_2e3f81119ba62ccc,0.9364705882352942,Highest priority,model-ranked signal combination,10.0,0.1,8.7,4.0
71,client_f623b01661d4bfe4,content_2946750a093c9647,0.9364705882352942,Highest priority,weak average position,10.0,0.1,57.6,
72,client_0fa64a184f18a4a0,content_8a36c7b94a8ecb0d,0.9364705882352942,Highest priority,model-ranked signal combination,10.0,0.1,5.9,1.0
73,client_3f0ce4d44fe94f3d,content_8e286718761bce2f,0.9364705882352942,Highest priority,weak average position,10.0,0.1,13.8,
74,client_f623b01661d4bfe4,content_8bc34345c9fb881b,0.9364705882352942,Highest priority,weak average position,10.0,0.2,14.8,2.0
75,client_f623b01661d4bfe4,content_68892425e061bcaf,0.9364705882352942,Highest priority,model-ranked signal combination,10.0,0.2,4.6,2.0
76,client_f623b01661d4bfe4,content_4693aa2f65099f3c,0.9364705882352942,Highest priority,weak average position,9.0,0.2222222222222222,40.333333333333336,2.0
77,client_3f0ce4d44fe94f3d,content_2190d0ef8cb52882,0.9364705882352942,Highest priority,model-ranked signal combination,9.0,0.1111111111111111,4.333333333333333,1.0
78,client_f623b01661d4bfe4,content_de37b5abd3b80c6e,0.9364705882352942,Highest priority,weak average position,9.0,0.1111111111111111,40.333333333333336,
79,client_0fa64a184f18a4a0,content_8a225c40b3b8e161,0.9364705882352942,Highest priority,model-ranked signal combination,9.0,0.1111111111111111,3.5555555555555554,1.0
80,client_f623b01661d4bfe4,content_99dfd2e950983a4c,0.9364705882352942,Highest priority,weak average position,9.0,0.1111111111111111,24.555555555555557,1.0
81,client_cd12bcfd98942aa1,content_12b4f281426abb3d,0.9364705882352942,Highest priority,model-ranked signal combination,9.0,0.1111111111111111,6.333333333333333,1.0
82,client_def0955f7a377868,content_374e1a9240c7949f,0.9364705882352942,Highest priority,model-ranked signal combination,9.0,0.1111111111111111,8.333333333333334,1.0
83,client_f623b01661d4bfe4,content_adc34d6744fcce01,0.9364705882352942,Highest priority,weak average position,9.0,0.1111111111111111,10.88888888888889,1.0
84,client_f623b01661d4bfe4,content_4c9ecaa3d9a54fbd,0.9364705882352942,Highest priority,weak average position,9.0,0.1111111111111111,49.55555555555556,1.0
85,client_f623b01661d4bfe4,content_a971e86b4d5b1f1a,0.9364705882352942,Highest priority,weak average position,9.0,0.1111111111111111,30.555555555555557,1.0
86,client_3f0ce4d44fe94f3d,content_70bc4b2e05d900b4,0.9364705882352942,Highest priority,weak average position,9.0,0.1111111111111111,21.333333333333332,
87,client_cd12bcfd98942aa1,content_52ea1e7d6159d54b,0.9364705882352942,Highest priority,model-ranked signal combination,9.0,0.1111111111111111,9.777777777777779,2.0
88,client_cd12bcfd98942aa1,content_71d1bee29e272413,0.9364705882352942,Highest priority,weak average position,8.0,0.125,10.25,1.0
89,client_f623b01661d4bfe4,content_8d434a68a6a804aa,0.9364705882352942,Highest priority,model-ranked signal combination,8.0,0.125,6.625,2.0
90,client_def0955f7a377868,content_ef23cab84a097758,0.9364705882352942,Highest priority,model-ranked signal combination,8.0,0.125,7.75,1.0
91,client_f623b01661d4bfe4,content_3960f6127dc4a80d,0.9364705882352942,Highest priority,weak average position,8.0,0.125,15.375,1.0
92,client_f623b01661d4bfe4,content_d28b8c931742b22f,0.9364705882352942,Highest priority,weak average position,8.0,0.125,79.125,2.0
93,client_3f0ce4d44fe94f3d,content_f8f7d9c085896228,0.9364705882352942,Highest priority,model-ranked signal combination,8.0,0.125,7.125,1.0
94,client_f623b01661d4bfe4,content_d5a4e5b6e016a883,0.9364705882352942,Highest priority,weak average position,8.0,0.125,17.125,
95,client_2094c6eb080311d5,content_2a0482a861d57d5d,0.9364705882352942,Highest priority,model-ranked signal combination,8.0,0.125,9.0,1.0
96,client_2094c6eb080311d5,content_49caeed0255a74c2,0.9364705882352942,Highest priority,model-ranked signal combination,8.0,0.125,4.125,1.0
97,client_cd12bcfd98942aa1,content_164808bc0a8856bb,0.9364705882352942,Highest priority,model-ranked signal combination,8.0,0.125,6.875,1.0
98,client_f623b01661d4bfe4,content_4cb2e757846d4f1e,0.9364705882352942,Highest priority,model-ranked signal combination,8.0,0.125,6.125,1.0
99,client_f623b01661d4bfe4,content_313cbc403f2422ca,0.9364705882352942,Highest priority,model-ranked signal combination,8.0,0.125,6.25,1.0
100,client_2094c6eb080311d5,content_ad22711e724516ab,0.9364705882352942,Highest priority,weak average position,8.0,0.125,46.5,1.0
101,client_f623b01661d4bfe4,content_f4e74f93573a0534,0.9364705882352942,Highest priority,weak average position,8.0,0.125,93.75,
102,client_f623b01661d4bfe4,content_23c2164b794a058c,0.9364705882352942,Highest priority,model-ranked signal combination,7.0,0.14285714285714285,4.571428571428571,2.0
103,client_3f0ce4d44fe94f3d,content_6bdc7cc16c6e9bce,0.9364705882352942,Highest priority,weak average position,7.0,0.14285714285714285,18.857142857142858,
104,client_f623b01661d4bfe4,content_c8bd5ed697b68a69,0.9364705882352942,Highest priority,model-ranked signal combination,7.0,0.14285714285714285,3.142857142857143,1.0
105,client_f623b01661d4bfe4,content_d850827538e9d408,0.9364705882352942,Highest priority,weak average position,7.0,0.42857142857142855,10.142857142857142,2.0
106,client_2094c6eb080311d5,content_fd871f753019554e,0.9364705882352942,Highest priority,model-ranked signal combination,7.0,0.14285714285714285,6.142857142857143,1.0
107,client_f623b01661d4bfe4,content_46eedc5f4139929c,0.9364705882352942,Highest priority,model-ranked signal combination,7.0,0.42857142857142855,5.571428571428571,4.0
108,client_cd12bcfd98942aa1,content_0bb743e8596e0175,0.9364705882352942,Highest priority,model-ranked signal combination,7.0,0.14285714285714285,5.428571428571429,1.0
109,client_f623b01661d4bfe4,content_2091999f7524fda8,0.9364705882352942,Highest priority,weak average position,7.0,0.14285714285714285,24.0,1.0
110,client_f623b01661d4bfe4,content_89af3dfea6ff0ec9,0.9364705882352942,Highest priority,weak average position,7.0,0.14285714285714285,44.42857142857143,2.0
111,client_f623b01661d4bfe4,content_833115be65c8b1d3,0.9364705882352942,Highest priority,weak average position,7.0,0.14285714285714285,13.714285714285714,
112,client_f623b01661d4bfe4,content_27527c20ed0f191f,0.9364705882352942,Highest priority,model-ranked signal combination,7.0,0.2857142857142857,5.142857142857143,2.0
113,client_f623b01661d4bfe4,content_c35a5242c693f3ed,0.9364705882352942,Highest priority,model-ranked signal combination,6.0,0.16666666666666666,6.333333333333333,3.0
114,client_cd12bcfd98942aa1,content_6077e57db13c0806,0.9364705882352942,Highest priority,model-ranked signal combination,6.0,0.16666666666666666,5.833333333333333,1.0
115,client_cd12bcfd98942aa1,content_3c7e4fea09f52b8b,0.9364705882352942,Highest priority,weak average position,6.0,0.16666666666666666,22.666666666666668,1.0
116,client_3f0ce4d44fe94f3d,content_e6a7dac594fecd51,0.9364705882352942,Highest priority,weak average position,6.0,0.16666666666666666,16.5,
117,client_f623b01661d4bfe4,content_2e7efdd048fc6b61,0.9364705882352942,Highest priority,weak average position,6.0,0.16666666666666666,22.166666666666668,1.0
118,client_cd12bcfd98942aa1,content_8be308483079779d,0.9364705882352942,Highest priority,model-ranked signal combination,6.0,0.16666666666666666,6.5,1.0
119,client_f623b01661d4bfe4,content_4b43506e3b02ae3d,0.9364705882352942,Highest priority,model-ranked signal combination,6.0,0.3333333333333333,9.0,0.0
120,client_f623b01661d4bfe4,content_4e29772fa3e1e517,0.9364705882352942,Highest priority,weak average position,6.0,0.16666666666666666,46.333333333333336,1.0
121,client_f623b01661d4bfe4,content_46fae320183a98da,0.9364705882352942,Highest priority,model-ranked signal combination,6.0,0.16666666666666666,3.3333333333333335,1.0
122,client_cd12bcfd98942aa1,content_726fa1ee452da49b,0.9364705882352942,Highest priority,model-ranked signal combination,5.0,0.2,6.6,1.0
123,client_def0955f7a377868,content_3d8d0f3a9e433e6f,0.9364705882352942,Highest priority,weak average position,5.0,0.2,20.4,1.0
124,client_f623b01661d4bfe4,content_f03f9eef1e1dde1a,0.9364705882352942,Highest priority,weak average position,5.0,0.2,10.2,1.0
125,client_f623b01661d4bfe4,content_dce494f6c1c507f9,0.9364705882352942,Highest priority,model-ranked signal combination,5.0,0.2,5.8,1.0
126,client_f623b01661d4bfe4,content_f8097c4a1fbed7e7,0.9364705882352942,Highest priority,model-ranked signal combination,5.0,0.2,6.6,
127,client_f623b01661d4bfe4,content_a002f022c73e9b7c,0.9364705882352942,Highest priority,weak average position,5.0,0.2,26.6,1.0
128,client_f623b01661d4bfe4,content_fde92527745143ef,0.9364705882352942,Highest priority,model-ranked signal combination,5.0,0.2,8.2,
129,client_f623b01661d4bfe4,content_670b4b344745a34c,0.9364705882352942,Highest priority,model-ranked signal combination,5.0,0.4,2.0,1.0
130,client_f623b01661d4bfe4,content_37272ef0d7e0d32c,0.9364705882352942,Highest priority,weak average position,5.0,0.2,81.2,1.0
131,client_f623b01661d4bfe4,content_0ff03389000f01d1,0.9364705882352942,Highest priority,model-ranked signal combination,5.0,0.2,9.8,
132,client_f623b01661d4bfe4,content_2993e350464f10ee,0.9364705882352942,Highest priority,model-ranked signal combination,5.0,0.2,3.4,1.0
133,client_0fa64a184f18a4a0,content_16ab208d3ac13b4e,0.9364705882352942,Highest priority,model-ranked signal combination,5.0,0.2,4.0,1.0
134,client_f623b01661d4bfe4,content_7154b3257e59047e,0.9364705882352942,Highest priority,weak average position,5.0,0.4,45.0,1.0
135,client_cd12bcfd98942aa1,content_6bec9abff7ba3120,0.9364705882352942,Highest priority,model-ranked signal combination,5.0,0.2,9.6,
136,client_f623b01661d4bfe4,content_70e5ac5b35cda96f,0.9364705882352942,Highest priority,model-ranked signal combination,5.0,0.2,8.0,1.0
137,client_3f0ce4d44fe94f3d,content_db748889c83b48a1,0.9364705882352942,Highest priority,model-ranked signal combination,5.0,0.2,5.4,2.0
138,client_2094c6eb080311d5,content_c2225d67d884c13f,0.9364705882352942,Highest priority,model-ranked signal combination,5.0,0.2,7.8,
139,client_f623b01661d4bfe4,content_b029e9f500af2a42,0.9364705882352942,Highest priority,weak average position,4.0,0.25,10.5,
140,client_f623b01661d4bfe4,content_9c9cde1341e0af5d,0.9364705882352942,Highest priority,model-ranked signal combination,4.0,0.25,6.0,
141,client_f623b01661d4bfe4,content_2be027f80d5f7855,0.9364705882352942,Highest priority,model-ranked signal combination,4.0,0.25,6.25,0.0
142,client_0fa64a184f18a4a0,content_656fa3469dd0425a,0.9364705882352942,Highest priority,model-ranked signal combination,4.0,0.25,2.25,1.0
143,client_f623b01661d4bfe4,content_eb2d1a9aefddd898,0.9364705882352942,Highest priority,weak average position,4.0,0.25,55.75,1.0
144,client_cd12bcfd98942aa1,content_1f9db73144e3ada2,0.9364705882352942,Highest priority,model-ranked signal combination,4.0,0.25,6.0,2.0
145,client_f623b01661d4bfe4,content_3c650a4ef0a5e05c,0.9364705882352942,Highest priority,model-ranked signal combination,4.0,0.25,9.0,
146,client_f623b01661d4bfe4,content_47609be57d8502c9,0.9364705882352942,Highest priority,model-ranked signal combination,4.0,0.25,3.0,
147,client_3f0ce4d44fe94f3d,content_1853a537f7282058,0.9364705882352942,Highest priority,model-ranked signal combination,4.0,0.25,9.0,
148,client_f623b01661d4bfe4,content_eda5c0f2bc150069,0.9364705882352942,Highest priority,model-ranked signal combination,4.0,0.25,5.0,1.0
149,client_f623b01661d4bfe4,content_d4450c6029d88370,0.9364705882352942,Highest priority,weak average position,4.0,0.25,21.0,1.0
150,client_2094c6eb080311d5,content_b925fd2014ba01ad,0.9364705882352942,Highest priority,model-ranked signal combination,4.0,0.25,6.5,1.0
151,client_f623b01661d4bfe4,content_2b937f265d242d7a,0.9364705882352942,Highest priority,weak average position,4.0,0.25,10.75,
152,client_f623b01661d4bfe4,content_8feb3bf9aed7e064,0.9364705882352942,Highest priority,model-ranked signal combination,4.0,0.25,8.0,1.0
153,client_0fa64a184f18a4a0,content_9d0d97080c811f65,0.9364705882352942,Highest priority,model-ranked signal combination,4.0,0.25,4.25,
154,client_2094c6eb080311d5,content_9e556a3124ab6b0e,0.9364705882352942,Highest priority,weak average position,4.0,0.25,14.75,3.0
155,client_f623b01661d4bfe4,content_f4888183855247ab,0.9364705882352942,Highest priority,weak average position,4.0,0.25,19.75,1.0
156,client_f623b01661d4bfe4,content_3617e20335510220,0.9364705882352942,Highest priority,model-ranked signal combination,4.0,0.75,2.75,2.0
157,client_cd12bcfd98942aa1,content_54b165b665ce651a,0.9364705882352942,Highest priority,model-ranked signal combination,3.0,0.3333333333333333,5.333333333333333,1.0
158,client_cd12bcfd98942aa1,content_67652adbebb40260,0.9364705882352942,Highest priority,model-ranked signal combination,3.0,0.3333333333333333,7.0,1.0
159,client_f623b01661d4bfe4,content_70f5865087022500,0.9364705882352942,Highest priority,weak average position,3.0,0.3333333333333333,18.0,1.0
160,client_f623b01661d4bfe4,content_afc39d19ebc1130b,0.9364705882352942,Highest priority,model-ranked signal combination,3.0,0.3333333333333333,8.666666666666666,1.0
161,client_f623b01661d4bfe4,content_715b26e46d7d831a,0.9364705882352942,Highest priority,model-ranked signal combination,3.0,0.3333333333333333,3.3333333333333335,2.0
162,client_cd12bcfd98942aa1,content_7cf852a89fce05cc,0.9364705882352942,Highest priority,weak average position,3.0,0.3333333333333333,15.0,1.0
163,client_f623b01661d4bfe4,content_0cf61a25f9eba91e,0.9364705882352942,Highest priority,model-ranked signal combination,3.0,0.3333333333333333,6.0,1.0
164,client_f623b01661d4bfe4,content_7a987d7bc5fddeeb,0.9364705882352942,Highest priority,model-ranked signal combination,3.0,0.6666666666666666,2.0,2.0
165,client_f623b01661d4bfe4,content_9b919e9a5c40beb2,0.9364705882352942,Highest priority,model-ranked signal combination,3.0,0.3333333333333333,6.0,1.0
166,client_f623b01661d4bfe4,content_07b43533d52e697f,0.9364705882352942,Highest priority,model-ranked signal combination,3.0,0.3333333333333333,8.0,1.0
167,client_f623b01661d4bfe4,content_a8ff669bb3932ec2,0.9364705882352942,Highest priority,model-ranked signal combination,3.0,0.3333333333333333,7.0,1.0
168,client_f623b01661d4bfe4,content_6358f2b518c44130,0.9364705882352942,Highest priority,model-ranked signal combination,3.0,0.3333333333333333,2.6666666666666665,1.0
169,client_f623b01661d4bfe4,content_2a3aad6acc25d4fc,0.9364705882352942,Highest priority,model-ranked signal combination,3.0,0.3333333333333333,2.6666666666666665,1.0
170,client_f623b01661d4bfe4,content_2c9347957ffba12a,0.9364705882352942,Highest priority,weak average position,3.0,0.3333333333333333,46.333333333333336,1.0
171,client_f623b01661d4bfe4,content_7dcc493d4f4be803,0.9364705882352942,Highest priority,model-ranked signal combination,3.0,0.3333333333333333,2.0,1.0
172,client_3f0ce4d44fe94f3d,content_c185f1a7f92e0412,0.9364705882352942,Highest priority,model-ranked signal combination,3.0,0.3333333333333333,4.666666666666667,1.0
173,client_cd12bcfd98942aa1,content_af1dfe5a834ace5a,0.9364705882352942,Highest priority,model-ranked signal combination,3.0,0.3333333333333333,5.333333333333333,1.0
174,client_f623b01661d4bfe4,content_d37466eb5c81306f,0.9364705882352942,Highest priority,model-ranked signal combination,2.0,0.5,9.0,
175,client_f623b01661d4bfe4,content_1cfa05a210b14c50,0.9364705882352942,Highest priority,model-ranked signal combination,2.0,1.0,1.0,1.0
176,client_f623b01661d4bfe4,content_4066b1aa80f5b066,0.9364705882352942,Highest priority,model-ranked signal combination,2.0,0.5,1.5,1.0
177,client_f623b01661d4bfe4,content_7c403ddc7ef81ea8,0.9364705882352942,Highest priority,model-ranked signal combination,2.0,0.5,2.0,1.0
178,client_f623b01661d4bfe4,content_37742acbe79a18fa,0.9364705882352942,Highest priority,model-ranked signal combination,2.0,0.5,7.0,1.0
179,client_f623b01661d4bfe4,content_78df8a597985a72a,0.9364705882352942,Highest priority,model-ranked signal combination,2.0,0.5,0.0,1.0
180,client_cd12bcfd98942aa1,content_352c4167d4bbe96b,0.9364705882352942,Highest priority,model-ranked signal combination,2.0,0.5,2.0,1.0
181,client_f623b01661d4bfe4,content_d010e228574ac2d7,0.9364705882352942,Highest priority,model-ranked signal combination,2.0,0.5,2.5,1.0
182,client_f623b01661d4bfe4,content_0e5506ac87b7d1b5,0.9364705882352942,Highest priority,model-ranked signal combination,2.0,0.5,7.0,1.0
183,client_f623b01661d4bfe4,content_3280e8ecfed86172,0.9364705882352942,Highest priority,model-ranked signal combination,2.0,0.5,1.0,1.0
184,client_cd12bcfd98942aa1,content_a4a7af489c4d4063,0.9364705882352942,Highest priority,model-ranked signal combination,2.0,0.5,7.0,1.0
185,client_f623b01661d4bfe4,content_b26e6b9095c08d03,0.9364705882352942,Highest priority,model-ranked signal combination,2.0,0.5,0.5,1.0
186,client_f623b01661d4bfe4,content_5bfa8d9b126ba029,0.9364705882352942,Highest priority,model-ranked signal combination,2.0,0.5,2.5,1.0
187,client_f623b01661d4bfe4,content_f2f5aedc8ea108f7,0.9364705882352942,Highest priority,weak average position,2.0,0.5,15.5,1.0
188,client_f623b01661d4bfe4,content_9f5a40ce302c5b20,0.9364705882352942,Highest priority,weak average position,2.0,0.5,13.0,1.0
189,client_f623b01661d4bfe4,content_8717cb37cf1fb1bc,0.9364705882352942,Highest priority,weak average position,2.0,0.5,257.0,
190,client_f623b01661d4bfe4,content_61e79663432decd3,0.9364705882352942,Highest priority,model-ranked signal combination,2.0,0.5,3.5,1.0
191,client_2094c6eb080311d5,content_266a53be5f02ef38,0.9364705882352942,Highest priority,model-ranked signal combination,2.0,0.5,5.0,1.0
192,client_f623b01661d4bfe4,content_16ac1a2430014e30,0.9364705882352942,Highest priority,weak average position,2.0,0.5,17.0,1.0
193,client_f623b01661d4bfe4,content_cbeaf52e5f67183c,0.9364705882352942,Highest priority,model-ranked signal combination,2.0,0.5,5.5,1.0
194,client_f623b01661d4bfe4,content_74e35bc308b99e45,0.9364705882352942,Highest priority,model-ranked signal combination,2.0,0.5,5.5,1.0
195,client_f623b01661d4bfe4,content_4492233867730d07,0.9364705882352942,Highest priority,model-ranked signal combination,2.0,1.0,1.0,1.0
196,client_f623b01661d4bfe4,content_6bd6b23eb02abe1b,0.9364705882352942,Highest priority,model-ranked signal combination,1.0,1.0,0.0,0.0
197,client_f623b01661d4bfe4,content_6cc5fb9086cddc6f,0.9364705882352942,Highest priority,model-ranked signal combination,1.0,1.0,4.0,1.0
198,client_f623b01661d4bfe4,content_b88db9edd1295884,0.9364705882352942,Highest priority,model-ranked signal combination,1.0,1.0,1.0,1.0
199,client_f623b01661d4bfe4,content_3d85527dfa523f27,0.9364705882352942,Highest priority,model-ranked signal combination,1.0,1.0,4.0,1.0
200,client_f623b01661d4bfe4,content_0536a83c99505355,0.9364705882352942,Highest priority,model-ranked signal combination,1.0,1.0,6.0,1.0
201,client_f623b01661d4bfe4,content_a3ef5e8c839e2e78,0.9364705882352942,Highest priority,model-ranked signal combination,1.0,1.0,0.0,1.0
202,client_f623b01661d4bfe4,content_38635b8d3830a3ca,0.9364705882352942,Highest priority,model-ranked signal combination,1.0,1.0,1.0,
203,client_f623b01661d4bfe4,content_ac8304817cdd6519,0.9364705882352942,Highest priority,model-ranked signal combination,1.0,1.0,2.0,
204,client_f623b01661d4bfe4,content_507653893440072c,0.9364705882352942,Highest priority,weak average position,1.0,1.0,45.0,
205,client_f623b01661d4bfe4,content_b3684fd034d1f273,0.9364705882352942,Highest priority,weak average position,1.0,1.0,16.0,1.0
206,client_f623b01661d4bfe4,content_c33e29e63d10a992,0.9364705882352942,Highest priority,model-ranked signal combination,1.0,1.0,3.0,1.0
207,client_f623b01661d4bfe4,content_b589c670c71a5db2,0.9364705882352942,Highest priority,weak average position,1.0,1.0,58.0,1.0
208,client_f623b01661d4bfe4,content_4292467912f452cb,0.9364705882352942,Highest priority,model-ranked signal combination,1.0,1.0,1.0,1.0
209,client_cd12bcfd98942aa1,content_45b21e26eaa53525,0.9364705882352942,Highest priority,model-ranked signal combination,1.0,1.0,10.0,1.0
210,client_f623b01661d4bfe4,content_7d9c2bb43460c94d,0.9364705882352942,Highest priority,model-ranked signal combination,1.0,1.0,9.0,1.0
211,client_f623b01661d4bfe4,content_b11dddc3f12c8b25,0.9364705882352942,Highest priority,weak average position,1.0,1.0,47.0,1.0
212,client_f623b01661d4bfe4,content_cee93c82895cbd9b,0.9364705882352942,Highest priority,model-ranked signal combination,1.0,1.0,2.0,1.0
213,client_cd12bcfd98942aa1,content_9a5496694a583150,0.9364705882352942,Highest priority,weak average position,1.0,1.0,58.0,1.0
214,client_2094c6eb080311d5,content_a1ba84fda35d6fb5,0.9364705882352942,Highest priority,model-ranked signal combination,1.0,1.0,5.0,1.0
215,client_f623b01661d4bfe4,content_5d9c5b86895959de,0.9364705882352942,Highest priority,model-ranked signal combination,1.0,1.0,0.0,1.0
216,client_f623b01661d4bfe4,content_cbacda4977060687,0.9364705882352942,Highest priority,model-ranked signal combination,1.0,1.0,1.0,1.0
217,client_f623b01661d4bfe4,content_f4887eb4e7975c51,0.9364705882352942,Highest priority,model-ranked signal combination,1.0,1.0,7.0,
218,client_f623b01661d4bfe4,content_4fa145e34d62c97a,0.9364705882352942,Highest priority,model-ranked signal combination,1.0,1.0,6.0,1.0
219,client_2094c6eb080311d5,content_861d32aa457dfc12,0.7800095648015304,High priority,low CTR,136.0,0.007352941176470588,6.588235294117647,2.0
220,client_cd12bcfd98942aa1,content_879aba794ed2dbed,0.7800095648015304,High priority,low CTR,136.0,0.014705882352941176,7.294117647058823,5.0
221,client_0fa64a184f18a4a0,content_88c666578b8d2cfd,0.7800095648015304,High priority,low CTR,136.0,0.007352941176470588,7.639705882352941,1.0
222,client_2094c6eb080311d5,content_f6dd052d1d9e0b37,0.7800095648015304,High priority,low CTR; weak average position,135.0,0.007407407407407408,15.688888888888888,
223,client_9958f0a7ae1df715,content_241e365d44c82ddd,0.7800095648015304,High priority,low CTR; weak average position,135.0,0.014814814814814815,14.97037037037037,1.0
224,client_9958f0a7ae1df715,content_9a88e2d9d985eb0a,0.7800095648015304,High priority,low CTR; weak average position,135.0,0.022222222222222223,19.59259259259259,3.0
225,client_2094c6eb080311d5,content_a3302d7aac42cda7,0.7800095648015304,High priority,low CTR,134.0,0.022388059701492536,7.298507462686567,3.0
226,client_2094c6eb080311d5,content_0e14f4cf040213af,0.7800095648015304,High priority,low CTR; weak average position,134.0,0.007462686567164179,34.97761194029851,1.0
227,client_2094c6eb080311d5,content_aa3a985d70bd2d0a,0.7800095648015304,High priority,low CTR,134.0,0.014925373134328358,6.014925373134329,4.0
228,client_2094c6eb080311d5,content_48bc9cfc785e90f3,0.7800095648015304,High priority,low CTR,134.0,0.007462686567164179,4.865671641791045,5.0
229,client_9958f0a7ae1df715,content_79633d0bf95e9c18,0.7800095648015304,High priority,low CTR; weak average position,133.0,0.007518796992481203,51.41353383458647,1.0
230,client_2094c6eb080311d5,content_11a2e89de85ea818,0.7800095648015304,High priority,low CTR,133.0,0.007518796992481203,7.661654135338346,1.0
231,client_2094c6eb080311d5,content_1696131c8c10f3cd,0.7800095648015304,High priority,low CTR,133.0,0.022556390977443608,9.556390977443609,2.0
232,client_3f0ce4d44fe94f3d,content_d32be075aaac2c29,0.7800095648015304,High priority,low CTR,133.0,0.007518796992481203,2.8796992481203008,1.0
233,client_2094c6eb080311d5,content_ca8af42b4cf8504a,0.7800095648015304,High priority,low CTR; weak average position,132.0,0.007575757575757576,13.166666666666666,3.0
234,client_2094c6eb080311d5,content_fbba4047c2e16d1b,0.7800095648015304,High priority,low CTR,132.0,0.022727272727272728,6.3106060606060606,4.0
235,client_2094c6eb080311d5,content_a0d6651d001ba515,0.7800095648015304,High priority,low CTR,132.0,0.007575757575757576,6.583333333333333,1.0
236,client_2094c6eb080311d5,content_c7243e604d7481e4,0.7800095648015304,High priority,low CTR; weak average position,132.0,0.007575757575757576,25.174242424242426,1.0
237,client_3f0ce4d44fe94f3d,content_7c7456c64c486fe8,0.7800095648015304,High priority,low CTR,132.0,0.007575757575757576,5.507575757575758,
238,client_2094c6eb080311d5,content_62ce9ee190e83ecf,0.7800095648015304,High priority,low CTR,132.0,0.007575757575757576,4.21969696969697,1.0
239,client_3f0ce4d44fe94f3d,content_aa833637a6df3de6,0.7800095648015304,High priority,low CTR; weak average position,132.0,0.007575757575757576,17.325757575757574,
240,client_f623b01661d4bfe4,content_bcff2aa4c661a357,0.7800095648015304,High priority,low CTR,132.0,0.015151515151515152,8.886363636363637,3.0
241,client_2094c6eb080311d5,content_760e801df6b9afe7,0.7800095648015304,High priority,low CTR; weak average position,131.0,0.007633587786259542,44.93893129770992,21.0
242,client_9958f0a7ae1df715,content_f5e11209b398d173,0.7800095648015304,High priority,low CTR,131.0,0.007633587786259542,9.618320610687023,6.0
243,client_2094c6eb080311d5,content_ff5123ab1ff8d739,0.7800095648015304,High priority,low CTR,131.0,0.007633587786259542,7.076335877862595,4.0
244,client_0fa64a184f18a4a0,content_d9656121b936a454,0.7800095648015304,High priority,low CTR,131.0,0.015267175572519083,6.458015267175573,1.0
245,client_3f0ce4d44fe94f3d,content_e0de86bcbe5690c5,0.7800095648015304,High priority,low CTR,131.0,0.007633587786259542,8.244274809160306,1.0
246,client_0fa64a184f18a4a0,content_898b4f3c7eb2e4de,0.7800095648015304,High priority,low CTR,130.0,0.007692307692307693,9.946153846153846,1.0
247,client_9958f0a7ae1df715,content_93d06604da26b3a3,0.7800095648015304,High priority,low CTR; weak average position,130.0,0.007692307692307693,48.23076923076923,
248,client_0fa64a184f18a4a0,content_67901b389f941ef7,0.7800095648015304,High priority,low CTR,130.0,0.007692307692307693,2.253846153846154,2.0
249,client_cd12bcfd98942aa1,content_e3a9b15f235443ff,0.7800095648015304,High priority,low CTR; weak average position,130.0,0.007692307692307693,11.546153846153846,1.0
250,client_9958f0a7ae1df715,content_6bc3197c8c40f0c9,0.7800095648015304,High priority,low CTR; weak average position,130.0,0.023076923076923078,15.076923076923077,4.0
251,client_3f0ce4d44fe94f3d,content_1c9600bd6602c63f,0.7800095648015304,High priority,low CTR; weak average position,130.0,0.007692307692307693,62.96923076923077,
252,client_2094c6eb080311d5,content_b140577f80594f97,0.7800095648015304,High priority,low CTR,130.0,0.015384615384615385,4.6923076923076925,5.0
253,client_f623b01661d4bfe4,content_b66f6df0ea213e17,0.7800095648015304,High priority,low CTR; weak average position,129.0,0.015503875968992248,28.906976744186046,1.0
254,client_9958f0a7ae1df715,content_39be6f6e87c7b2a9,0.7800095648015304,High priority,low CTR; weak average position,129.0,0.015503875968992248,24.069767441860463,5.0
255,client_2094c6eb080311d5,content_79ff3491814c678a,0.7800095648015304,High priority,low CTR,129.0,0.015503875968992248,7.108527131782946,3.0
256,client_9958f0a7ae1df715,content_5c93f1b2b1845c5f,0.7800095648015304,High priority,low CTR; weak average position,129.0,0.007751937984496124,19.573643410852714,8.0
257,client_2094c6eb080311d5,content_a92e6e540897920c,0.7800095648015304,High priority,low CTR,128.0,0.0078125,8.15625,1.0
258,client_9958f0a7ae1df715,content_a48df5669df737fb,0.7800095648015304,High priority,low CTR; weak average position,128.0,0.0078125,11.8671875,3.0
259,client_2094c6eb080311d5,content_0f9e379bf31eb100,0.7800095648015304,High priority,low CTR,128.0,0.0078125,6.53125,
260,client_9958f0a7ae1df715,content_4dcfe9eefcadae59,0.7800095648015304,High priority,low CTR; weak average position,128.0,0.0078125,10.5234375,2.0
261,client_9958f0a7ae1df715,content_887aaa29468d0df6,0.7800095648015304,High priority,low CTR; weak average position,128.0,0.0078125,39.921875,2.0
262,client_9958f0a7ae1df715,content_3616527bae59c584,0.7800095648015304,High priority,low CTR; weak average position,128.0,0.0078125,32.9375,3.0
263,client_9958f0a7ae1df715,content_3f77780ee5479f4e,0.7800095648015304,High priority,low CTR; weak average position,128.0,0.0078125,58.7578125,1.0
264,client_2094c6eb080311d5,content_8abf4fdc62aaa521,0.7800095648015304,High priority,low CTR,128.0,0.0078125,6.9375,3.0
265,client_0fa64a184f18a4a0,content_e97c0f45d527e434,0.7800095648015304,High priority,low CTR; weak average position,128.0,0.0078125,10.2421875,1.0
266,client_2094c6eb080311d5,content_8a2e846401128ef7,0.7800095648015304,High priority,low CTR; weak average position,128.0,0.0078125,15.5703125,2.0
267,client_3f0ce4d44fe94f3d,content_aa73eac411ff1c51,0.7800095648015304,High priority,low CTR,128.0,0.0078125,6.9609375,
268,client_2094c6eb080311d5,content_ea4e8af616a101d3,0.7800095648015304,High priority,low CTR; weak average position,128.0,0.0078125,22.4765625,
269,client_9958f0a7ae1df715,content_fbb1339100bd5e5b,0.7800095648015304,High priority,low CTR; weak average position,127.0,0.007874015748031496,14.952755905511811,1.0
270,client_2094c6eb080311d5,content_a34fd44820e77a57,0.7800095648015304,High priority,low CTR,127.0,0.007874015748031496,6.0078740157480315,3.0
271,client_cd12bcfd98942aa1,content_9f318907b8018452,0.7800095648015304,High priority,low CTR,127.0,0.007874015748031496,7.834645669291339,1.0
272,client_3f0ce4d44fe94f3d,content_5cdfa08e32f8ee79,0.7800095648015304,High priority,low CTR,127.0,0.007874015748031496,9.4251968503937,
273,client_3f0ce4d44fe94f3d,content_c49e75ea950e143d,0.7800095648015304,High priority,low CTR; weak average position,127.0,0.007874015748031496,11.929133858267717,1.0
274,client_0fa64a184f18a4a0,content_57321e34420ff34a,0.7800095648015304,High priority,low CTR,126.0,0.007936507936507936,5.9603174603174605,1.0
275,client_9958f0a7ae1df715,content_5b5f3d44e3d5a8c8,0.7800095648015304,High priority,low CTR,126.0,0.015873015873015872,5.523809523809524,6.0
276,client_3f0ce4d44fe94f3d,content_07de5e00fc5cd062,0.7800095648015304,High priority,low CTR,126.0,0.007936507936507936,6.214285714285714,1.0
277,client_9958f0a7ae1df715,content_564f90110f44d2aa,0.7800095648015304,High priority,low CTR; weak average position,126.0,0.007936507936507936,36.46825396825397,5.0
278,client_9958f0a7ae1df715,content_25a71c3076b62c43,0.7800095648015304,High priority,low CTR; weak average position,126.0,0.007936507936507936,25.5,
279,client_f623b01661d4bfe4,content_5d09c33992024f14,0.7800095648015304,High priority,low CTR; weak average position,126.0,0.007936507936507936,51.23809523809524,1.0
280,client_9958f0a7ae1df715,content_a9c2a933f605af9e,0.7800095648015304,High priority,low CTR; weak average position,126.0,0.007936507936507936,13.817460317460318,1.0
281,client_f623b01661d4bfe4,content_fafa6357426cd829,0.7800095648015304,High priority,low CTR; weak average position,126.0,0.007936507936507936,62.19047619047619,1.0
282,client_9958f0a7ae1df715,content_c663b6e6c3052d5b,0.7800095648015304,High priority,low CTR; weak average position,125.0,0.016,14.912,2.0
283,client_2094c6eb080311d5,content_f5ed972a40b54e19,0.7800095648015304,High priority,low CTR,125.0,0.008,7.76,2.0
284,client_3f0ce4d44fe94f3d,content_b630678441025a49,0.7800095648015304,High priority,low CTR,125.0,0.008,4.944,1.0
285,client_2094c6eb080311d5,content_e568ee7b3a896894,0.7800095648015304,High priority,low CTR; weak average position,125.0,0.016,15.72,7.0
286,client_2094c6eb080311d5,content_2427c666edc9187d,0.7800095648015304,High priority,low CTR; weak average position,125.0,0.008,52.408,1.0
287,client_3f0ce4d44fe94f3d,content_aebe2f59163a7889,0.7800095648015304,High priority,low CTR,125.0,0.008,9.424,1.0
288,client_0fa64a184f18a4a0,content_20f45441bbe29dc5,0.7800095648015304,High priority,low CTR,125.0,0.008,3.592,3.0
289,client_cd12bcfd98942aa1,content_1e2732dd9d68bd1c,0.7800095648015304,High priority,low CTR,124.0,0.008064516129032258,5.709677419354839,1.0
290,client_9958f0a7ae1df715,content_01013908ecf0b025,0.7800095648015304,High priority,low CTR; weak average position,124.0,0.03225806451612903,30.677419354838708,2.0
291,client_9958f0a7ae1df715,content_1a1b121694b32b63,0.7800095648015304,High priority,low CTR,124.0,0.016129032258064516,5.588709677419355,2.0
292,client_f623b01661d4bfe4,content_d957f0f71b23e023,0.7800095648015304,High priority,low CTR; weak average position,124.0,0.04838709677419355,46.314516129032256,7.0
293,client_0fa64a184f18a4a0,content_43a3d2133a7477fa,0.7800095648015304,High priority,low CTR,124.0,0.016129032258064516,4.387096774193548,1.0
294,client_9958f0a7ae1df715,content_d0216c8ab6f6d0a4,0.7800095648015304,High priority,low CTR; weak average position,124.0,0.008064516129032258,24.10483870967742,2.0
295,client_9958f0a7ae1df715,content_74c0529de829dfb5,0.7800095648015304,High priority,low CTR,124.0,0.008064516129032258,7.217741935483871,3.0
296,client_0fa64a184f18a4a0,content_914f4e75754e3d12,0.7800095648015304,High priority,low CTR,123.0,0.008130081300813009,2.3252032520325203,1.0
297,client_3f0ce4d44fe94f3d,content_3b836a6b25fd8c18,0.7800095648015304,High priority,low CTR; weak average position,123.0,0.008130081300813009,20.21951219512195,1.0
298,client_3f0ce4d44fe94f3d,content_280aaf0729ebdf99,0.7800095648015304,High priority,low CTR,123.0,0.008130081300813009,6.991869918699187,2.0
299,client_cd12bcfd98942aa1,content_14ca55bb0be32949,0.7800095648015304,High priority,low CTR,123.0,0.024390243902439025,5.91869918699187,6.0
300,client_f623b01661d4bfe4,content_cdbf00ce4999800f,0.7800095648015304,High priority,weak average position,123.0,0.056910569105691054,23.170731707317074,6.0
301,client_f623b01661d4bfe4,content_72ca9a35739e08fd,0.7800095648015304,High priority,low CTR; weak average position,123.0,0.008130081300813009,60.5609756097561,1.0
302,client_2094c6eb080311d5,content_14286bce96a0df63,0.7800095648015304,High priority,low CTR; weak average position,123.0,0.008130081300813009,10.455284552845528,4.0
303,client_2094c6eb080311d5,content_14c17f59aa610ab3,0.7800095648015304,High priority,low CTR,122.0,0.01639344262295082,4.532786885245901,2.0
304,client_2094c6eb080311d5,content_da5a38acb9d92a5d,0.7800095648015304,High priority,low CTR,122.0,0.01639344262295082,7.10655737704918,1.0
305,client_3f0ce4d44fe94f3d,content_be9e8feed911db22,0.7800095648015304,High priority,low CTR,122.0,0.00819672131147541,8.87704918032787,
306,client_0fa64a184f18a4a0,content_3754515e9fed58e0,0.7800095648015304,High priority,low CTR,122.0,0.00819672131147541,2.2459016393442623,1.0
307,client_9958f0a7ae1df715,content_389e8d069d758a9c,0.7800095648015304,High priority,low CTR; weak average position,121.0,0.008264462809917356,15.099173553719009,1.0
308,client_2094c6eb080311d5,content_cfdc029a72e5c5a4,0.7800095648015304,High priority,low CTR,121.0,0.01652892561983471,5.2809917355371905,5.0
309,client_2094c6eb080311d5,content_2c42dba3bcbbb252,0.7800095648015304,High priority,low CTR,121.0,0.01652892561983471,5.975206611570248,2.0
310,client_2094c6eb080311d5,content_b2614bd6bf5d6590,0.7800095648015304,High priority,low CTR,120.0,0.008333333333333333,8.116666666666667,27.0
311,client_f623b01661d4bfe4,content_41ab4590a479178a,0.7800095648015304,High priority,low CTR; weak average position,120.0,0.008333333333333333,27.65,1.0
312,client_2094c6eb080311d5,content_57c816ef8a083bfd,0.7800095648015304,High priority,low CTR,120.0,0.016666666666666666,7.608333333333333,2.0
313,client_2094c6eb080311d5,content_d82a523d893195ba,0.7800095648015304,High priority,low CTR; weak average position,120.0,0.008333333333333333,36.4,1.0
314,client_3f0ce4d44fe94f3d,content_6b61448195f821d1,0.7800095648015304,High priority,low CTR; weak average position,120.0,0.008333333333333333,11.391666666666667,1.0
315,client_9958f0a7ae1df715,content_091e559115eba402,0.7800095648015304,High priority,low CTR,119.0,0.008403361344537815,5.319327731092437,1.0
316,client_2094c6eb080311d5,content_ef920fa8746dad97,0.7800095648015304,High priority,low CTR; weak average position,119.0,0.01680672268907563,25.26050420168067,1.0
317,client_cd12bcfd98942aa1,content_721c0b24723f7afa,0.7800095648015304,High priority,low CTR,119.0,0.008403361344537815,6.436974789915967,2.0
318,client_f623b01661d4bfe4,content_ea1cf00d91b6ab55,0.7800095648015304,High priority,low CTR; weak average position,118.0,0.03389830508474576,48.110169491525426,4.0
319,client_2094c6eb080311d5,content_1183f4a6b689e7a8,0.7800095648015304,High priority,low CTR,118.0,0.00847457627118644,5.822033898305085,3.0
320,client_0fa64a184f18a4a0,content_bd04449808fe3c7f,0.7800095648015304,High priority,low CTR,118.0,0.01694915254237288,5.296610169491525,2.0
321,client_0fa64a184f18a4a0,content_e798e22c6c1646ba,0.7800095648015304,High priority,low CTR,118.0,0.01694915254237288,4.169491525423729,2.0
322,client_2094c6eb080311d5,content_810b9aba3a15a47c,0.7800095648015304,High priority,low CTR,118.0,0.00847457627118644,6.194915254237288,9.0
323,client_2094c6eb080311d5,content_bd6a31d14cf97c1a,0.7800095648015304,High priority,low CTR; weak average position,118.0,0.00847457627118644,28.194915254237287,1.0
324,client_0fa64a184f18a4a0,content_b619098c17572ef4,0.7800095648015304,High priority,low CTR; weak average position,118.0,0.00847457627118644,15.542372881355933,1.0
325,client_2094c6eb080311d5,content_e0c99b37982f253e,0.7800095648015304,High priority,low CTR; weak average position,118.0,0.00847457627118644,24.71186440677966,1.0
326,client_0fa64a184f18a4a0,content_034e66acfcbbee13,0.7800095648015304,High priority,low CTR,118.0,0.00847457627118644,3.2288135593220337,1.0
327,client_2094c6eb080311d5,content_4e5a3686fd9fa0de,0.7800095648015304,High priority,low CTR,118.0,0.00847457627118644,8.576271186440678,3.0
328,client_9958f0a7ae1df715,content_e54599c7317c046d,0.7800095648015304,High priority,low CTR; weak average position,118.0,0.00847457627118644,23.85593220338983,5.0
329,client_2094c6eb080311d5,content_5bd9c94b23a7d053,0.7800095648015304,High priority,low CTR,117.0,0.017094017094017096,6.435897435897436,2.0
330,client_3f0ce4d44fe94f3d,content_0305540410131800,0.7800095648015304,High priority,low CTR,117.0,0.008547008547008548,3.9145299145299144,
331,client_2094c6eb080311d5,content_b0b61250f2a7358e,0.7800095648015304,High priority,low CTR; weak average position,117.0,0.008547008547008548,10.726495726495726,1.0
332,client_3f0ce4d44fe94f3d,content_2665bbcc4edb2eeb,0.7800095648015304,High priority,low CTR,117.0,0.008547008547008548,5.564102564102564,
333,client_3f0ce4d44fe94f3d,content_0a859cc764d51583,0.7800095648015304,High priority,low CTR,117.0,0.008547008547008548,4.495726495726496,
334,client_3f0ce4d44fe94f3d,content_d9b614e3165c1309,0.7800095648015304,High priority,low CTR,117.0,0.017094017094017096,4.017094017094017,
335,client_2094c6eb080311d5,content_470f4aed014d3d4a,0.7800095648015304,High priority,low CTR,117.0,0.008547008547008548,4.188034188034188,4.0
336,client_2094c6eb080311d5,content_c25a3ddc5478a05b,0.7800095648015304,High priority,low CTR,116.0,0.008620689655172414,7.793103448275862,1.0
337,client_2094c6eb080311d5,content_97d997dd2a186a4d,0.7800095648015304,High priority,low CTR; weak average position,116.0,0.008620689655172414,32.560344827586206,2.0
338,client_2094c6eb080311d5,content_c386ef3df741cc29,0.7800095648015304,High priority,low CTR; weak average position,116.0,0.008620689655172414,11.508620689655173,2.0
339,client_2094c6eb080311d5,content_97ab44dbba017385,0.7800095648015304,High priority,low CTR; weak average position,116.0,0.008620689655172414,11.637931034482758,2.0
340,client_0fa64a184f18a4a0,content_8c26573018addaa2,0.7800095648015304,High priority,low CTR,116.0,0.017241379310344827,2.043103448275862,1.0
341,client_0fa64a184f18a4a0,content_36ca665f7287f380,0.7800095648015304,High priority,low CTR,116.0,0.008620689655172414,2.9482758620689653,1.0
342,client_9958f0a7ae1df715,content_a4eb17cfb0406049,0.7800095648015304,High priority,low CTR; weak average position,115.0,0.008695652173913044,25.347826086956523,1.0
343,client_f623b01661d4bfe4,content_1e065694e931b022,0.7800095648015304,High priority,low CTR; weak average position,115.0,0.008695652173913044,70.34782608695652,1.0
344,client_9958f0a7ae1df715,content_ea2ccd069e9caaf7,0.7800095648015304,High priority,low CTR,115.0,0.008695652173913044,7.269565217391304,1.0
345,client_9958f0a7ae1df715,content_b2fc7e356e54ea4c,0.7800095648015304,High priority,low CTR; weak average position,115.0,0.017391304347826087,14.956521739130435,2.0
346,client_9958f0a7ae1df715,content_2c790f31638e1bb7,0.7800095648015304,High priority,low CTR; weak average position,115.0,0.02608695652173913,16.05217391304348,7.0
347,client_2094c6eb080311d5,content_cc1ae1f3161e4062,0.7800095648015304,High priority,low CTR,115.0,0.02608695652173913,8.617391304347827,4.0
348,client_cd12bcfd98942aa1,content_cb4f867acc1b965c,0.7800095648015304,High priority,low CTR,115.0,0.017391304347826087,6.0,3.0
349,client_2094c6eb080311d5,content_4b21079f0fdbb0ba,0.7800095648015304,High priority,low CTR,114.0,0.008771929824561403,5.491228070175438,1.0
350,client_9958f0a7ae1df715,content_fcabe2a166a86500,0.7800095648015304,High priority,low CTR; weak average position,114.0,0.008771929824561403,21.385964912280702,3.0
351,client_9958f0a7ae1df715,content_91f2d8178abba3c9,0.7800095648015304,High priority,low CTR,114.0,0.008771929824561403,9.359649122807017,1.0
352,client_2094c6eb080311d5,content_cfd22fe640841301,0.7800095648015304,High priority,low CTR,114.0,0.02631578947368421,8.543859649122806,3.0
353,client_3f0ce4d44fe94f3d,content_cfa9062412269835,0.7800095648015304,High priority,low CTR,113.0,0.017699115044247787,5.504424778761062,2.0
354,client_2094c6eb080311d5,content_84d31da93d375bcf,0.7800095648015304,High priority,low CTR,113.0,0.008849557522123894,5.725663716814159,1.0
355,client_2094c6eb080311d5,content_4666423025b3e8f8,0.7800095648015304,High priority,low CTR; weak average position,113.0,0.008849557522123894,40.43362831858407,1.0
356,client_0fa64a184f18a4a0,content_04d6834876918a81,0.7800095648015304,High priority,low CTR,113.0,0.017699115044247787,3.495575221238938,1.0
357,client_2094c6eb080311d5,content_bbd61a32160fb00a,0.7800095648015304,High priority,low CTR,112.0,0.008928571428571428,9.982142857142858,2.0
358,client_3f0ce4d44fe94f3d,content_50952dad10e12b76,0.7800095648015304,High priority,low CTR; weak average position,112.0,0.008928571428571428,34.223214285714285,1.0
359,client_3f0ce4d44fe94f3d,content_1c308d558b71c087,0.7800095648015304,High priority,low CTR; weak average position,112.0,0.008928571428571428,23.830357142857142,1.0
360,client_9958f0a7ae1df715,content_657002e010da2f9a,0.7800095648015304,High priority,low CTR,112.0,0.017857142857142856,8.330357142857142,5.0
361,client_cd12bcfd98942aa1,content_be62f2d4be5548c5,0.7800095648015304,High priority,low CTR,112.0,0.008928571428571428,3.767857142857143,2.0
362,client_9958f0a7ae1df715,content_bcd805b17e5fa3e4,0.7800095648015304,High priority,low CTR; weak average position,111.0,0.009009009009009009,45.513513513513516,2.0
363,client_3f0ce4d44fe94f3d,content_9d4445473e6e0412,0.7800095648015304,High priority,low CTR; weak average position,111.0,0.018018018018018018,16.234234234234233,
364,client_9958f0a7ae1df715,content_8e970431af7a29a9,0.7800095648015304,High priority,low CTR; weak average position,111.0,0.009009009009009009,21.72972972972973,2.0
365,client_2094c6eb080311d5,content_6b6b1f1cf3697bab,0.7800095648015304,High priority,low CTR,111.0,0.036036036036036036,5.378378378378378,3.0
366,client_2094c6eb080311d5,content_debc26383aff5dbe,0.7800095648015304,High priority,low CTR,111.0,0.009009009009009009,8.234234234234235,1.0
367,client_0fa64a184f18a4a0,content_12be538d192ff61b,0.7800095648015304,High priority,low CTR,111.0,0.009009009009009009,2.5495495495495497,
368,client_2094c6eb080311d5,content_b95011d44b176c1a,0.7800095648015304,High priority,low CTR; weak average position,111.0,0.009009009009009009,10.82882882882883,1.0
369,client_9958f0a7ae1df715,content_6950808a9119961f,0.7800095648015304,High priority,low CTR; weak average position,111.0,0.018018018018018018,27.0,3.0
370,client_2094c6eb080311d5,content_055d4079d587e778,0.7800095648015304,High priority,model-ranked signal combination,111.0,0.07207207207207207,4.882882882882883,9.0
371,client_9958f0a7ae1df715,content_bcf6f851addea86f,0.7800095648015304,High priority,low CTR; weak average position,111.0,0.009009009009009009,21.036036036036037,4.0
372,client_2094c6eb080311d5,content_007b81bb06927751,0.7800095648015304,High priority,low CTR; weak average position,111.0,0.009009009009009009,21.396396396396398,2.0
373,client_9958f0a7ae1df715,content_664671b8d77eb827,0.7800095648015304,High priority,low CTR,110.0,0.00909090909090909,9.654545454545454,1.0
374,client_cd12bcfd98942aa1,content_ad4e7050b528a423,0.7800095648015304,High priority,low CTR,110.0,0.00909090909090909,5.963636363636364,1.0
375,client_2094c6eb080311d5,content_abeb0138fd6d85c0,0.7800095648015304,High priority,low CTR; weak average position,110.0,0.01818181818181818,12.754545454545454,2.0
376,client_3f0ce4d44fe94f3d,content_d4d3c193c2a6a1b1,0.7800095648015304,High priority,low CTR,109.0,0.009174311926605505,8.082568807339449,
377,client_9958f0a7ae1df715,content_845fb45ac90c45a2,0.7800095648015304,High priority,low CTR; weak average position,109.0,0.009174311926605505,37.27522935779817,
378,client_2094c6eb080311d5,content_5da0e2f14a96a9e2,0.7800095648015304,High priority,low CTR,109.0,0.009174311926605505,5.697247706422019,
379,client_2094c6eb080311d5,content_4c401b25b36e650a,0.7800095648015304,High priority,low CTR; weak average position,109.0,0.009174311926605505,22.908256880733944,
380,client_3f0ce4d44fe94f3d,content_41433fba1e130e03,0.7800095648015304,High priority,low CTR,109.0,0.009174311926605505,5.302752293577981,
381,client_0fa64a184f18a4a0,content_66c5311d0a5d4486,0.7800095648015304,High priority,low CTR; weak average position,109.0,0.009174311926605505,12.0,
382,client_2094c6eb080311d5,content_54186ad77591ab22,0.7800095648015304,High priority,low CTR; weak average position,109.0,0.01834862385321101,22.844036697247706,2.0
383,client_2094c6eb080311d5,content_c9add4e7a1330e6b,0.7800095648015304,High priority,low CTR,109.0,0.027522935779816515,5.5504587155963305,3.0
384,client_2094c6eb080311d5,content_74fe4aabd33a8f98,0.7800095648015304,High priority,low CTR,109.0,0.009174311926605505,6.605504587155964,1.0
385,client_9958f0a7ae1df715,content_f62588d636f13a7f,0.7800095648015304,High priority,low CTR; weak average position,109.0,0.009174311926605505,49.79816513761468,1.0
386,client_2094c6eb080311d5,content_2eddefe59783eedc,0.7800095648015304,High priority,low CTR; weak average position,109.0,0.009174311926605505,29.275229357798164,1.0
387,client_2094c6eb080311d5,content_3e3596993fe98546,0.7800095648015304,High priority,low CTR,108.0,0.046296296296296294,5.944444444444445,14.0
388,client_9958f0a7ae1df715,content_ae4d890e841a153b,0.7800095648015304,High priority,low CTR; weak average position,108.0,0.009259259259259259,39.80555555555556,1.0
389,client_cd12bcfd98942aa1,content_9da4bb4be41cd2f9,0.7800095648015304,High priority,low CTR,108.0,0.009259259259259259,7.462962962962963,1.0
390,client_9958f0a7ae1df715,content_ce8a882f4228911c,0.7800095648015304,High priority,low CTR; weak average position,108.0,0.009259259259259259,36.28703703703704,5.0
391,client_9958f0a7ae1df715,content_7b8c3cbfb829fa6f,0.7800095648015304,High priority,low CTR; weak average position,108.0,0.018518518518518517,14.546296296296296,1.0
392,client_2094c6eb080311d5,content_ff02d8a5e574b1ea,0.7800095648015304,High priority,model-ranked signal combination,108.0,0.05555555555555555,3.324074074074074,7.0
393,client_2094c6eb080311d5,content_ce6951a3e5cb1ff0,0.7800095648015304,High priority,low CTR,108.0,0.018518518518518517,8.092592592592593,7.0
394,client_0fa64a184f18a4a0,content_2b95244c06d45140,0.7800095648015304,High priority,low CTR,107.0,0.009345794392523364,5.0,1.0
395,client_3f0ce4d44fe94f3d,content_4c95671f44d0c036,0.7800095648015304,High priority,low CTR,107.0,0.037383177570093455,7.009345794392523,4.0
396,client_2094c6eb080311d5,content_6d7a9c1198248db5,0.7800095648015304,High priority,low CTR; weak average position,107.0,0.009345794392523364,20.91588785046729,1.0
397,client_2094c6eb080311d5,content_e9dbfcd13f6243f9,0.7800095648015304,High priority,low CTR,107.0,0.018691588785046728,7.4672897196261685,1.0
398,client_f623b01661d4bfe4,content_d359e26e27260345,0.7800095648015304,High priority,low CTR; weak average position,107.0,0.04672897196261682,12.607476635514018,4.0
399,client_3f0ce4d44fe94f3d,content_6d03ab406af9f8a6,0.7800095648015304,High priority,low CTR; weak average position,107.0,0.009345794392523364,14.822429906542055,
400,client_2094c6eb080311d5,content_bb17d56d2ad103af,0.7800095648015304,High priority,low CTR,106.0,0.009433962264150943,8.50943396226415,8.0
401,client_2094c6eb080311d5,content_43c7e05f95464b3f,0.7800095648015304,High priority,low CTR,106.0,0.02830188679245283,5.933962264150943,5.0
402,client_2094c6eb080311d5,content_80f90e44f080a3b2,0.7800095648015304,High priority,low CTR,106.0,0.009433962264150943,7.443396226415095,2.0
403,client_2094c6eb080311d5,content_0931d5c0a316d30b,0.7800095648015304,High priority,low CTR; weak average position,106.0,0.009433962264150943,35.75471698113208,
404,client_3f0ce4d44fe94f3d,content_3de7ce03395d00bd,0.7800095648015304,High priority,low CTR; weak average position,106.0,0.018867924528301886,16.669811320754718,1.0
405,client_f623b01661d4bfe4,content_25c696bb1ba9159e,0.7800095648015304,High priority,low CTR; weak average position,106.0,0.009433962264150943,30.764150943396228,
406,client_2094c6eb080311d5,content_0bf6094f08544933,0.7800095648015304,High priority,low CTR; weak average position,105.0,0.009523809523809525,54.12380952380953,1.0
407,client_cd12bcfd98942aa1,content_d6a6fac8668a76d9,0.7800095648015304,High priority,low CTR,105.0,0.009523809523809525,6.352380952380952,2.0
408,client_2094c6eb080311d5,content_a39f95f1c03f6cdc,0.7800095648015304,High priority,low CTR; weak average position,105.0,0.009523809523809525,16.01904761904762,1.0
409,client_9958f0a7ae1df715,content_c4f37343ab0fe3d8,0.7800095648015304,High priority,low CTR; weak average position,105.0,0.01904761904761905,16.457142857142856,4.0
410,client_2094c6eb080311d5,content_c3a5136825ce132e,0.7800095648015304,High priority,low CTR,105.0,0.01904761904761905,9.866666666666667,1.0
411,client_3f0ce4d44fe94f3d,content_f715b9372ea12314,0.7800095648015304,High priority,low CTR; weak average position,105.0,0.009523809523809525,13.285714285714286,1.0
412,client_2094c6eb080311d5,content_b48825a0e72b354c,0.7800095648015304,High priority,low CTR,104.0,0.019230769230769232,6.4326923076923075,2.0
413,client_2094c6eb080311d5,content_f95bc98050e5d525,0.7800095648015304,High priority,low CTR; weak average position,104.0,0.009615384615384616,57.01923076923077,1.0
414,client_2094c6eb080311d5,content_3ed5cd4a701147fc,0.7800095648015304,High priority,low CTR,104.0,0.019230769230769232,2.3846153846153846,2.0
415,client_9958f0a7ae1df715,content_898a0c39fcac7a19,0.7800095648015304,High priority,low CTR; weak average position,104.0,0.009615384615384616,45.66346153846154,1.0
416,client_9958f0a7ae1df715,content_5f1e7b58f80f7ebf,0.7800095648015304,High priority,low CTR; weak average position,104.0,0.009615384615384616,14.663461538461538,3.0
417,client_9958f0a7ae1df715,content_e5e460e0330d9a6a,0.7800095648015304,High priority,low CTR; weak average position,104.0,0.009615384615384616,48.94230769230769,1.0
418,client_9958f0a7ae1df715,content_d0595f96be4923bd,0.7800095648015304,High priority,low CTR; weak average position,104.0,0.009615384615384616,49.00961538461539,1.0
419,client_def0955f7a377868,content_46cc029dc26b911a,0.7800095648015304,High priority,low CTR,104.0,0.009615384615384616,8.76923076923077,1.0
420,client_9958f0a7ae1df715,content_bcae9b20b2536a50,0.7800095648015304,High priority,low CTR; weak average position,104.0,0.009615384615384616,18.48076923076923,1.0
421,client_2094c6eb080311d5,content_51e859ee50a8b01d,0.7800095648015304,High priority,low CTR,103.0,0.02912621359223301,5.378640776699029,5.0
422,client_2094c6eb080311d5,content_bc79c826c2234f81,0.7800095648015304,High priority,low CTR; weak average position,103.0,0.009708737864077669,44.04854368932039,1.0
423,client_2094c6eb080311d5,content_c7a4de9d251c5c7a,0.7800095648015304,High priority,low CTR,103.0,0.009708737864077669,8.368932038834952,2.0
424,client_2094c6eb080311d5,content_f09b21751c07f760,0.7800095648015304,High priority,low CTR,103.0,0.009708737864077669,7.912621359223301,1.0
425,client_2094c6eb080311d5,content_695e6d1077c25c45,0.7800095648015304,High priority,low CTR; weak average position,103.0,0.009708737864077669,23.718446601941746,
426,client_2094c6eb080311d5,content_812f47dbacf37a4d,0.7800095648015304,High priority,low CTR,103.0,0.009708737864077669,8.194174757281553,6.0
427,client_3f0ce4d44fe94f3d,content_bce66a1295097128,0.7800095648015304,High priority,low CTR,103.0,0.009708737864077669,1.825242718446602,2.0
428,client_3f0ce4d44fe94f3d,content_db650589ef4e5bff,0.7800095648015304,High priority,low CTR; weak average position,103.0,0.009708737864077669,26.33009708737864,
429,client_9958f0a7ae1df715,content_411bd8acede7f2af,0.7800095648015304,High priority,low CTR,103.0,0.009708737864077669,8.737864077669903,3.0
430,client_2094c6eb080311d5,content_31db8638bb890c8f,0.7800095648015304,High priority,low CTR,102.0,0.00980392156862745,6.46078431372549,4.0
431,client_2094c6eb080311d5,content_746a3ffb3ca468cb,0.7800095648015304,High priority,low CTR,102.0,0.00980392156862745,8.637254901960784,2.0
432,client_2094c6eb080311d5,content_ef55f311c1cdec39,0.7800095648015304,High priority,low CTR; weak average position,102.0,0.00980392156862745,26.637254901960784,1.0
433,client_2094c6eb080311d5,content_1d46270f6a63a551,0.7800095648015304,High priority,low CTR,102.0,0.00980392156862745,6.049019607843137,4.0
434,client_cd12bcfd98942aa1,content_8904546aeccafcd7,0.7800095648015304,High priority,low CTR; weak average position,101.0,0.009900990099009901,12.306930693069306,4.0
435,client_3f0ce4d44fe94f3d,content_500beb2ec9a10555,0.7800095648015304,High priority,low CTR,101.0,0.009900990099009901,9.297029702970297,1.0
436,client_9958f0a7ae1df715,content_c410563946918632,0.7800095648015304,High priority,low CTR; weak average position,101.0,0.019801980198019802,12.653465346534654,3.0
437,client_cd12bcfd98942aa1,content_92345456c9b65a7d,0.7800095648015304,High priority,low CTR; weak average position,101.0,0.009900990099009901,12.0,1.0
438,client_9958f0a7ae1df715,content_b6d49be40fcf98ca,0.7800095648015304,High priority,low CTR; weak average position,101.0,0.009900990099009901,44.56435643564357,2.0
439,client_2094c6eb080311d5,content_b735aae3980fc368,0.7800095648015304,High priority,low CTR,101.0,0.009900990099009901,8.683168316831683,1.0
440,client_2094c6eb080311d5,content_40f4f7000b591c74,0.7800095648015304,High priority,low CTR,101.0,0.009900990099009901,4.99009900990099,1.0
441,client_3f0ce4d44fe94f3d,content_9461a04b3d0a9dd6,0.7800095648015304,High priority,low CTR; weak average position,101.0,0.009900990099009901,14.118811881188119,
442,client_3f0ce4d44fe94f3d,content_cf947be78273ce20,0.7800095648015304,High priority,low CTR; weak average position,101.0,0.009900990099009901,19.316831683168317,1.0
443,client_2094c6eb080311d5,content_71d74024e5fb207a,0.7800095648015304,High priority,low CTR; weak average position,101.0,0.009900990099009901,12.376237623762377,6.0
444,client_3f0ce4d44fe94f3d,content_9dce016e9eb9700a,0.7800095648015304,High priority,low CTR,101.0,0.009900990099009901,5.792079207920792,
445,client_2094c6eb080311d5,content_4a2e45a9047bada6,0.7800095648015304,High priority,low CTR,100.0,0.02,3.58,3.0
446,client_9958f0a7ae1df715,content_e3075190980c23b8,0.7800095648015304,High priority,low CTR; weak average position,100.0,0.01,16.61,2.0
447,client_f623b01661d4bfe4,content_d2ea9d7a35920d9c,0.7800095648015304,High priority,low CTR; weak average position,100.0,0.02,67.42,2.0
448,client_2094c6eb080311d5,content_5359df95785b5901,0.7800095648015304,High priority,low CTR,100.0,0.02,5.94,2.0
449,client_9958f0a7ae1df715,content_b1ed5bcf526e7680,0.7800095648015304,High priority,low CTR; weak average position,100.0,0.02,42.88,10.0
450,client_9958f0a7ae1df715,content_a416226cd2cebe9e,0.7800095648015304,High priority,low CTR; weak average position,100.0,0.01,24.38,1.0
451,client_2094c6eb080311d5,content_6af932cbd707d6f8,0.7800095648015304,High priority,low CTR,100.0,0.02,8.33,19.0
452,client_cd12bcfd98942aa1,content_8cab6f51713ee5dc,0.7800095648015304,High priority,low CTR,99.0,0.010101010101010102,9.05050505050505,1.0
453,client_cd12bcfd98942aa1,content_d91d88513a554060,0.7800095648015304,High priority,low CTR,99.0,0.010101010101010102,6.777777777777778,2.0
454,client_2094c6eb080311d5,content_a8a4f95628580397,0.7800095648015304,High priority,low CTR; weak average position,99.0,0.010101010101010102,18.626262626262626,8.0
455,client_2094c6eb080311d5,content_d80b7e71cfea82a0,0.7800095648015304,High priority,low CTR,99.0,0.010101010101010102,8.747474747474747,1.0
456,client_0fa64a184f18a4a0,content_02bac354b994194e,0.7800095648015304,High priority,low CTR,99.0,0.020202020202020204,4.171717171717172,2.0
457,client_9958f0a7ae1df715,content_ba2f26e4e894f5cf,0.7800095648015304,High priority,low CTR; weak average position,99.0,0.010101010101010102,55.303030303030305,1.0
458,client_2094c6eb080311d5,content_3f26b3d143f82b38,0.7800095648015304,High priority,low CTR; weak average position,99.0,0.020202020202020204,16.02020202020202,16.0
459,client_2094c6eb080311d5,content_ea3cb0982fa8da23,0.7800095648015304,High priority,low CTR; weak average position,99.0,0.010101010101010102,13.171717171717171,
460,client_9958f0a7ae1df715,content_65ef57e880f17408,0.7800095648015304,High priority,low CTR,99.0,0.010101010101010102,8.02020202020202,1.0
461,client_2094c6eb080311d5,content_685ef4d1f1fdb9ba,0.7800095648015304,High priority,low CTR,98.0,0.02040816326530612,7.76530612244898,2.0
462,client_0fa64a184f18a4a0,content_df2a8bc866f49573,0.7800095648015304,High priority,low CTR,98.0,0.01020408163265306,7.204081632653061,1.0
463,client_9958f0a7ae1df715,content_2e92bc6368f32953,0.7800095648015304,High priority,low CTR; weak average position,98.0,0.01020408163265306,30.806122448979593,3.0
464,client_0fa64a184f18a4a0,content_0e9a24abbc2edfc7,0.7800095648015304,High priority,low CTR,98.0,0.01020408163265306,4.744897959183674,1.0
465,client_2094c6eb080311d5,content_edb7ffc266bf853f,0.7800095648015304,High priority,low CTR; weak average position,98.0,0.01020408163265306,20.897959183673468,1.0
466,client_3f0ce4d44fe94f3d,content_d75dee7adcfa6ac5,0.7800095648015304,High priority,low CTR,98.0,0.01020408163265306,5.091836734693878,2.0
467,client_2094c6eb080311d5,content_941e9c13c30ef101,0.7800095648015304,High priority,low CTR; weak average position,98.0,0.01020408163265306,32.40816326530612,2.0
468,client_9958f0a7ae1df715,content_45a1b9d577625940,0.7800095648015304,High priority,low CTR; weak average position,98.0,0.01020408163265306,16.540816326530614,3.0
469,client_2094c6eb080311d5,content_bd6f0e05da39c4bc,0.7800095648015304,High priority,low CTR; weak average position,98.0,0.02040816326530612,10.479591836734693,2.0
470,client_2094c6eb080311d5,content_e4163214c04a65d8,0.7800095648015304,High priority,low CTR,97.0,0.010309278350515464,4.061855670103093,3.0
471,client_9958f0a7ae1df715,content_a1ee7338f52f090d,0.7800095648015304,High priority,low CTR; weak average position,97.0,0.010309278350515464,48.72164948453608,2.0
472,client_2094c6eb080311d5,content_658a48362f36873e,0.7800095648015304,High priority,low CTR,97.0,0.020618556701030927,9.65979381443299,2.0
473,client_9958f0a7ae1df715,content_938e161ef2e19b30,0.7800095648015304,High priority,low CTR; weak average position,97.0,0.010309278350515464,36.52577319587629,38.0
474,client_2094c6eb080311d5,content_34e0fc4c86b32e21,0.7800095648015304,High priority,low CTR; weak average position,97.0,0.010309278350515464,21.164948453608247,
475,client_9958f0a7ae1df715,content_5f5e33efcaf9765f,0.7800095648015304,High priority,low CTR; weak average position,97.0,0.010309278350515464,10.649484536082474,2.0
476,client_2094c6eb080311d5,content_878bc2cad8b1dcdb,0.7800095648015304,High priority,low CTR,97.0,0.010309278350515464,7.711340206185567,2.0
477,client_2094c6eb080311d5,content_54720dcd69994726,0.7800095648015304,High priority,low CTR; weak average position,96.0,0.010416666666666666,17.729166666666668,1.0
478,client_2094c6eb080311d5,content_6c9622b5d76de559,0.7800095648015304,High priority,low CTR,96.0,0.041666666666666664,4.135416666666667,4.0
479,client_2094c6eb080311d5,content_dd7dc1fc3ad1a985,0.7800095648015304,High priority,low CTR; weak average position,96.0,0.010416666666666666,12.84375,1.0
480,client_2094c6eb080311d5,content_3bcd9b7bd345853a,0.7800095648015304,High priority,low CTR; weak average position,96.0,0.010416666666666666,41.135416666666664,1.0
481,client_2094c6eb080311d5,content_b14c29a667ff695a,0.7800095648015304,High priority,low CTR; weak average position,96.0,0.010416666666666666,13.041666666666666,9.0
482,client_cd12bcfd98942aa1,content_9d322ea060591275,0.7800095648015304,High priority,low CTR,96.0,0.010416666666666666,5.552083333333333,1.0
483,client_3f0ce4d44fe94f3d,content_0def9de253786b02,0.7800095648015304,High priority,low CTR,96.0,0.010416666666666666,3.3333333333333335,2.0
484,client_2094c6eb080311d5,content_0959b508c4d46454,0.7800095648015304,High priority,low CTR,96.0,0.020833333333333332,6.729166666666667,2.0
485,client_2094c6eb080311d5,content_417e982e391165bf,0.7800095648015304,High priority,low CTR,96.0,0.010416666666666666,5.510416666666667,2.0
486,client_2094c6eb080311d5,content_c62a22799ed959c3,0.7800095648015304,High priority,low CTR,96.0,0.020833333333333332,6.052083333333333,1.0
487,client_2094c6eb080311d5,content_5dd717e1b3af2359,0.7800095648015304,High priority,low CTR; weak average position,96.0,0.010416666666666666,12.854166666666666,3.0
488,client_2094c6eb080311d5,content_942e294e02226cda,0.7800095648015304,High priority,low CTR,95.0,0.010526315789473684,6.526315789473684,1.0
489,client_2094c6eb080311d5,content_acbe74113565e2c7,0.7800095648015304,High priority,low CTR; weak average position,95.0,0.010526315789473684,10.136842105263158,1.0
490,client_2094c6eb080311d5,content_e65d03a2a63e033b,0.7800095648015304,High priority,low CTR; weak average position,95.0,0.010526315789473684,10.757894736842106,2.0
491,client_2094c6eb080311d5,content_c7355e172c8134f0,0.7800095648015304,High priority,low CTR; weak average position,95.0,0.010526315789473684,12.410526315789474,1.0
492,client_2094c6eb080311d5,content_07330cccabb33efe,0.7800095648015304,High priority,low CTR; weak average position,95.0,0.010526315789473684,15.4,1.0
493,client_2094c6eb080311d5,content_6c5f608162964561,0.7800095648015304,High priority,low CTR,95.0,0.010526315789473684,8.894736842105264,1.0
494,client_0fa64a184f18a4a0,content_72e894f4da877975,0.7800095648015304,High priority,low CTR,94.0,0.010638297872340425,3.0319148936170213,2.0
495,client_2094c6eb080311d5,content_a66aa04df228e715,0.7800095648015304,High priority,low CTR,94.0,0.010638297872340425,5.797872340425532,1.0
496,client_9958f0a7ae1df715,content_e79531cf26443659,0.7800095648015304,High priority,low CTR; weak average position,94.0,0.010638297872340425,24.106382978723403,2.0
497,client_2094c6eb080311d5,content_575b1b5eba220cda,0.7800095648015304,High priority,low CTR,94.0,0.010638297872340425,6.319148936170213,14.0
498,client_2094c6eb080311d5,content_2ac6b894cf923f66,0.7800095648015304,High priority,low CTR,94.0,0.010638297872340425,6.829787234042553,1.0
499,client_2094c6eb080311d5,content_f47f6b3558bb28b4,0.7800095648015304,High priority,low CTR,94.0,0.010638297872340425,6.0212765957446805,2.0
500,client_2094c6eb080311d5,content_f88b59941ef1272c,0.7800095648015304,High priority,low CTR; weak average position,94.0,0.010638297872340425,28.095744680851062,1.0
501,client_3f0ce4d44fe94f3d,content_9f9df6c3cd6eb8ff,0.7800095648015304,High priority,low CTR,93.0,0.010752688172043012,5.827956989247312,1.0
502,client_2094c6eb080311d5,content_e2b6eb8c1aebe7f5,0.7800095648015304,High priority,low CTR; weak average position,93.0,0.010752688172043012,10.053763440860216,6.0
503,client_cd12bcfd98942aa1,content_64ca403f133b2bf4,0.7800095648015304,High priority,low CTR; weak average position,93.0,0.010752688172043012,10.64516129032258,1.0
504,client_2094c6eb080311d5,content_e5f4ff75deb3a8c3,0.7800095648015304,High priority,low CTR,93.0,0.010752688172043012,5.67741935483871,1.0
505,client_2094c6eb080311d5,content_1d796e7b3cac0bd2,0.7800095648015304,High priority,low CTR; weak average position,93.0,0.010752688172043012,42.02150537634409,1.0
506,client_9958f0a7ae1df715,content_44b6f29d28cc6f49,0.7800095648015304,High priority,low CTR; weak average position,93.0,0.010752688172043012,34.784946236559136,4.0
507,client_3f0ce4d44fe94f3d,content_9e3dbdb7ef4b64f2,0.7800095648015304,High priority,low CTR,93.0,0.010752688172043012,8.24731182795699,
508,client_2094c6eb080311d5,content_6f406c95fd2890e7,0.7800095648015304,High priority,low CTR; weak average position,93.0,0.010752688172043012,16.93548387096774,
509,client_f623b01661d4bfe4,content_e5124153e3a3d580,0.7800095648015304,High priority,low CTR; weak average position,93.0,0.010752688172043012,14.010752688172044,2.0
510,client_2094c6eb080311d5,content_20018f29a75e6daf,0.7800095648015304,High priority,low CTR,92.0,0.010869565217391304,4.771739130434782,1.0
511,client_2094c6eb080311d5,content_16515c58d44f1f37,0.7800095648015304,High priority,low CTR; weak average position,92.0,0.010869565217391304,18.858695652173914,1.0
512,client_2094c6eb080311d5,content_8fb71ff83e7c6b5b,0.7800095648015304,High priority,weak average position,92.0,0.05434782608695652,13.630434782608695,10.0
513,client_2094c6eb080311d5,content_e7fcd00b58f980d8,0.7800095648015304,High priority,low CTR; weak average position,92.0,0.021739130434782608,71.72826086956522,7.0
514,client_0fa64a184f18a4a0,content_8d5babac670c3bc3,0.7800095648015304,High priority,low CTR,92.0,0.021739130434782608,2.608695652173913,1.0
515,client_2094c6eb080311d5,content_9cbc66bdea19c82b,0.7800095648015304,High priority,low CTR; weak average position,91.0,0.01098901098901099,11.802197802197803,1.0
516,client_9958f0a7ae1df715,content_c6f328445b5040e0,0.7800095648015304,High priority,low CTR; weak average position,91.0,0.01098901098901099,19.46153846153846,9.0
517,client_9958f0a7ae1df715,content_f3291279b1dafa0f,0.7800095648015304,High priority,low CTR; weak average position,91.0,0.02197802197802198,18.417582417582416,7.0
518,client_2094c6eb080311d5,content_fab2ae6c9277ba57,0.7800095648015304,High priority,low CTR,91.0,0.01098901098901099,4.571428571428571,3.0
519,client_f623b01661d4bfe4,content_3c179f9ae0852000,0.7800095648015304,High priority,low CTR; weak average position,91.0,0.01098901098901099,53.15384615384615,1.0
520,client_2094c6eb080311d5,content_c4fb6ac2b0c9ba25,0.7800095648015304,High priority,low CTR,91.0,0.03296703296703297,5.582417582417582,10.0
521,client_2094c6eb080311d5,content_b0e3423c062fefe7,0.7800095648015304,High priority,low CTR,91.0,0.01098901098901099,9.31868131868132,2.0
522,client_2094c6eb080311d5,content_ab908c7c2a439997,0.7800095648015304,High priority,low CTR,90.0,0.011111111111111112,5.388888888888889,2.0
523,client_2094c6eb080311d5,content_aceed3aca17ee82e,0.7800095648015304,High priority,low CTR,90.0,0.011111111111111112,7.133333333333334,1.0
524,client_9958f0a7ae1df715,content_1573b680d04f72d1,0.7800095648015304,High priority,low CTR; weak average position,90.0,0.022222222222222223,18.42222222222222,2.0
525,client_3f0ce4d44fe94f3d,content_6f4dc63fc393ff3b,0.7800095648015304,High priority,low CTR,90.0,0.011111111111111112,2.7777777777777777,
526,client_2094c6eb080311d5,content_098ea5fbab52a6f6,0.7800095648015304,High priority,low CTR; weak average position,90.0,0.022222222222222223,18.666666666666668,3.0
527,client_2094c6eb080311d5,content_bd600061b368514c,0.7800095648015304,High priority,low CTR,90.0,0.011111111111111112,6.866666666666666,4.0
528,client_2094c6eb080311d5,content_c05c5a3c879f058c,0.7800095648015304,High priority,low CTR; weak average position,90.0,0.011111111111111112,10.488888888888889,2.0
529,client_2094c6eb080311d5,content_ff32468db98f8b47,0.7800095648015304,High priority,low CTR; weak average position,90.0,0.011111111111111112,13.633333333333333,6.0
530,client_9958f0a7ae1df715,content_ef42c50de9bc2f02,0.7800095648015304,High priority,low CTR; weak average position,90.0,0.011111111111111112,26.133333333333333,2.0
531,client_9958f0a7ae1df715,content_b9325558c8f17e72,0.7800095648015304,High priority,low CTR; weak average position,89.0,0.011235955056179775,57.08988764044944,3.0
532,client_cd12bcfd98942aa1,content_d08ebaa76fed81ca,0.7800095648015304,High priority,low CTR,89.0,0.011235955056179775,8.741573033707866,1.0
533,client_9958f0a7ae1df715,content_1b157db10c4fd5b4,0.7800095648015304,High priority,low CTR; weak average position,89.0,0.011235955056179775,10.853932584269662,6.0
534,client_2094c6eb080311d5,content_c948d32e3ef71279,0.7800095648015304,High priority,low CTR,89.0,0.011235955056179775,5.52808988764045,1.0
535,client_3f0ce4d44fe94f3d,content_acb8d385efeabc6d,0.7800095648015304,High priority,low CTR; weak average position,89.0,0.011235955056179775,22.46067415730337,1.0
536,client_2094c6eb080311d5,content_df3a936e46ef6c20,0.7800095648015304,High priority,low CTR; weak average position,88.0,0.011363636363636364,16.272727272727273,4.0
537,client_cd12bcfd98942aa1,content_5b1ea2940525429b,0.7800095648015304,High priority,low CTR; weak average position,88.0,0.011363636363636364,29.71590909090909,1.0
538,client_2094c6eb080311d5,content_7e28596e73ff7bd3,0.7800095648015304,High priority,low CTR,88.0,0.03409090909090909,2.3636363636363638,4.0
539,client_f623b01661d4bfe4,content_215870459421b4f6,0.7800095648015304,High priority,low CTR; weak average position,88.0,0.011363636363636364,57.88636363636363,2.0
540,client_3f0ce4d44fe94f3d,content_cd609bedf140346c,0.7800095648015304,High priority,low CTR,88.0,0.011363636363636364,5.125,
541,client_2094c6eb080311d5,content_5e2ef430ddc0a88b,0.7800095648015304,High priority,low CTR; weak average position,88.0,0.022727272727272728,26.875,2.0
542,client_2094c6eb080311d5,content_50015d54ae8f04e8,0.7800095648015304,High priority,low CTR; weak average position,88.0,0.011363636363636364,10.556818181818182,
543,client_0fa64a184f18a4a0,content_ffa8331c15c6738e,0.7800095648015304,High priority,low CTR,88.0,0.011363636363636364,8.397727272727273,3.0
544,client_3f0ce4d44fe94f3d,content_64bf17e9c226456f,0.7800095648015304,High priority,low CTR,87.0,0.011494252873563218,5.471264367816092,1.0
545,client_0fa64a184f18a4a0,content_19a66f35b5a4132a,0.7800095648015304,High priority,low CTR,87.0,0.011494252873563218,5.9655172413793105,
546,client_9958f0a7ae1df715,content_7b01bfeae7de77ad,0.7800095648015304,High priority,low CTR; weak average position,87.0,0.011494252873563218,26.195402298850574,
547,client_2094c6eb080311d5,content_5be0473f12bc1c1c,0.7800095648015304,High priority,low CTR,87.0,0.011494252873563218,5.32183908045977,1.0
548,client_3f0ce4d44fe94f3d,content_3d7f641ee22d7702,0.7800095648015304,High priority,low CTR,87.0,0.011494252873563218,6.586206896551724,
549,client_2094c6eb080311d5,content_058c37719a5eb477,0.7800095648015304,High priority,low CTR; weak average position,87.0,0.011494252873563218,12.149425287356323,5.0
550,client_2094c6eb080311d5,content_e054e2f69ec316df,0.7800095648015304,High priority,low CTR,87.0,0.034482758620689655,5.954022988505747,3.0
551,client_9958f0a7ae1df715,content_28116ae94bc24e04,0.7800095648015304,High priority,low CTR; weak average position,87.0,0.022988505747126436,15.620689655172415,4.0
552,client_f623b01661d4bfe4,content_25901e6a08bcdd42,0.7800095648015304,High priority,low CTR; weak average position,86.0,0.011627906976744186,55.08139534883721,1.0
553,client_2094c6eb080311d5,content_a14077f07ff69281,0.7800095648015304,High priority,low CTR,86.0,0.011627906976744186,6.965116279069767,4.0
554,client_3f0ce4d44fe94f3d,content_2c99dc3cffd7e8a1,0.7800095648015304,High priority,low CTR,86.0,0.011627906976744186,8.19767441860465,
555,client_2094c6eb080311d5,content_3e26a667997f9857,0.7800095648015304,High priority,low CTR; weak average position,86.0,0.011627906976744186,35.895348837209305,1.0
556,client_cd12bcfd98942aa1,content_10bfcef75f1ff2d6,0.7800095648015304,High priority,low CTR,86.0,0.023255813953488372,5.383720930232558,3.0
557,client_3f0ce4d44fe94f3d,content_19d4f69868dd8792,0.7800095648015304,High priority,low CTR,86.0,0.011627906976744186,7.267441860465116,1.0
558,client_0fa64a184f18a4a0,content_7f3907c2bcc9c640,0.7800095648015304,High priority,low CTR,86.0,0.011627906976744186,3.5348837209302326,
559,client_0fa64a184f18a4a0,content_cf9add19946abb27,0.7800095648015304,High priority,low CTR,85.0,0.011764705882352941,4.023529411764706,
560,client_9958f0a7ae1df715,content_6d1a5f4347b19979,0.7800095648015304,High priority,low CTR; weak average position,85.0,0.011764705882352941,18.68235294117647,1.0
561,client_9958f0a7ae1df715,content_b31c04455efc50de,0.7800095648015304,High priority,low CTR; weak average position,85.0,0.023529411764705882,10.552941176470588,2.0
562,client_9958f0a7ae1df715,content_1acfaaf21a8058f0,0.7800095648015304,High priority,low CTR,85.0,0.011764705882352941,7.988235294117647,1.0
563,client_0fa64a184f18a4a0,content_e3b74c4fb1dae9bc,0.7800095648015304,High priority,low CTR,85.0,0.023529411764705882,5.847058823529411,1.0
564,client_f623b01661d4bfe4,content_92a4e16edc38f1e9,0.7800095648015304,High priority,low CTR; weak average position,85.0,0.011764705882352941,26.376470588235293,1.0
565,client_2094c6eb080311d5,content_1cde535d972a4f0d,0.7800095648015304,High priority,low CTR,85.0,0.011764705882352941,4.564705882352941,1.0
566,client_3f0ce4d44fe94f3d,content_41c26fb5674a1505,0.7800095648015304,High priority,low CTR; weak average position,85.0,0.011764705882352941,18.058823529411764,
567,client_2094c6eb080311d5,content_4a8730cca88e5a35,0.7800095648015304,High priority,low CTR,84.0,0.023809523809523808,5.7976190476190474,4.0
568,client_9958f0a7ae1df715,content_9f97099754dc2616,0.7800095648015304,High priority,low CTR; weak average position,84.0,0.047619047619047616,23.452380952380953,5.0
569,client_0fa64a184f18a4a0,content_11a2f7367e81d146,0.7800095648015304,High priority,low CTR,84.0,0.011904761904761904,6.321428571428571,1.0
570,client_f623b01661d4bfe4,content_ca32be2223e6b04a,0.7800095648015304,High priority,low CTR; weak average position,84.0,0.011904761904761904,23.857142857142858,1.0
571,client_2094c6eb080311d5,content_6a1cb38712300409,0.7800095648015304,High priority,low CTR; weak average position,84.0,0.011904761904761904,20.357142857142858,1.0
572,client_3f0ce4d44fe94f3d,content_adbf6b0d4bbb4b6a,0.7800095648015304,High priority,low CTR; weak average position,84.0,0.011904761904761904,11.69047619047619,1.0
573,client_9958f0a7ae1df715,content_29d9ea36d79afea3,0.7800095648015304,High priority,low CTR; weak average position,84.0,0.011904761904761904,32.73809523809524,1.0
574,client_3f0ce4d44fe94f3d,content_e200fe00da6bec0c,0.7800095648015304,High priority,low CTR; weak average position,84.0,0.011904761904761904,27.357142857142858,1.0
575,client_f623b01661d4bfe4,content_44f70c43d1c94e45,0.7800095648015304,High priority,low CTR; weak average position,84.0,0.023809523809523808,47.857142857142854,3.0
576,client_2094c6eb080311d5,content_51bc834d5f233d12,0.7800095648015304,High priority,low CTR,83.0,0.012048192771084338,6.9397590361445785,1.0
577,client_9958f0a7ae1df715,content_21d6857d7e95142c,0.7800095648015304,High priority,low CTR; weak average position,83.0,0.012048192771084338,23.59036144578313,5.0
578,client_2094c6eb080311d5,content_f530a4473eec384d,0.7800095648015304,High priority,low CTR; weak average position,83.0,0.012048192771084338,27.879518072289155,1.0
579,client_3f0ce4d44fe94f3d,content_2521d71a77b43152,0.7800095648015304,High priority,low CTR,83.0,0.012048192771084338,5.891566265060241,
580,client_9958f0a7ae1df715,content_2de4fadcdbd303cb,0.7800095648015304,High priority,low CTR; weak average position,83.0,0.03614457831325301,11.204819277108435,26.0
581,client_2094c6eb080311d5,content_e4d3b9767dcaf9ba,0.7800095648015304,High priority,low CTR; weak average position,82.0,0.012195121951219513,40.3780487804878,1.0
582,client_2094c6eb080311d5,content_618df06b28e637a1,0.7800095648015304,High priority,low CTR; weak average position,82.0,0.012195121951219513,37.170731707317074,3.0
583,client_2094c6eb080311d5,content_75714e928964d471,0.7800095648015304,High priority,low CTR; weak average position,82.0,0.012195121951219513,25.865853658536587,1.0
584,client_9958f0a7ae1df715,content_2ad4c38bf4a5bb65,0.7800095648015304,High priority,low CTR; weak average position,82.0,0.012195121951219513,44.24390243902439,1.0
585,client_9958f0a7ae1df715,content_87e7bad7fb1aa458,0.7800095648015304,High priority,low CTR; weak average position,82.0,0.036585365853658534,30.24390243902439,8.0
586,client_2094c6eb080311d5,content_43410ceee5705a0d,0.7800095648015304,High priority,low CTR; weak average position,82.0,0.012195121951219513,33.90243902439025,1.0
587,client_2094c6eb080311d5,content_729580fc96273c14,0.7800095648015304,High priority,low CTR; weak average position,82.0,0.012195121951219513,35.97560975609756,1.0
588,client_3f0ce4d44fe94f3d,content_0cf79cd5acfcb783,0.7800095648015304,High priority,low CTR; weak average position,82.0,0.012195121951219513,21.048780487804876,
589,client_cd12bcfd98942aa1,content_d7b8bed1957ce6fc,0.7800095648015304,High priority,low CTR,82.0,0.012195121951219513,7.451219512195122,4.0
590,client_2094c6eb080311d5,content_b864733b9d5d17a3,0.7800095648015304,High priority,low CTR,82.0,0.012195121951219513,7.012195121951219,1.0
591,client_3f0ce4d44fe94f3d,content_ed75347db1a2d95f,0.7800095648015304,High priority,low CTR,82.0,0.012195121951219513,9.78048780487805,
592,client_3f0ce4d44fe94f3d,content_ad451e969153085d,0.7800095648015304,High priority,low CTR; weak average position,82.0,0.012195121951219513,39.78048780487805,1.0
593,client_3f0ce4d44fe94f3d,content_04551beb071ef92e,0.7800095648015304,High priority,low CTR; weak average position,82.0,0.012195121951219513,22.76829268292683,
594,client_0fa64a184f18a4a0,content_742e9c2fec2b7f76,0.7800095648015304,High priority,low CTR,82.0,0.012195121951219513,3.792682926829268,1.0
595,client_f623b01661d4bfe4,content_70f32e2d50afcc43,0.7800095648015304,High priority,low CTR; weak average position,81.0,0.024691358024691357,73.8395061728395,2.0
596,client_2094c6eb080311d5,content_ec9c8d33d3ee1ffc,0.7800095648015304,High priority,low CTR,81.0,0.012345679012345678,4.567901234567901,1.0
597,client_f623b01661d4bfe4,content_6e3a5d7e78e0b933,0.7800095648015304,High priority,low CTR; weak average position,81.0,0.012345679012345678,51.7037037037037,1.0
598,client_2094c6eb080311d5,content_551fabb7430cb564,0.7800095648015304,High priority,low CTR; weak average position,81.0,0.012345679012345678,13.555555555555555,2.0
599,client_2094c6eb080311d5,content_319cd8c82c8688db,0.7800095648015304,High priority,low CTR; weak average position,81.0,0.012345679012345678,25.82716049382716,1.0
600,client_2094c6eb080311d5,content_70813fea1c56f796,0.7800095648015304,High priority,low CTR,81.0,0.012345679012345678,5.518518518518518,
601,client_f623b01661d4bfe4,content_917f2a3d4aa68d1c,0.7800095648015304,High priority,low CTR; weak average position,80.0,0.025,14.4125,0.0
602,client_3f0ce4d44fe94f3d,content_4b4df15c67dad399,0.7800095648015304,High priority,low CTR,80.0,0.0125,7.5375,1.0
603,client_2094c6eb080311d5,content_fce9fbb68e14e333,0.7800095648015304,High priority,low CTR,80.0,0.0125,8.5,1.0
604,client_f623b01661d4bfe4,content_7d63fb59062aa247,0.7800095648015304,High priority,low CTR,80.0,0.0125,0.4375,1.0
605,client_3f0ce4d44fe94f3d,content_ce84415c680e65e2,0.7800095648015304,High priority,low CTR,80.0,0.0125,6.3625,1.0
606,client_f623b01661d4bfe4,content_b8eb55e9605771a2,0.7800095648015304,High priority,low CTR; weak average position,80.0,0.0375,68.75,4.0
607,client_cd12bcfd98942aa1,content_bf041af7e7a02f2a,0.7800095648015304,High priority,low CTR,80.0,0.0125,8.6375,1.0
608,client_f623b01661d4bfe4,content_100219dc312b86bf,0.7800095648015304,High priority,low CTR; weak average position,79.0,0.012658227848101266,71.62025316455696,1.0
609,client_cd12bcfd98942aa1,content_b534f3cf00453d81,0.7800095648015304,High priority,low CTR,79.0,0.012658227848101266,9.329113924050633,
610,client_3f0ce4d44fe94f3d,content_816360d8bda294bd,0.7800095648015304,High priority,low CTR; weak average position,79.0,0.012658227848101266,22.379746835443036,1.0
611,client_0fa64a184f18a4a0,content_7ec65ebcf6bad943,0.7800095648015304,High priority,low CTR,79.0,0.012658227848101266,7.6455696202531644,
612,client_9958f0a7ae1df715,content_5555a6a3e015944b,0.7800095648015304,High priority,low CTR; weak average position,79.0,0.012658227848101266,29.443037974683545,1.0
613,client_2094c6eb080311d5,content_4b82024105a0ab38,0.7800095648015304,High priority,low CTR; weak average position,79.0,0.012658227848101266,19.70886075949367,1.0
614,client_def0955f7a377868,content_ebbc4b304d49cd6b,0.7800095648015304,High priority,low CTR; weak average position,79.0,0.012658227848101266,29.151898734177216,3.0
615,client_2094c6eb080311d5,content_b103b03376b04aa8,0.7800095648015304,High priority,low CTR; weak average position,79.0,0.012658227848101266,34.74683544303797,1.0
616,client_9958f0a7ae1df715,content_984e3c4473ab1c2e,0.7800095648015304,High priority,low CTR; weak average position,79.0,0.0379746835443038,18.911392405063292,4.0
617,client_9958f0a7ae1df715,content_c55b9e30350c54a7,0.7800095648015304,High priority,low CTR; weak average position,79.0,0.012658227848101266,44.58227848101266,2.0
618,client_2094c6eb080311d5,content_c1e8ae7ff6003f41,0.7800095648015304,High priority,low CTR,78.0,0.02564102564102564,9.705128205128204,3.0
619,client_9958f0a7ae1df715,content_97b5079acb974dd6,0.7800095648015304,High priority,low CTR; weak average position,78.0,0.01282051282051282,15.653846153846153,1.0
620,client_9958f0a7ae1df715,content_c515e2e9536953a1,0.7800095648015304,High priority,low CTR; weak average position,78.0,0.01282051282051282,17.384615384615383,5.0
621,client_0fa64a184f18a4a0,content_c1b3bb40328f663b,0.7800095648015304,High priority,low CTR,78.0,0.01282051282051282,5.846153846153846,1.0
622,client_def0955f7a377868,content_5bfec56eed956b2e,0.7800095648015304,High priority,low CTR; weak average position,77.0,0.03896103896103896,26.948051948051948,10.0
623,client_9958f0a7ae1df715,content_a63bdca657cf0302,0.7800095648015304,High priority,low CTR; weak average position,77.0,0.012987012987012988,28.649350649350648,2.0
624,client_2094c6eb080311d5,content_1bc2532b2c259e00,0.7800095648015304,High priority,low CTR; weak average position,77.0,0.012987012987012988,12.38961038961039,1.0
625,client_2094c6eb080311d5,content_0f3f80cbe31bc6cd,0.7800095648015304,High priority,low CTR,77.0,0.025974025974025976,5.792207792207792,2.0
626,client_def0955f7a377868,content_4e08d0009ed95043,0.7800095648015304,High priority,low CTR,77.0,0.012987012987012988,7.337662337662338,
627,client_3f0ce4d44fe94f3d,content_7a55ac06d59bcc20,0.7800095648015304,High priority,low CTR,77.0,0.012987012987012988,6.5064935064935066,
628,client_2094c6eb080311d5,content_943da262b20f1a1e,0.7800095648015304,High priority,low CTR,77.0,0.012987012987012988,6.922077922077922,2.0
629,client_2094c6eb080311d5,content_78706fd2aeea3a0d,0.7800095648015304,High priority,low CTR,77.0,0.012987012987012988,5.688311688311688,2.0
630,client_2094c6eb080311d5,content_4b626e03bc0d7aee,0.7800095648015304,High priority,low CTR; weak average position,77.0,0.012987012987012988,46.90909090909091,2.0
631,client_3f0ce4d44fe94f3d,content_f324e5d12effbc96,0.7800095648015304,High priority,low CTR; weak average position,77.0,0.012987012987012988,39.87012987012987,
632,client_0fa64a184f18a4a0,content_4acb7e6a10be7810,0.7800095648015304,High priority,low CTR,77.0,0.012987012987012988,3.9220779220779223,1.0
633,client_9958f0a7ae1df715,content_1d5bc2fe7c8bdd72,0.7800095648015304,High priority,low CTR; weak average position,76.0,0.013157894736842105,34.94736842105263,5.0
634,client_9958f0a7ae1df715,content_eeffb2f4ac697b85,0.7800095648015304,High priority,low CTR; weak average position,76.0,0.013157894736842105,31.644736842105264,1.0
635,client_8dbf3abdf07569e0,content_0e0b168616a964da,0.7800095648015304,High priority,low CTR; weak average position,76.0,0.02631578947368421,11.43421052631579,
636,client_9958f0a7ae1df715,content_4af6f58bd5a9fd8c,0.7800095648015304,High priority,low CTR; weak average position,76.0,0.013157894736842105,46.828947368421055,1.0
637,client_3f0ce4d44fe94f3d,content_517e5e13c83eec43,0.7800095648015304,High priority,low CTR,76.0,0.013157894736842105,1.394736842105263,1.0
638,client_3f0ce4d44fe94f3d,content_2cd8347796c1aa0d,0.7800095648015304,High priority,low CTR,76.0,0.013157894736842105,6.947368421052632,1.0
639,client_cd12bcfd98942aa1,content_c01c3d35df1d60f9,0.7800095648015304,High priority,low CTR; weak average position,75.0,0.013333333333333334,10.013333333333334,1.0
640,client_2094c6eb080311d5,content_c98b51e94eb28dec,0.7800095648015304,High priority,low CTR; weak average position,75.0,0.02666666666666667,16.773333333333333,2.0
641,client_9958f0a7ae1df715,content_941626bad17f7326,0.7800095648015304,High priority,low CTR; weak average position,75.0,0.013333333333333334,38.04,1.0
642,client_2094c6eb080311d5,content_d28a40aa7c6e6b0c,0.7800095648015304,High priority,low CTR; weak average position,75.0,0.013333333333333334,53.0,1.0
643,client_9958f0a7ae1df715,content_018f42622fb16b37,0.7800095648015304,High priority,low CTR; weak average position,75.0,0.013333333333333334,55.06666666666667,1.0
644,client_f623b01661d4bfe4,content_2862fac6ac4048de,0.7800095648015304,High priority,low CTR,75.0,0.04,9.44,2.0
645,client_2094c6eb080311d5,content_4bed1fd81becb94f,0.7800095648015304,High priority,low CTR; weak average position,75.0,0.013333333333333334,25.08,1.0
646,client_3f0ce4d44fe94f3d,content_48b35474fcc375c8,0.7800095648015304,High priority,low CTR; weak average position,75.0,0.013333333333333334,55.973333333333336,2.0
647,client_9958f0a7ae1df715,content_d5774d3dec14ad22,0.7800095648015304,High priority,low CTR; weak average position,75.0,0.013333333333333334,51.29333333333334,
648,client_2094c6eb080311d5,content_cccf42e94cb9c47b,0.7800095648015304,High priority,low CTR,75.0,0.02666666666666667,7.026666666666666,2.0
649,client_2094c6eb080311d5,content_1cd3d5e21f268f13,0.7800095648015304,High priority,low CTR,74.0,0.013513513513513514,9.824324324324325,1.0
650,client_3f0ce4d44fe94f3d,content_f490d48a413c12b3,0.7800095648015304,High priority,low CTR,74.0,0.02702702702702703,4.378378378378378,
651,client_2094c6eb080311d5,content_c4d371ac4ef2a8ba,0.7800095648015304,High priority,model-ranked signal combination,74.0,0.06756756756756757,2.77027027027027,5.0
652,client_9958f0a7ae1df715,content_b8d4739ce6c8ceba,0.7800095648015304,High priority,low CTR,74.0,0.013513513513513514,7.04054054054054,1.0
653,client_2094c6eb080311d5,content_e5d0e7f2c2717bd8,0.7800095648015304,High priority,low CTR,74.0,0.013513513513513514,4.851351351351352,1.0
654,client_2094c6eb080311d5,content_c21b5cc6754e3eed,0.7800095648015304,High priority,low CTR,74.0,0.04054054054054054,6.621621621621622,6.0
655,client_2094c6eb080311d5,content_23a901073a7eacaf,0.7800095648015304,High priority,low CTR,74.0,0.02702702702702703,7.527027027027027,2.0
656,client_9958f0a7ae1df715,content_3dab0eadab3dba9e,0.7800095648015304,High priority,low CTR; weak average position,74.0,0.013513513513513514,46.986486486486484,
657,client_2094c6eb080311d5,content_fa2177c59e501f0c,0.7800095648015304,High priority,low CTR,74.0,0.013513513513513514,9.391891891891891,5.0
658,client_2094c6eb080311d5,content_5d41e412dea20a53,0.7800095648015304,High priority,low CTR,74.0,0.02702702702702703,9.635135135135135,2.0
659,client_cd12bcfd98942aa1,content_368a5efa0919657a,0.7800095648015304,High priority,low CTR,74.0,0.013513513513513514,5.594594594594595,2.0
660,client_2094c6eb080311d5,content_c751b975b6e1bd7b,0.7800095648015304,High priority,low CTR,74.0,0.02702702702702703,4.635135135135135,4.0
661,client_f623b01661d4bfe4,content_59813d7ed2fb9f14,0.7800095648015304,High priority,low CTR; weak average position,74.0,0.02702702702702703,46.28378378378378,1.0
662,client_2094c6eb080311d5,content_a8776bbdb087abae,0.7800095648015304,High priority,low CTR,73.0,0.0136986301369863,4.232876712328767,2.0
663,client_def0955f7a377868,content_b74e2c664f238556,0.7800095648015304,High priority,low CTR,72.0,0.013888888888888888,7.222222222222222,3.0
664,client_0fa64a184f18a4a0,content_1854c287a44f6680,0.7800095648015304,High priority,low CTR,72.0,0.013888888888888888,6.486111111111111,1.0
665,client_2094c6eb080311d5,content_388b0f0839bbfce2,0.7800095648015304,High priority,low CTR,72.0,0.013888888888888888,6.763888888888889,1.0
666,client_cd12bcfd98942aa1,content_d84c2c889b5f244f,0.7800095648015304,High priority,low CTR,72.0,0.027777777777777776,7.055555555555555,3.0
667,client_9958f0a7ae1df715,content_b9e6255b1a7c04b2,0.7800095648015304,High priority,low CTR; weak average position,72.0,0.013888888888888888,37.5,5.0
668,client_2094c6eb080311d5,content_1a0b910834efa790,0.7800095648015304,High priority,low CTR; weak average position,72.0,0.013888888888888888,43.69444444444444,1.0
669,client_2094c6eb080311d5,content_5130b7a743a4299e,0.7800095648015304,High priority,low CTR,72.0,0.027777777777777776,6.583333333333333,3.0
670,client_cd12bcfd98942aa1,content_2d0ef02c4f634866,0.7800095648015304,High priority,low CTR,72.0,0.013888888888888888,4.680555555555555,3.0
671,client_2094c6eb080311d5,content_fa222ca3ab07aca6,0.7800095648015304,High priority,low CTR; weak average position,72.0,0.013888888888888888,13.0,
672,client_2094c6eb080311d5,content_d09b14d699f92375,0.7800095648015304,High priority,low CTR,72.0,0.013888888888888888,5.680555555555555,
673,client_0fa64a184f18a4a0,content_25b8b1f57cd180f1,0.7800095648015304,High priority,low CTR,72.0,0.013888888888888888,5.972222222222222,
674,client_2094c6eb080311d5,content_e3c7baea59a96764,0.7800095648015304,High priority,low CTR,72.0,0.013888888888888888,7.888888888888889,
675,client_9958f0a7ae1df715,content_7abb86f53c5d2c17,0.7800095648015304,High priority,low CTR; weak average position,71.0,0.014084507042253521,21.845070422535212,1.0
676,client_9958f0a7ae1df715,content_e33699692c57cae1,0.7800095648015304,High priority,low CTR; weak average position,71.0,0.014084507042253521,27.154929577464788,1.0
677,client_2094c6eb080311d5,content_aa75824ed2a7b500,0.7800095648015304,High priority,low CTR; weak average position,71.0,0.014084507042253521,11.788732394366198,1.0
678,client_2094c6eb080311d5,content_5f7c6a917174a131,0.7800095648015304,High priority,low CTR,70.0,0.014285714285714285,6.814285714285714,1.0
679,client_2094c6eb080311d5,content_3a4c8ad0dedf38b6,0.7800095648015304,High priority,low CTR; weak average position,70.0,0.014285714285714285,13.4,1.0
680,client_9958f0a7ae1df715,content_8580f536b722931d,0.7800095648015304,High priority,low CTR; weak average position,70.0,0.02857142857142857,12.157142857142857,2.0
681,client_3f0ce4d44fe94f3d,content_72a9382083293d10,0.7800095648015304,High priority,low CTR; weak average position,70.0,0.02857142857142857,12.842857142857143,
682,client_9958f0a7ae1df715,content_1ceec80a06c6591a,0.7800095648015304,High priority,low CTR; weak average position,70.0,0.014285714285714285,29.071428571428573,5.0
683,client_2094c6eb080311d5,content_70e2e6ca25e5df2d,0.7800095648015304,High priority,low CTR,70.0,0.014285714285714285,5.685714285714286,4.0
684,client_9958f0a7ae1df715,content_c8d2e9e14858ac14,0.7800095648015304,High priority,low CTR; weak average position,70.0,0.014285714285714285,60.18571428571428,
685,client_2094c6eb080311d5,content_6f3b42628817fde0,0.7800095648015304,High priority,low CTR,70.0,0.014285714285714285,5.885714285714286,1.0
686,client_cd12bcfd98942aa1,content_669640085cb3b54a,0.7800095648015304,High priority,low CTR,70.0,0.014285714285714285,7.871428571428571,3.0
687,client_3f0ce4d44fe94f3d,content_f30a8f7db98bd702,0.7800095648015304,High priority,low CTR,70.0,0.014285714285714285,1.5285714285714285,1.0
688,client_2094c6eb080311d5,content_5398e5ee0cfe4112,0.7800095648015304,High priority,low CTR,70.0,0.014285714285714285,5.9,1.0
689,client_9958f0a7ae1df715,content_812d9141f0973ed1,0.7800095648015304,High priority,low CTR; weak average position,69.0,0.014492753623188406,37.85507246376812,2.0
690,client_9958f0a7ae1df715,content_9453535ab42b3e5b,0.7800095648015304,High priority,low CTR; weak average position,69.0,0.014492753623188406,32.31884057971015,3.0
691,client_9958f0a7ae1df715,content_7135ddd9d802f701,0.7800095648015304,High priority,low CTR; weak average position,69.0,0.014492753623188406,52.927536231884055,1.0
692,client_9958f0a7ae1df715,content_fe385484056edaf9,0.7800095648015304,High priority,low CTR,69.0,0.014492753623188406,9.768115942028986,3.0
693,client_9958f0a7ae1df715,content_d0d52c7ff7217dac,0.7800095648015304,High priority,low CTR; weak average position,69.0,0.014492753623188406,24.36231884057971,1.0
694,client_3f0ce4d44fe94f3d,content_19d7e80edcd610c5,0.7800095648015304,High priority,low CTR,69.0,0.014492753623188406,5.768115942028985,1.0
695,client_2094c6eb080311d5,content_905cd6c74a9ef6dd,0.7800095648015304,High priority,low CTR; weak average position,69.0,0.014492753623188406,30.652173913043477,1.0
696,client_2094c6eb080311d5,content_f661a5bf8876059b,0.7800095648015304,High priority,low CTR; weak average position,69.0,0.014492753623188406,57.6231884057971,
697,client_9958f0a7ae1df715,content_ec3011344e686b0f,0.7800095648015304,High priority,low CTR; weak average position,68.0,0.014705882352941176,41.10294117647059,1.0
698,client_3f0ce4d44fe94f3d,content_e6e6377a34aee982,0.7800095648015304,High priority,low CTR; weak average position,68.0,0.014705882352941176,21.544117647058822,
699,client_9958f0a7ae1df715,content_4cec18f637b4c858,0.7800095648015304,High priority,low CTR; weak average position,68.0,0.014705882352941176,28.13235294117647,10.0
700,client_3f0ce4d44fe94f3d,content_8e0d2cc789d0aa10,0.7800095648015304,High priority,low CTR,68.0,0.014705882352941176,5.102941176470588,1.0
701,client_3f0ce4d44fe94f3d,content_49b2e63b2cb95768,0.7800095648015304,High priority,low CTR; weak average position,68.0,0.014705882352941176,18.235294117647058,
702,client_0fa64a184f18a4a0,content_9123e90484b7cc29,0.7800095648015304,High priority,low CTR,67.0,0.014925373134328358,6.313432835820896,
703,client_2094c6eb080311d5,content_db53949c31ad17af,0.7800095648015304,High priority,low CTR; weak average position,67.0,0.014925373134328358,13.925373134328359,1.0
704,client_3f0ce4d44fe94f3d,content_8b3ecbc33c6e33b8,0.7800095648015304,High priority,low CTR,67.0,0.014925373134328358,6.82089552238806,
705,client_3f0ce4d44fe94f3d,content_08f66cb1906f9cb5,0.7800095648015304,High priority,low CTR,67.0,0.014925373134328358,6.985074626865671,1.0
706,client_cd12bcfd98942aa1,content_74661e7a01e58531,0.7800095648015304,High priority,low CTR,66.0,0.015151515151515152,6.5,4.0
707,client_2094c6eb080311d5,content_e97156f69dd7f3a0,0.7800095648015304,High priority,low CTR; weak average position,66.0,0.015151515151515152,19.075757575757574,
708,client_9958f0a7ae1df715,content_f15aca4b3e04a918,0.7800095648015304,High priority,low CTR; weak average position,66.0,0.045454545454545456,10.348484848484848,2.0
709,client_2094c6eb080311d5,content_21d3f3eba36877e4,0.7800095648015304,High priority,low CTR,66.0,0.015151515151515152,8.090909090909092,1.0
710,client_2094c6eb080311d5,content_26f661ee0dd4b452,0.7800095648015304,High priority,low CTR; weak average position,66.0,0.015151515151515152,32.90909090909091,23.0
711,client_0fa64a184f18a4a0,content_cb85939cc37b4661,0.7800095648015304,High priority,low CTR,66.0,0.015151515151515152,4.5606060606060606,1.0
712,client_3f0ce4d44fe94f3d,content_99bf4d39e4fce6c5,0.7800095648015304,High priority,low CTR,66.0,0.015151515151515152,9.393939393939394,1.0
713,client_2094c6eb080311d5,content_099803c60f763093,0.7800095648015304,High priority,low CTR,66.0,0.015151515151515152,5.378787878787879,
714,client_f623b01661d4bfe4,content_8a21660056246022,0.7800095648015304,High priority,low CTR; weak average position,65.0,0.015384615384615385,84.92307692307692,1.0
715,client_2094c6eb080311d5,content_c2a90c1dfd5192d5,0.7800095648015304,High priority,low CTR,65.0,0.03076923076923077,4.046153846153846,2.0
716,client_0fa64a184f18a4a0,content_b988cd0db2453dcc,0.7800095648015304,High priority,low CTR,65.0,0.03076923076923077,5.6461538461538465,1.0
717,client_2094c6eb080311d5,content_369be872be78b5da,0.7800095648015304,High priority,low CTR,65.0,0.015384615384615385,6.123076923076923,1.0
718,client_cd12bcfd98942aa1,content_eeb4de9693f20d8c,0.7800095648015304,High priority,low CTR; weak average position,65.0,0.015384615384615385,11.353846153846154,1.0
719,client_3f0ce4d44fe94f3d,content_7bd084c06706e249,0.7800095648015304,High priority,low CTR,65.0,0.046153846153846156,4.2615384615384615,5.0
720,client_9958f0a7ae1df715,content_58f8fe5f675423a4,0.7800095648015304,High priority,low CTR; weak average position,65.0,0.015384615384615385,33.98461538461538,1.0
721,client_9958f0a7ae1df715,content_b416311c0f369860,0.7800095648015304,High priority,low CTR; weak average position,65.0,0.015384615384615385,31.16923076923077,2.0
722,client_f623b01661d4bfe4,content_738696e27e48a88b,0.7800095648015304,High priority,low CTR; weak average position,65.0,0.015384615384615385,19.26153846153846,1.0
723,client_cd12bcfd98942aa1,content_3c2d88a3f0bcadfb,0.7800095648015304,High priority,low CTR,64.0,0.03125,8.234375,3.0
724,client_2094c6eb080311d5,content_c81d882b9e911bfe,0.7800095648015304,High priority,low CTR; weak average position,64.0,0.015625,21.59375,7.0
725,client_9958f0a7ae1df715,content_5b2dda78b3129eb0,0.7800095648015304,High priority,low CTR,64.0,0.015625,8.796875,
726,client_2094c6eb080311d5,content_0b6e8fad9f1da29a,0.7800095648015304,High priority,low CTR,64.0,0.015625,6.875,1.0
727,client_2094c6eb080311d5,content_d46feca1448c9422,0.7800095648015304,High priority,low CTR,64.0,0.015625,8.265625,1.0
728,client_2094c6eb080311d5,content_5bc0e699dfd6973c,0.7800095648015304,High priority,low CTR; weak average position,64.0,0.015625,12.265625,1.0
729,client_f623b01661d4bfe4,content_d6a54a66d3f56610,0.7800095648015304,High priority,low CTR; weak average position,64.0,0.03125,72.578125,2.0
730,client_f623b01661d4bfe4,content_61281e7daabb6ecb,0.7800095648015304,High priority,low CTR; weak average position,64.0,0.015625,16.21875,1.0
731,client_cd12bcfd98942aa1,content_a341cbbcf92f65fe,0.7800095648015304,High priority,low CTR,63.0,0.015873015873015872,7.238095238095238,1.0
732,client_2094c6eb080311d5,content_925856bb63ef4e9a,0.7800095648015304,High priority,low CTR,63.0,0.015873015873015872,5.317460317460317,5.0
733,client_2094c6eb080311d5,content_9cd44c4f7badbd2c,0.7800095648015304,High priority,low CTR,63.0,0.031746031746031744,2.746031746031746,3.0
734,client_3f0ce4d44fe94f3d,content_2f198db46bc93797,0.7800095648015304,High priority,low CTR; weak average position,63.0,0.015873015873015872,40.523809523809526,1.0
735,client_f623b01661d4bfe4,content_3dc9db06dde9b866,0.7800095648015304,High priority,low CTR,63.0,0.015873015873015872,9.88888888888889,0.0
736,client_9958f0a7ae1df715,content_8b6eade4cf1fc1e9,0.7800095648015304,High priority,low CTR; weak average position,62.0,0.016129032258064516,41.403225806451616,2.0
737,client_2094c6eb080311d5,content_212991bab2fd637d,0.7800095648015304,High priority,low CTR; weak average position,62.0,0.016129032258064516,40.483870967741936,1.0
738,client_2094c6eb080311d5,content_7b8f52d2637d68d6,0.7800095648015304,High priority,low CTR; weak average position,62.0,0.016129032258064516,44.0,1.0
739,client_f623b01661d4bfe4,content_d96fbf6bfcab6fca,0.7800095648015304,High priority,low CTR,62.0,0.016129032258064516,8.564516129032258,2.0
740,client_3f0ce4d44fe94f3d,content_73963c0cee2d5e5b,0.7800095648015304,High priority,low CTR; weak average position,62.0,0.016129032258064516,35.66129032258065,
741,client_2094c6eb080311d5,content_e3f2c34d57a85273,0.7800095648015304,High priority,low CTR; weak average position,61.0,0.03278688524590164,12.573770491803279,1.0
742,client_3f0ce4d44fe94f3d,content_3beac0fd248cc466,0.7800095648015304,High priority,low CTR; weak average position,61.0,0.01639344262295082,32.83606557377049,1.0
743,client_2094c6eb080311d5,content_b02cae8f28253135,0.7800095648015304,High priority,low CTR,61.0,0.01639344262295082,8.295081967213115,4.0
744,client_cd12bcfd98942aa1,content_901fd43af8d6ea1c,0.7800095648015304,High priority,low CTR,61.0,0.03278688524590164,7.213114754098361,2.0
745,client_2094c6eb080311d5,content_660ea1d2d414547d,0.7800095648015304,High priority,low CTR; weak average position,61.0,0.01639344262295082,12.459016393442623,
746,client_f623b01661d4bfe4,content_a123f7d22fb46e66,0.7800095648015304,High priority,low CTR; weak average position,61.0,0.01639344262295082,70.78688524590164,1.0
747,client_f623b01661d4bfe4,content_aff64a7d5e56c4fc,0.7800095648015304,High priority,low CTR; weak average position,60.0,0.03333333333333333,14.033333333333333,1.0
748,client_f623b01661d4bfe4,content_412e2e0bc3041084,0.7800095648015304,High priority,low CTR; weak average position,60.0,0.016666666666666666,77.85,1.0
749,client_9958f0a7ae1df715,content_26a787f8a18f64e1,0.7800095648015304,High priority,low CTR; weak average position,60.0,0.016666666666666666,12.666666666666666,1.0
750,client_2094c6eb080311d5,content_ac2f599eefe38a19,0.7800095648015304,High priority,low CTR; weak average position,60.0,0.016666666666666666,11.8,1.0
751,client_3f0ce4d44fe94f3d,content_69fe5d750b3f398a,0.7800095648015304,High priority,low CTR; weak average position,60.0,0.016666666666666666,24.366666666666667,1.0
752,client_3f0ce4d44fe94f3d,content_1637b64879611372,0.7800095648015304,High priority,low CTR,60.0,0.016666666666666666,3.7,2.0
753,client_f623b01661d4bfe4,content_852cf9dc8b57d662,0.7800095648015304,High priority,low CTR; weak average position,60.0,0.016666666666666666,56.75,1.0
754,client_9958f0a7ae1df715,content_574d0934e51dc7b2,0.7800095648015304,High priority,low CTR; weak average position,60.0,0.03333333333333333,27.966666666666665,8.0
755,client_2094c6eb080311d5,content_c6d63de6d1a07e57,0.7800095648015304,High priority,low CTR; weak average position,59.0,0.01694915254237288,43.88135593220339,2.0
756,client_cd12bcfd98942aa1,content_33e8a49aaeaf9387,0.7800095648015304,High priority,low CTR,59.0,0.01694915254237288,7.406779661016949,1.0
757,client_2094c6eb080311d5,content_feaf8146244e9ead,0.7800095648015304,High priority,low CTR; weak average position,59.0,0.03389830508474576,35.83050847457627,1.0
758,client_2094c6eb080311d5,content_38e683d5f8f55e49,0.7800095648015304,High priority,low CTR,59.0,0.01694915254237288,7.559322033898305,4.0
759,client_2094c6eb080311d5,content_1610a6a27413aef9,0.7800095648015304,High priority,low CTR,59.0,0.01694915254237288,5.88135593220339,1.0
760,client_2094c6eb080311d5,content_da6eb5841110bf6c,0.7800095648015304,High priority,low CTR,59.0,0.01694915254237288,9.813559322033898,2.0
761,client_2094c6eb080311d5,content_c69b578e3ff6bc5f,0.7800095648015304,High priority,low CTR; weak average position,59.0,0.01694915254237288,15.88135593220339,3.0
762,client_9958f0a7ae1df715,content_ae460f5899f26faa,0.7800095648015304,High priority,low CTR; weak average position,59.0,0.01694915254237288,57.067796610169495,1.0
763,client_2094c6eb080311d5,content_b686d6d55e22fabf,0.7800095648015304,High priority,low CTR,59.0,0.03389830508474576,6.9491525423728815,2.0
764,client_9958f0a7ae1df715,content_999798bf8149504a,0.7800095648015304,High priority,low CTR; weak average position,59.0,0.01694915254237288,20.10169491525424,3.0
765,client_3f0ce4d44fe94f3d,content_013e2d2ee5ad83a6,0.7800095648015304,High priority,low CTR,58.0,0.017241379310344827,6.120689655172414,1.0
766,client_cd12bcfd98942aa1,content_c48b7824d915ba60,0.7800095648015304,High priority,low CTR,58.0,0.017241379310344827,8.068965517241379,2.0
767,client_3f0ce4d44fe94f3d,content_323c7df6fc87927a,0.7800095648015304,High priority,low CTR; weak average position,58.0,0.017241379310344827,52.10344827586207,1.0
768,client_2094c6eb080311d5,content_6cb86900e0c01514,0.7800095648015304,High priority,low CTR; weak average position,58.0,0.017241379310344827,51.706896551724135,1.0
769,client_2094c6eb080311d5,content_c418fc1346290fae,0.7800095648015304,High priority,low CTR; weak average position,58.0,0.017241379310344827,18.17241379310345,1.0
770,client_9958f0a7ae1df715,content_ad817b564abc9d79,0.7800095648015304,High priority,low CTR; weak average position,58.0,0.017241379310344827,16.913793103448278,2.0
771,client_9958f0a7ae1df715,content_09e9bb1d4d2064a1,0.7800095648015304,High priority,weak average position,58.0,0.05172413793103448,40.275862068965516,5.0
772,client_2094c6eb080311d5,content_87800e7eb655e2b4,0.7800095648015304,High priority,low CTR; weak average position,58.0,0.017241379310344827,15.948275862068966,1.0
773,client_0fa64a184f18a4a0,content_766aad5396df7483,0.7800095648015304,High priority,low CTR,58.0,0.017241379310344827,4.810344827586207,1.0
774,client_2094c6eb080311d5,content_863702b59f43ac28,0.7800095648015304,High priority,low CTR,58.0,0.017241379310344827,6.396551724137931,1.0
775,client_9958f0a7ae1df715,content_9a1cc10ee2a77e56,0.7800095648015304,High priority,low CTR,58.0,0.017241379310344827,5.706896551724138,1.0
776,client_cd12bcfd98942aa1,content_b07e5e158ebbf517,0.7800095648015304,High priority,low CTR,58.0,0.017241379310344827,6.068965517241379,
777,client_def0955f7a377868,content_6596d705aded3716,0.7800095648015304,High priority,model-ranked signal combination,58.0,0.06896551724137931,5.844827586206897,5.0
778,client_9958f0a7ae1df715,content_b12b2447329e2dc2,0.7800095648015304,High priority,low CTR; weak average position,58.0,0.017241379310344827,14.431034482758621,4.0
779,client_2094c6eb080311d5,content_f12310a755ec7c0e,0.7800095648015304,High priority,low CTR; weak average position,57.0,0.017543859649122806,21.140350877192983,
780,client_9958f0a7ae1df715,content_84ad7a24e8bb06c0,0.7800095648015304,High priority,low CTR; weak average position,57.0,0.017543859649122806,44.14035087719298,1.0
781,client_f623b01661d4bfe4,content_2d55b198fea994e1,0.7800095648015304,High priority,low CTR; weak average position,57.0,0.017543859649122806,34.19298245614035,
782,client_2094c6eb080311d5,content_46dc5dd85ab2c8a3,0.7800095648015304,High priority,low CTR; weak average position,57.0,0.03508771929824561,18.19298245614035,7.0
783,client_2094c6eb080311d5,content_9b78964e12dba814,0.7800095648015304,High priority,low CTR,57.0,0.017543859649122806,4.315789473684211,2.0
784,client_f623b01661d4bfe4,content_11d6fb8b5716b692,0.7800095648015304,High priority,low CTR; weak average position,57.0,0.017543859649122806,44.21052631578947,2.0
785,client_0fa64a184f18a4a0,content_76c9bcab7202445e,0.7800095648015304,High priority,low CTR,57.0,0.017543859649122806,4.964912280701754,
786,client_f623b01661d4bfe4,content_faa5751dea48f998,0.7800095648015304,High priority,low CTR; weak average position,57.0,0.017543859649122806,72.94736842105263,1.0
787,client_9958f0a7ae1df715,content_f16e5bb3c5f59aae,0.7800095648015304,High priority,low CTR; weak average position,56.0,0.017857142857142856,30.25,3.0
788,client_3f0ce4d44fe94f3d,content_f139c1a53d8fb76c,0.7800095648015304,High priority,low CTR; weak average position,56.0,0.017857142857142856,60.767857142857146,
789,client_3f0ce4d44fe94f3d,content_d40b2f03237a24a3,0.7800095648015304,High priority,model-ranked signal combination,56.0,0.05357142857142857,7.928571428571429,
790,client_9958f0a7ae1df715,content_f99d4dbface58af6,0.7800095648015304,High priority,low CTR,56.0,0.03571428571428571,4.946428571428571,1.0
791,client_def0955f7a377868,content_f7bdd5b3d04bafeb,0.7800095648015304,High priority,low CTR,55.0,0.01818181818181818,8.472727272727273,4.0
792,client_f623b01661d4bfe4,content_a70643dc642afe45,0.7800095648015304,High priority,low CTR; weak average position,55.0,0.01818181818181818,37.43636363636364,1.0
793,client_9958f0a7ae1df715,content_e6e102ee47b2c0c2,0.7800095648015304,High priority,low CTR; weak average position,55.0,0.01818181818181818,11.636363636363637,5.0
794,client_9958f0a7ae1df715,content_4e4c2221849828f1,0.7800095648015304,High priority,low CTR; weak average position,55.0,0.03636363636363636,19.563636363636363,9.0
795,client_9958f0a7ae1df715,content_15c6e259dfc9785b,0.7800095648015304,High priority,low CTR,54.0,0.018518518518518517,8.481481481481481,3.0
796,client_2094c6eb080311d5,content_53f815057fa21e37,0.7800095648015304,High priority,low CTR,54.0,0.018518518518518517,7.851851851851852,2.0
797,client_2094c6eb080311d5,content_956bbe338411312d,0.7800095648015304,High priority,low CTR; weak average position,54.0,0.018518518518518517,19.037037037037038,1.0
798,client_2094c6eb080311d5,content_43a316eaf12054a0,0.7800095648015304,High priority,low CTR; weak average position,54.0,0.018518518518518517,11.277777777777779,1.0
799,client_f623b01661d4bfe4,content_29f6ae9dd8b08101,0.7800095648015304,High priority,low CTR; weak average position,54.0,0.018518518518518517,84.74074074074075,
800,client_9958f0a7ae1df715,content_619b0680d37f7c7b,0.7800095648015304,High priority,low CTR; weak average position,53.0,0.03773584905660377,42.9811320754717,8.0
801,client_2094c6eb080311d5,content_fd11196843815a91,0.7800095648015304,High priority,low CTR,53.0,0.018867924528301886,4.830188679245283,1.0
802,client_f623b01661d4bfe4,content_bd8a4646212bc48e,0.7800095648015304,High priority,low CTR; weak average position,53.0,0.018867924528301886,27.39622641509434,1.0
803,client_cd12bcfd98942aa1,content_9885d4870c740632,0.7800095648015304,High priority,low CTR,53.0,0.018867924528301886,6.339622641509434,1.0
804,client_0fa64a184f18a4a0,content_642f38a6feb70420,0.7800095648015304,High priority,low CTR; weak average position,53.0,0.018867924528301886,23.754716981132077,1.0
805,client_3f0ce4d44fe94f3d,content_66363bb9278e753e,0.7800095648015304,High priority,low CTR; weak average position,53.0,0.018867924528301886,39.698113207547166,
806,client_f623b01661d4bfe4,content_56c297b30c389195,0.7800095648015304,High priority,low CTR; weak average position,53.0,0.018867924528301886,48.20754716981132,1.0
807,client_9958f0a7ae1df715,content_6ab612badd5ebfbb,0.7800095648015304,High priority,low CTR; weak average position,52.0,0.019230769230769232,21.576923076923077,4.0
808,client_2094c6eb080311d5,content_b7fa7e01be12494b,0.7800095648015304,High priority,low CTR; weak average position,52.0,0.019230769230769232,41.38461538461539,1.0
809,client_9958f0a7ae1df715,content_69451fc06bc6eb06,0.7800095648015304,High priority,low CTR; weak average position,52.0,0.019230769230769232,19.884615384615383,1.0
810,client_9958f0a7ae1df715,content_77692e9fb189c0fd,0.7800095648015304,High priority,low CTR; weak average position,52.0,0.019230769230769232,38.90384615384615,3.0
811,client_2094c6eb080311d5,content_08ac49b6b224c2dd,0.7800095648015304,High priority,low CTR,52.0,0.019230769230769232,8.288461538461538,1.0
812,client_3f0ce4d44fe94f3d,content_0671c76e69df5b24,0.7800095648015304,High priority,low CTR,52.0,0.038461538461538464,6.903846153846154,2.0
813,client_cd12bcfd98942aa1,content_71f65ad28b38cf92,0.7800095648015304,High priority,low CTR,51.0,0.0196078431372549,6.137254901960785,
814,client_2094c6eb080311d5,content_5c64ccf649182d99,0.7800095648015304,High priority,low CTR; weak average position,51.0,0.0196078431372549,54.64705882352941,1.0
815,client_2094c6eb080311d5,content_760b75527859e8cb,0.7800095648015304,High priority,low CTR,51.0,0.0196078431372549,9.686274509803921,2.0
816,client_f623b01661d4bfe4,content_c91aee8fd8604754,0.7800095648015304,High priority,low CTR; weak average position,51.0,0.0392156862745098,55.6078431372549,2.0
817,client_9958f0a7ae1df715,content_0d5f604ed84bbe79,0.7800095648015304,High priority,low CTR; weak average position,51.0,0.0196078431372549,35.05882352941177,1.0
818,client_cd12bcfd98942aa1,content_d556cc4d78919011,0.7800095648015304,High priority,low CTR,51.0,0.0392156862745098,7.196078431372549,2.0
819,client_0fa64a184f18a4a0,content_f11ebc0a0bab4ff4,0.7800095648015304,High priority,low CTR; weak average position,51.0,0.0196078431372549,12.215686274509803,1.0
820,client_2094c6eb080311d5,content_b055a903c823569f,0.7800095648015304,High priority,low CTR,51.0,0.0196078431372549,5.019607843137255,2.0
821,client_3f0ce4d44fe94f3d,content_6fa40b657a352229,0.7800095648015304,High priority,low CTR; weak average position,50.0,0.02,45.18,1.0
822,client_2094c6eb080311d5,content_98af8f5ee181eb19,0.7800095648015304,High priority,low CTR,50.0,0.02,9.3,2.0
823,client_2094c6eb080311d5,content_48f26df9ded6ee0c,0.7800095648015304,High priority,low CTR; weak average position,50.0,0.02,11.3,1.0
824,client_2094c6eb080311d5,content_a0b83d8bb5fe895b,0.7800095648015304,High priority,low CTR,50.0,0.02,6.38,1.0
825,client_f623b01661d4bfe4,content_b5723f37e24d27d1,0.7800095648015304,High priority,low CTR; weak average position,50.0,0.02,28.72,0.0
826,client_2094c6eb080311d5,content_2cc78032ddbd58f4,0.7800095648015304,High priority,low CTR; weak average position,50.0,0.04,10.32,4.0
827,client_2094c6eb080311d5,content_7122c52d3e2eb29e,0.7800095648015304,High priority,low CTR,50.0,0.02,9.22,1.0
828,client_9958f0a7ae1df715,content_0dbd1ad5dd5d6649,0.7800095648015304,High priority,low CTR; weak average position,50.0,0.02,23.04,
829,client_9958f0a7ae1df715,content_ce8268cedc8bb5c6,0.7800095648015304,High priority,low CTR; weak average position,50.0,0.02,43.98,16.0
830,client_cd12bcfd98942aa1,content_ad30eabd539ecef2,0.7800095648015304,High priority,low CTR,49.0,0.02040816326530612,6.1020408163265305,2.0
831,client_9958f0a7ae1df715,content_e7fc62ffa21999ef,0.7800095648015304,High priority,low CTR,49.0,0.02040816326530612,9.020408163265307,2.0
832,client_2094c6eb080311d5,content_9cf57eb8938a9a80,0.7800095648015304,High priority,low CTR,49.0,0.02040816326530612,5.244897959183674,1.0
833,client_2094c6eb080311d5,content_78dbfba26b767805,0.7800095648015304,High priority,low CTR,49.0,0.04081632653061224,9.204081632653061,10.0
834,client_2094c6eb080311d5,content_e4a75d89fab7a050,0.7800095648015304,High priority,low CTR; weak average position,49.0,0.02040816326530612,21.163265306122447,2.0
835,client_f623b01661d4bfe4,content_e154ebe338454460,0.7800095648015304,High priority,low CTR; weak average position,49.0,0.02040816326530612,39.857142857142854,2.0
836,client_2094c6eb080311d5,content_f9a1a742ed0861af,0.7800095648015304,High priority,low CTR,48.0,0.020833333333333332,4.791666666666667,1.0
837,client_2094c6eb080311d5,content_2328870526d07337,0.7800095648015304,High priority,low CTR,48.0,0.020833333333333332,7.0625,1.0
838,client_2094c6eb080311d5,content_7630632888bb2033,0.7800095648015304,High priority,low CTR,48.0,0.020833333333333332,5.25,1.0
839,client_9958f0a7ae1df715,content_39a3b8abafaf5568,0.7800095648015304,High priority,low CTR; weak average position,48.0,0.020833333333333332,29.083333333333332,1.0
840,client_9958f0a7ae1df715,content_b37fcdb4965128b3,0.7800095648015304,High priority,low CTR; weak average position,48.0,0.020833333333333332,37.833333333333336,2.0
841,client_0fa64a184f18a4a0,content_11bf4c33adea7bdc,0.7800095648015304,High priority,low CTR; weak average position,48.0,0.020833333333333332,18.208333333333332,1.0
842,client_f623b01661d4bfe4,content_aa3e72028b12b385,0.7800095648015304,High priority,low CTR; weak average position,48.0,0.041666666666666664,15.125,3.0
843,client_3f0ce4d44fe94f3d,content_387801e356876b19,0.7800095648015304,High priority,low CTR; weak average position,48.0,0.020833333333333332,46.9375,1.0
844,client_3f0ce4d44fe94f3d,content_9555cb1910c4889e,0.7800095648015304,High priority,low CTR; weak average position,48.0,0.020833333333333332,26.354166666666668,1.0
845,client_9958f0a7ae1df715,content_8846fbf5e8e87d95,0.7800095648015304,High priority,low CTR; weak average position,48.0,0.020833333333333332,25.125,1.0
846,client_0fa64a184f18a4a0,content_760205d4896b83ec,0.7800095648015304,High priority,low CTR,48.0,0.020833333333333332,3.9583333333333335,1.0
847,client_2094c6eb080311d5,content_c66782b4fb6b54bc,0.7800095648015304,High priority,low CTR,47.0,0.02127659574468085,6.212765957446808,1.0
848,client_2094c6eb080311d5,content_6165324718ead0bb,0.7800095648015304,High priority,low CTR; weak average position,47.0,0.02127659574468085,14.446808510638299,1.0
849,client_2094c6eb080311d5,content_e8eba9ca360821a8,0.7800095648015304,High priority,low CTR; weak average position,47.0,0.02127659574468085,31.361702127659573,1.0
850,client_2094c6eb080311d5,content_e31a34b04309e30a,0.7800095648015304,High priority,low CTR,47.0,0.0425531914893617,8.319148936170214,2.0
851,client_e00b29e582949543,content_94793109825685b1,0.7800095648015304,High priority,low CTR,47.0,0.02127659574468085,5.319148936170213,2.0
852,client_3f0ce4d44fe94f3d,content_780ebd1f89ff6a9e,0.7800095648015304,High priority,low CTR; weak average position,47.0,0.02127659574468085,19.340425531914892,
853,client_2094c6eb080311d5,content_d6e5d2f3ffc93894,0.7800095648015304,High priority,low CTR; weak average position,47.0,0.02127659574468085,15.382978723404255,1.0
854,client_2094c6eb080311d5,content_ed7a926d84f66634,0.7800095648015304,High priority,low CTR; weak average position,47.0,0.02127659574468085,38.08510638297872,1.0
855,client_3f0ce4d44fe94f3d,content_51416635722920a6,0.7800095648015304,High priority,low CTR,47.0,0.02127659574468085,5.361702127659575,2.0
856,client_cd12bcfd98942aa1,content_5b72bee5d91a2254,0.7800095648015304,High priority,low CTR,46.0,0.021739130434782608,7.021739130434782,1.0
857,client_9958f0a7ae1df715,content_abd7d973de001203,0.7800095648015304,High priority,low CTR; weak average position,46.0,0.021739130434782608,22.91304347826087,1.0
858,client_9958f0a7ae1df715,content_38243d01595aac7a,0.7800095648015304,High priority,low CTR; weak average position,46.0,0.021739130434782608,59.130434782608695,2.0
859,client_2094c6eb080311d5,content_98f6ef2bfc380551,0.7800095648015304,High priority,low CTR; weak average position,46.0,0.021739130434782608,10.282608695652174,1.0
860,client_2094c6eb080311d5,content_440b67e6e68bd2f5,0.7800095648015304,High priority,low CTR,46.0,0.021739130434782608,5.760869565217392,1.0
861,client_f623b01661d4bfe4,content_ca95cea2d42f9ff5,0.7800095648015304,High priority,low CTR; weak average position,46.0,0.043478260869565216,29.347826086956523,2.0
862,client_0fa64a184f18a4a0,content_8da6f27226ecafdc,0.7800095648015304,High priority,low CTR,46.0,0.021739130434782608,4.413043478260869,1.0
863,client_9958f0a7ae1df715,content_f168f4b5adb51d60,0.7800095648015304,High priority,low CTR,46.0,0.043478260869565216,8.652173913043478,2.0
864,client_cd12bcfd98942aa1,content_f7835ac1a5ed2d71,0.7800095648015304,High priority,low CTR,45.0,0.022222222222222223,8.533333333333333,5.0
865,client_cd12bcfd98942aa1,content_889b7bd081982200,0.7800095648015304,High priority,low CTR,45.0,0.022222222222222223,6.688888888888889,1.0
866,client_3f0ce4d44fe94f3d,content_4047fb7dda12583e,0.7800095648015304,High priority,low CTR; weak average position,45.0,0.022222222222222223,32.44444444444444,1.0
867,client_2094c6eb080311d5,content_edc79d57a2c9a2ee,0.7800095648015304,High priority,low CTR,45.0,0.044444444444444446,1.8222222222222222,7.0
868,client_cd12bcfd98942aa1,content_0c70e0f507c05c0d,0.7800095648015304,High priority,low CTR; weak average position,45.0,0.022222222222222223,11.377777777777778,4.0
869,client_f623b01661d4bfe4,content_e1a0d2fdab027ee2,0.7800095648015304,High priority,low CTR; weak average position,45.0,0.044444444444444446,32.15555555555556,5.0
870,client_9958f0a7ae1df715,content_11e81d254e35c90e,0.7800095648015304,High priority,low CTR; weak average position,45.0,0.022222222222222223,32.13333333333333,1.0
871,client_2094c6eb080311d5,content_e716225ca8048328,0.7800095648015304,High priority,low CTR; weak average position,45.0,0.044444444444444446,11.844444444444445,1.0
872,client_2094c6eb080311d5,content_08032844324b0022,0.7800095648015304,High priority,low CTR; weak average position,45.0,0.022222222222222223,14.266666666666667,2.0
873,client_2094c6eb080311d5,content_73c45865be5c672d,0.7800095648015304,High priority,low CTR; weak average position,45.0,0.044444444444444446,31.8,2.0
874,client_2094c6eb080311d5,content_f90556e11884c7c9,0.7800095648015304,High priority,low CTR; weak average position,45.0,0.022222222222222223,20.177777777777777,2.0
875,client_0fa64a184f18a4a0,content_7998f798b6d74798,0.7800095648015304,High priority,low CTR,45.0,0.022222222222222223,5.133333333333334,1.0
876,client_def0955f7a377868,content_824ae6398a850550,0.7800095648015304,High priority,low CTR; weak average position,45.0,0.022222222222222223,10.733333333333333,4.0
877,client_9958f0a7ae1df715,content_87e0069025936e59,0.7800095648015304,High priority,low CTR; weak average position,44.0,0.022727272727272728,36.29545454545455,1.0
878,client_9958f0a7ae1df715,content_04832492a7ae1784,0.7800095648015304,High priority,low CTR; weak average position,44.0,0.022727272727272728,41.56818181818182,2.0
879,client_2094c6eb080311d5,content_6dc4663b2415e25b,0.7800095648015304,High priority,low CTR; weak average position,44.0,0.022727272727272728,11.159090909090908,4.0
880,client_2094c6eb080311d5,content_f6421e365861072a,0.7800095648015304,High priority,low CTR; weak average position,44.0,0.022727272727272728,33.43181818181818,
881,client_2094c6eb080311d5,content_7966fe5516f9dc64,0.7800095648015304,High priority,low CTR,44.0,0.045454545454545456,6.2272727272727275,2.0
882,client_0fa64a184f18a4a0,content_0ba48334ff65e4e0,0.7800095648015304,High priority,low CTR; weak average position,44.0,0.022727272727272728,12.272727272727273,
883,client_2094c6eb080311d5,content_2c69bbb1e1b15aef,0.7800095648015304,High priority,low CTR,44.0,0.022727272727272728,5.295454545454546,1.0
884,client_cd12bcfd98942aa1,content_2a7adcf62bdec048,0.7800095648015304,High priority,low CTR,44.0,0.022727272727272728,6.068181818181818,2.0
885,client_cd12bcfd98942aa1,content_41415a0d1fc56c87,0.7800095648015304,High priority,low CTR,44.0,0.022727272727272728,8.0,1.0
886,client_cd12bcfd98942aa1,content_dafc53e111afdd0e,0.7800095648015304,High priority,low CTR,44.0,0.022727272727272728,7.363636363636363,1.0
887,client_9958f0a7ae1df715,content_0ee37c8b2ba57bb4,0.7800095648015304,High priority,low CTR; weak average position,44.0,0.022727272727272728,31.068181818181817,
888,client_9958f0a7ae1df715,content_e6989c84b3ce23b5,0.7800095648015304,High priority,low CTR; weak average position,44.0,0.022727272727272728,59.54545454545455,1.0
889,client_9958f0a7ae1df715,content_24b8ba0cd142ef5f,0.7800095648015304,High priority,low CTR; weak average position,43.0,0.046511627906976744,15.279069767441861,
890,client_2094c6eb080311d5,content_a75bc008b634cd22,0.7800095648015304,High priority,low CTR; weak average position,43.0,0.023255813953488372,11.13953488372093,1.0
891,client_0fa64a184f18a4a0,content_26f74e524ed76973,0.7800095648015304,High priority,low CTR,43.0,0.023255813953488372,7.651162790697675,1.0
892,client_2094c6eb080311d5,content_3e328be0aa8b5e52,0.7800095648015304,High priority,low CTR; weak average position,43.0,0.023255813953488372,36.69767441860465,1.0
893,client_f623b01661d4bfe4,content_cdcaea9b395aee50,0.7800095648015304,High priority,model-ranked signal combination,43.0,0.06976744186046512,3.953488372093023,3.0
894,client_cd12bcfd98942aa1,content_ad9f7ee44d3c95c9,0.7800095648015304,High priority,low CTR,43.0,0.023255813953488372,6.325581395348837,3.0
895,client_cd12bcfd98942aa1,content_ed6536ff4ca5fc87,0.7800095648015304,High priority,low CTR,43.0,0.023255813953488372,7.6976744186046515,1.0
896,client_3f0ce4d44fe94f3d,content_dd219a8c1ed7698d,0.7800095648015304,High priority,low CTR; weak average position,43.0,0.023255813953488372,15.418604651162791,1.0
897,client_9958f0a7ae1df715,content_dd6ed5415ff62626,0.7800095648015304,High priority,low CTR,43.0,0.023255813953488372,7.186046511627907,1.0
898,client_9958f0a7ae1df715,content_d511c6b0288ab0ea,0.7800095648015304,High priority,low CTR; weak average position,42.0,0.023809523809523808,61.61904761904762,1.0
899,client_3f0ce4d44fe94f3d,content_f47264448f022d91,0.7800095648015304,High priority,low CTR,42.0,0.047619047619047616,7.857142857142857,2.0
900,client_9958f0a7ae1df715,content_b713996dd3f44e84,0.7800095648015304,High priority,low CTR; weak average position,42.0,0.023809523809523808,27.80952380952381,1.0
901,client_9958f0a7ae1df715,content_7df4a0dd62a40464,0.7800095648015304,High priority,low CTR; weak average position,42.0,0.023809523809523808,24.761904761904763,1.0
902,client_2094c6eb080311d5,content_bdcb09b9fc3a682c,0.7800095648015304,High priority,low CTR,42.0,0.023809523809523808,4.928571428571429,1.0
903,client_2094c6eb080311d5,content_7ea8ee7f89c2bd66,0.7800095648015304,High priority,low CTR,42.0,0.023809523809523808,4.9523809523809526,1.0
904,client_f623b01661d4bfe4,content_8c4fb35de5a56b67,0.7800095648015304,High priority,low CTR; weak average position,42.0,0.023809523809523808,23.547619047619047,1.0
905,client_2094c6eb080311d5,content_974f8ce05eea10ad,0.7800095648015304,High priority,low CTR,42.0,0.023809523809523808,9.452380952380953,
906,client_2094c6eb080311d5,content_248fc04ee68f5747,0.7800095648015304,High priority,low CTR,42.0,0.023809523809523808,8.404761904761905,1.0
907,client_def0955f7a377868,content_d8725e5cc574662d,0.7800095648015304,High priority,low CTR,42.0,0.023809523809523808,6.4523809523809526,1.0
908,client_f623b01661d4bfe4,content_051e7791cbbc35c4,0.7800095648015304,High priority,low CTR; weak average position,41.0,0.04878048780487805,55.02439024390244,3.0
909,client_cd12bcfd98942aa1,content_a613c49c1e84418d,0.7800095648015304,High priority,low CTR,41.0,0.024390243902439025,6.951219512195122,1.0
910,client_9958f0a7ae1df715,content_00f8fa58d9a8a1ed,0.7800095648015304,High priority,low CTR; weak average position,41.0,0.024390243902439025,19.975609756097562,1.0
911,client_2094c6eb080311d5,content_f78f08f3409a76c4,0.7800095648015304,High priority,low CTR; weak average position,41.0,0.024390243902439025,45.5609756097561,13.0
912,client_f623b01661d4bfe4,content_be3594a5730eb7f4,0.7800095648015304,High priority,low CTR,41.0,0.024390243902439025,8.024390243902438,1.0
913,client_cd12bcfd98942aa1,content_8abdb1e3dcf9b0eb,0.7800095648015304,High priority,low CTR,41.0,0.024390243902439025,8.048780487804878,1.0
914,client_2094c6eb080311d5,content_d886cec31790d63a,0.7800095648015304,High priority,low CTR; weak average position,41.0,0.024390243902439025,21.341463414634145,1.0
915,client_9958f0a7ae1df715,content_c12f046f428e481f,0.7800095648015304,High priority,low CTR; weak average position,41.0,0.024390243902439025,30.0,1.0
916,client_2094c6eb080311d5,content_9fe41d09210ee3a6,0.7800095648015304,High priority,model-ranked signal combination,40.0,0.05,9.325,4.0
917,client_9958f0a7ae1df715,content_8ad65b4d8d28f14e,0.7800095648015304,High priority,low CTR; weak average position,40.0,0.025,10.075,1.0
918,client_cd12bcfd98942aa1,content_9da6ef749ab0be1e,0.7800095648015304,High priority,low CTR,40.0,0.025,9.175,1.0
919,client_f623b01661d4bfe4,content_99a2d2792c3d8a52,0.7800095648015304,High priority,low CTR; weak average position,39.0,0.02564102564102564,33.07692307692308,1.0
920,client_9958f0a7ae1df715,content_84da5099cb85cc7f,0.7800095648015304,High priority,weak average position,39.0,0.05128205128205128,18.307692307692307,4.0
921,client_9958f0a7ae1df715,content_519247b455757b4d,0.7800095648015304,High priority,low CTR,39.0,0.02564102564102564,6.6923076923076925,1.0
922,client_2094c6eb080311d5,content_f93acb7258aefa61,0.7800095648015304,High priority,low CTR,39.0,0.02564102564102564,3.7948717948717947,2.0
923,client_2094c6eb080311d5,content_8812a45950935497,0.7800095648015304,High priority,low CTR,39.0,0.02564102564102564,8.23076923076923,3.0
924,client_3f0ce4d44fe94f3d,content_20b9db8ff1e1feb7,0.7800095648015304,High priority,low CTR,39.0,0.02564102564102564,7.641025641025641,1.0
925,client_def0955f7a377868,content_c7ab47c6d2cc3220,0.7800095648015304,High priority,low CTR; weak average position,39.0,0.02564102564102564,12.846153846153847,2.0
926,client_f623b01661d4bfe4,content_da221014f1e06410,0.7800095648015304,High priority,low CTR; weak average position,39.0,0.02564102564102564,87.64102564102564,1.0
927,client_3f0ce4d44fe94f3d,content_8aa7967d219e32b9,0.7800095648015304,High priority,low CTR; weak average position,39.0,0.02564102564102564,19.53846153846154,
928,client_0fa64a184f18a4a0,content_d9a4d4e5d92ea890,0.7800095648015304,High priority,low CTR,38.0,0.02631578947368421,5.7631578947368425,
929,client_9958f0a7ae1df715,content_041c5e5202ac68a7,0.7800095648015304,High priority,low CTR; weak average position,38.0,0.02631578947368421,39.078947368421055,
930,client_2094c6eb080311d5,content_ac8ea4c6c95416c8,0.7800095648015304,High priority,low CTR; weak average position,38.0,0.02631578947368421,29.736842105263158,1.0
931,client_3f0ce4d44fe94f3d,content_96c15de1bb4e8e5d,0.7800095648015304,High priority,low CTR,38.0,0.02631578947368421,5.447368421052632,
932,client_2094c6eb080311d5,content_6d55c39587de0148,0.7800095648015304,High priority,low CTR; weak average position,38.0,0.02631578947368421,26.526315789473685,1.0
933,client_cd12bcfd98942aa1,content_88b29346a05faf58,0.7800095648015304,High priority,low CTR,38.0,0.02631578947368421,6.7631578947368425,1.0
934,client_2094c6eb080311d5,content_a096e8a4d4682f7a,0.7800095648015304,High priority,low CTR,37.0,0.02702702702702703,7.837837837837838,
935,client_f623b01661d4bfe4,content_38c5189a9b7f9507,0.7800095648015304,High priority,low CTR; weak average position,37.0,0.02702702702702703,50.891891891891895,6.0
936,client_f623b01661d4bfe4,content_75bd49c4686673b0,0.7800095648015304,High priority,weak average position,37.0,0.05405405405405406,29.27027027027027,1.0
937,client_3f0ce4d44fe94f3d,content_ac4753908f98f134,0.7800095648015304,High priority,low CTR; weak average position,37.0,0.02702702702702703,24.56756756756757,1.0
938,client_2094c6eb080311d5,content_2ece6849c7b26814,0.7800095648015304,High priority,low CTR; weak average position,37.0,0.02702702702702703,70.5945945945946,1.0
939,client_cd12bcfd98942aa1,content_d6544b29a0619872,0.7800095648015304,High priority,low CTR,37.0,0.02702702702702703,7.243243243243243,2.0
940,client_9958f0a7ae1df715,content_4e1150cd3ef295f9,0.7800095648015304,High priority,low CTR; weak average position,37.0,0.02702702702702703,28.972972972972972,2.0
941,client_3f0ce4d44fe94f3d,content_23f4496d7436d667,0.7800095648015304,High priority,low CTR; weak average position,37.0,0.02702702702702703,42.4054054054054,
942,client_2094c6eb080311d5,content_f03ba409c080cd2a,0.7800095648015304,High priority,low CTR,37.0,0.02702702702702703,4.972972972972973,1.0
943,client_f623b01661d4bfe4,content_ca8d8db22774ecaa,0.7800095648015304,High priority,model-ranked signal combination,36.0,0.05555555555555555,7.833333333333333,2.0
944,client_3f0ce4d44fe94f3d,content_6cc2532cdc0bc6f9,0.7800095648015304,High priority,low CTR; weak average position,36.0,0.027777777777777776,30.666666666666668,1.0
945,client_2094c6eb080311d5,content_fd3d5c7df8372e7f,0.7800095648015304,High priority,low CTR; weak average position,36.0,0.027777777777777776,11.38888888888889,
946,client_2094c6eb080311d5,content_2563739a6a0b9f5e,0.7800095648015304,High priority,low CTR; weak average position,36.0,0.027777777777777776,38.833333333333336,
947,client_0fa64a184f18a4a0,content_73329b45ee47178f,0.7800095648015304,High priority,model-ranked signal combination,36.0,0.05555555555555555,6.166666666666667,2.0
948,client_9958f0a7ae1df715,content_92819f9de52f5c8c,0.7800095648015304,High priority,low CTR; weak average position,36.0,0.027777777777777776,70.69444444444444,3.0
949,client_f623b01661d4bfe4,content_538eecfb5df33138,0.7800095648015304,High priority,low CTR; weak average position,36.0,0.027777777777777776,46.416666666666664,1.0
950,client_2094c6eb080311d5,content_3e098edc6c089d59,0.7800095648015304,High priority,low CTR,35.0,0.02857142857142857,6.0285714285714285,2.0
951,client_cd12bcfd98942aa1,content_aa0e91d8ff7d181e,0.7800095648015304,High priority,low CTR,35.0,0.02857142857142857,8.571428571428571,1.0
952,client_cd12bcfd98942aa1,content_b9dbc00c2bf6ed36,0.7800095648015304,High priority,low CTR,35.0,0.02857142857142857,4.314285714285714,2.0
953,client_f623b01661d4bfe4,content_6250812f9f02461c,0.7800095648015304,High priority,low CTR; weak average position,34.0,0.029411764705882353,16.764705882352942,1.0
954,client_f623b01661d4bfe4,content_3cda7d3185815ca3,0.7800095648015304,High priority,low CTR; weak average position,34.0,0.029411764705882353,33.61764705882353,2.0
955,client_2094c6eb080311d5,content_60a88391cf87a5b5,0.7800095648015304,High priority,low CTR,34.0,0.029411764705882353,6.0588235294117645,1.0
956,client_0fa64a184f18a4a0,content_da0a2a0082060db7,0.7800095648015304,High priority,low CTR,34.0,0.029411764705882353,4.970588235294118,
957,client_2094c6eb080311d5,content_fc75dc5147878366,0.7800095648015304,High priority,low CTR; weak average position,34.0,0.029411764705882353,10.5,1.0
958,client_3f0ce4d44fe94f3d,content_2c6cc03dbc6f12ea,0.7800095648015304,High priority,low CTR,34.0,0.029411764705882353,4.794117647058823,1.0
959,client_cd12bcfd98942aa1,content_9f4122a260a8079d,0.7800095648015304,High priority,low CTR,33.0,0.030303030303030304,6.7272727272727275,8.0
960,client_9958f0a7ae1df715,content_c6f07a272fcc6fa9,0.7800095648015304,High priority,weak average position,33.0,0.06060606060606061,40.39393939393939,3.0
961,client_9958f0a7ae1df715,content_1f8991f8b73dfbed,0.7800095648015304,High priority,low CTR; weak average position,33.0,0.030303030303030304,54.24242424242424,4.0
962,client_2094c6eb080311d5,content_20deb9d6b126096d,0.7800095648015304,High priority,low CTR,33.0,0.030303030303030304,9.333333333333334,4.0
963,client_2094c6eb080311d5,content_a3b4b4afe164bff0,0.7800095648015304,High priority,low CTR; weak average position,33.0,0.030303030303030304,14.848484848484848,
964,client_2094c6eb080311d5,content_bf80330075dbfca2,0.7800095648015304,High priority,model-ranked signal combination,33.0,0.06060606060606061,9.757575757575758,2.0
965,client_9958f0a7ae1df715,content_28fd20eaa4dc6395,0.7800095648015304,High priority,weak average position,33.0,0.06060606060606061,21.09090909090909,2.0
966,client_9958f0a7ae1df715,content_f0b847cac5f3ecb8,0.7800095648015304,High priority,low CTR; weak average position,33.0,0.030303030303030304,13.787878787878787,9.0
967,client_3f0ce4d44fe94f3d,content_b0fb7d22899634c2,0.7800095648015304,High priority,low CTR,33.0,0.030303030303030304,0.48484848484848486,1.0
968,client_cd12bcfd98942aa1,content_da72809e4bc204ee,0.7800095648015304,High priority,low CTR,32.0,0.03125,8.6875,4.0
969,client_f623b01661d4bfe4,content_8803061d49528430,0.7800095648015304,High priority,model-ranked signal combination,32.0,0.0625,7.375,2.0
970,client_0fa64a184f18a4a0,content_a681adbd625b707b,0.7800095648015304,High priority,low CTR,31.0,0.03225806451612903,7.806451612903226,
971,client_3f0ce4d44fe94f3d,content_db68dcc1b1b3cac3,0.7800095648015304,High priority,low CTR,31.0,0.03225806451612903,7.225806451612903,
972,client_2094c6eb080311d5,content_653065915034792f,0.7800095648015304,High priority,low CTR,31.0,0.03225806451612903,4.903225806451613,5.0
973,client_f623b01661d4bfe4,content_5c8c188606e8ab48,0.7800095648015304,High priority,low CTR; weak average position,31.0,0.03225806451612903,53.483870967741936,
974,client_3f0ce4d44fe94f3d,content_b5791c75f70cee50,0.7800095648015304,High priority,low CTR,31.0,0.03225806451612903,5.516129032258065,
975,client_cd12bcfd98942aa1,content_492aac70b48510a4,0.7800095648015304,High priority,model-ranked signal combination,31.0,0.06451612903225806,7.935483870967742,2.0
976,client_0fa64a184f18a4a0,content_4a43cbacff1e5b31,0.7800095648015304,High priority,low CTR,31.0,0.03225806451612903,2.5806451612903225,1.0
977,client_2094c6eb080311d5,content_37257c378273c89f,0.7800095648015304,High priority,low CTR,31.0,0.03225806451612903,5.225806451612903,1.0
978,client_2094c6eb080311d5,content_82e1dc8e47f7f5fd,0.7800095648015304,High priority,low CTR,31.0,0.03225806451612903,4.064516129032258,1.0
979,client_9958f0a7ae1df715,content_3c1e17301a06a1a6,0.7800095648015304,High priority,low CTR; weak average position,31.0,0.03225806451612903,20.096774193548388,1.0
980,client_f623b01661d4bfe4,content_b9a847914ff95d2a,0.7800095648015304,High priority,low CTR; weak average position,30.0,0.03333333333333333,48.266666666666666,2.0
981,client_2094c6eb080311d5,content_323d85cb8d44ab59,0.7800095648015304,High priority,low CTR; weak average position,30.0,0.03333333333333333,10.066666666666666,10.0
982,client_3f0ce4d44fe94f3d,content_6cc5419a56c4d745,0.7800095648015304,High priority,low CTR; weak average position,30.0,0.03333333333333333,58.3,1.0
983,client_f623b01661d4bfe4,content_785a3e235b63a29f,0.7800095648015304,High priority,low CTR; weak average position,30.0,0.03333333333333333,22.0,3.0
984,client_9958f0a7ae1df715,content_c506fe43588ead0e,0.7800095648015304,High priority,low CTR; weak average position,30.0,0.03333333333333333,24.466666666666665,1.0
985,client_2094c6eb080311d5,content_0bab701e2f7a1ffa,0.7800095648015304,High priority,low CTR; weak average position,30.0,0.03333333333333333,11.0,6.0
986,client_f623b01661d4bfe4,content_9c893ad240180202,0.7800095648015304,High priority,low CTR,30.0,0.03333333333333333,7.1,1.0
987,client_2094c6eb080311d5,content_424ae948897a8206,0.7800095648015304,High priority,low CTR; weak average position,30.0,0.03333333333333333,41.833333333333336,2.0
988,client_2094c6eb080311d5,content_82f9d38261f2ce09,0.7800095648015304,High priority,low CTR; weak average position,30.0,0.03333333333333333,32.166666666666664,2.0
989,client_0fa64a184f18a4a0,content_29a04c5466d9ca5f,0.7800095648015304,High priority,low CTR,29.0,0.034482758620689655,4.931034482758621,1.0
990,client_9958f0a7ae1df715,content_e0c51192cabf7175,0.7800095648015304,High priority,low CTR,29.0,0.034482758620689655,4.655172413793103,1.0
991,client_9958f0a7ae1df715,content_63c49b90bdacf858,0.7800095648015304,High priority,low CTR,29.0,0.034482758620689655,9.89655172413793,2.0
992,client_0fa64a184f18a4a0,content_7d4ee547907a3e4b,0.7800095648015304,High priority,model-ranked signal combination,29.0,0.06896551724137931,7.344827586206897,2.0
993,client_2094c6eb080311d5,content_a3379fade728f73d,0.7800095648015304,High priority,low CTR,29.0,0.034482758620689655,9.724137931034482,1.0
994,client_2094c6eb080311d5,content_ca84f1c0a5a3786b,0.7800095648015304,High priority,low CTR; weak average position,29.0,0.034482758620689655,32.827586206896555,1.0
995,client_f623b01661d4bfe4,content_38da1c5f2f242359,0.7800095648015304,High priority,low CTR; weak average position,29.0,0.034482758620689655,64.72413793103448,1.0
996,client_3f0ce4d44fe94f3d,content_b874720a263df7a1,0.7800095648015304,High priority,low CTR; weak average position,29.0,0.034482758620689655,11.068965517241379,
997,client_f623b01661d4bfe4,content_e216846938d8ab56,0.7800095648015304,High priority,low CTR; weak average position,29.0,0.034482758620689655,89.34482758620689,1.0
998,client_2094c6eb080311d5,content_209db6f9bdf9ee47,0.7800095648015304,High priority,low CTR; weak average position,29.0,0.034482758620689655,25.06896551724138,1.0
999,client_3f0ce4d44fe94f3d,content_697e40335cda52e2,0.7800095648015304,High priority,low CTR; weak average position,28.0,0.03571428571428571,10.892857142857142,
1000,client_2094c6eb080311d5,content_3665e0a4faaa1cb7,0.7800095648015304,High priority,low CTR; weak average position,28.0,0.03571428571428571,17.035714285714285,1.0
1001,client_9958f0a7ae1df715,content_b90dc22882e9db99,0.7800095648015304,High priority,low CTR; weak average position,28.0,0.03571428571428571,36.92857142857143,5.0
1002,client_2094c6eb080311d5,content_f3c58a5bf1af50e4,0.7800095648015304,High priority,weak average position,28.0,0.07142857142857142,11.464285714285714,2.0
1003,client_2094c6eb080311d5,content_e9d664e6919be50e,0.7800095648015304,High priority,low CTR; weak average position,28.0,0.03571428571428571,20.392857142857142,1.0
1004,client_2094c6eb080311d5,content_7eb4446ac76e5819,0.7800095648015304,High priority,weak average position,28.0,0.07142857142857142,12.928571428571429,2.0
1005,client_9958f0a7ae1df715,content_d75f8cace026210e,0.7800095648015304,High priority,low CTR,28.0,0.03571428571428571,6.392857142857143,1.0
1006,client_cd12bcfd98942aa1,content_5ceb6bfe5b5a6f32,0.7800095648015304,High priority,low CTR,28.0,0.03571428571428571,8.857142857142858,
1007,client_9958f0a7ae1df715,content_6459376cf35e2381,0.7800095648015304,High priority,low CTR; weak average position,27.0,0.037037037037037035,34.333333333333336,
1008,client_2094c6eb080311d5,content_42fb132b90f37f94,0.7800095648015304,High priority,low CTR,27.0,0.037037037037037035,5.296296296296297,2.0
1009,client_2094c6eb080311d5,content_10cd008ca4972f71,0.7800095648015304,High priority,low CTR,27.0,0.037037037037037035,3.962962962962963,4.0
1010,client_2094c6eb080311d5,content_cc41c3f2d4364f2d,0.7800095648015304,High priority,low CTR,27.0,0.037037037037037035,5.222222222222222,1.0
1011,client_f623b01661d4bfe4,content_d2f7a49f6c2b7369,0.7800095648015304,High priority,low CTR,27.0,0.037037037037037035,5.888888888888889,2.0
1012,client_def0955f7a377868,content_cef85af8241232f9,0.7800095648015304,High priority,low CTR,27.0,0.037037037037037035,8.851851851851851,3.0
1013,client_2094c6eb080311d5,content_222b03f380d9abeb,0.7800095648015304,High priority,low CTR,27.0,0.037037037037037035,7.777777777777778,1.0
1014,client_0fa64a184f18a4a0,content_fa7998ba754e9304,0.7800095648015304,High priority,low CTR,27.0,0.037037037037037035,2.111111111111111,
1015,client_9958f0a7ae1df715,content_975c9759f98eb0c0,0.7800095648015304,High priority,low CTR; weak average position,27.0,0.037037037037037035,41.333333333333336,3.0
1016,client_3f0ce4d44fe94f3d,content_3c041b4abd611c99,0.7800095648015304,High priority,low CTR,27.0,0.037037037037037035,2.888888888888889,1.0
1017,client_f623b01661d4bfe4,content_40e1b5a0a7efd286,0.7800095648015304,High priority,low CTR; weak average position,26.0,0.038461538461538464,78.8076923076923,1.0
1018,client_2094c6eb080311d5,content_379b1998ca006852,0.7800095648015304,High priority,low CTR,26.0,0.038461538461538464,3.576923076923077,
1019,client_3f0ce4d44fe94f3d,content_5577fa91ce95d41e,0.7800095648015304,High priority,low CTR,26.0,0.038461538461538464,3.3076923076923075,1.0
1020,client_cd12bcfd98942aa1,content_aeb6c2355a90b492,0.7800095648015304,High priority,low CTR,26.0,0.038461538461538464,7.884615384615385,
1021,client_def0955f7a377868,content_e0e830361d248db9,0.7800095648015304,High priority,low CTR,26.0,0.038461538461538464,8.076923076923077,1.0
1022,client_0fa64a184f18a4a0,content_04470db293f90bb6,0.7800095648015304,High priority,low CTR,26.0,0.038461538461538464,4.615384615384615,1.0
1023,client_cd12bcfd98942aa1,content_beeffb56218a0e33,0.7800095648015304,High priority,low CTR,26.0,0.038461538461538464,5.730769230769231,2.0
1024,client_cd12bcfd98942aa1,content_b4349927035af0bc,0.7800095648015304,High priority,low CTR,26.0,0.038461538461538464,6.884615384615385,2.0
1025,client_f623b01661d4bfe4,content_0f691fd21b174dce,0.7800095648015304,High priority,low CTR; weak average position,26.0,0.038461538461538464,16.0,1.0
1026,client_8dbf3abdf07569e0,content_121e3f7e8a310107,0.7800095648015304,High priority,low CTR,25.0,0.04,7.64,
1027,client_0fa64a184f18a4a0,content_1dfa69b3a2e5c9ed,0.7800095648015304,High priority,low CTR,25.0,0.04,5.08,1.0
1028,client_cd12bcfd98942aa1,content_94beab56ccd19cf8,0.7800095648015304,High priority,low CTR; weak average position,25.0,0.04,13.04,1.0
1029,client_3f0ce4d44fe94f3d,content_866d34b452808b80,0.7800095648015304,High priority,low CTR; weak average position,25.0,0.04,30.68,1.0
1030,client_cd12bcfd98942aa1,content_6139aad96670e9d2,0.7800095648015304,High priority,low CTR,25.0,0.04,8.36,2.0
1031,client_2094c6eb080311d5,content_23ba980a407fb778,0.7800095648015304,High priority,low CTR; weak average position,25.0,0.04,20.04,1.0
1032,client_2094c6eb080311d5,content_afb03e4f42532cc1,0.7800095648015304,High priority,low CTR,25.0,0.04,1.12,1.0
1033,client_def0955f7a377868,content_b93db99292b54061,0.7800095648015304,High priority,low CTR; weak average position,24.0,0.041666666666666664,14.75,1.0
1034,client_cd12bcfd98942aa1,content_a9879e22946f9ecc,0.7800095648015304,High priority,low CTR; weak average position,24.0,0.041666666666666664,11.666666666666666,6.0
1035,client_2094c6eb080311d5,content_4380f8ef0ec53f74,0.7800095648015304,High priority,low CTR; weak average position,24.0,0.041666666666666664,12.583333333333334,1.0
1036,client_2094c6eb080311d5,content_5064cf83d45d0390,0.7800095648015304,High priority,low CTR; weak average position,24.0,0.041666666666666664,13.041666666666666,
1037,client_2094c6eb080311d5,content_e108196ee96cf9c1,0.7800095648015304,High priority,low CTR,24.0,0.041666666666666664,3.5,
1038,client_0fa64a184f18a4a0,content_fe75b57aa87d5e1e,0.7800095648015304,High priority,low CTR; weak average position,24.0,0.041666666666666664,10.333333333333334,1.0
1039,client_f623b01661d4bfe4,content_24423388b52fd624,0.7800095648015304,High priority,low CTR; weak average position,24.0,0.041666666666666664,62.541666666666664,1.0
1040,client_3f0ce4d44fe94f3d,content_6ea82d6aa8dfd320,0.7800095648015304,High priority,low CTR,23.0,0.043478260869565216,3.4347826086956523,
1041,client_2094c6eb080311d5,content_f4b936dc363a6d80,0.7800095648015304,High priority,low CTR,23.0,0.043478260869565216,7.565217391304348,
1042,client_2094c6eb080311d5,content_27da25bf3a04d668,0.7800095648015304,High priority,low CTR,23.0,0.043478260869565216,4.869565217391305,1.0
1043,client_def0955f7a377868,content_01f40ec2cb0fd58f,0.7800095648015304,High priority,low CTR; weak average position,23.0,0.043478260869565216,11.869565217391305,2.0
1044,client_f623b01661d4bfe4,content_f4a539fead918e99,0.7800095648015304,High priority,low CTR,23.0,0.043478260869565216,7.304347826086956,
1045,client_3f0ce4d44fe94f3d,content_281788efa0bd47ce,0.7800095648015304,High priority,low CTR,23.0,0.043478260869565216,7.521739130434782,
1046,client_2094c6eb080311d5,content_9bab5e0b6fb06a53,0.7800095648015304,High priority,low CTR,23.0,0.043478260869565216,6.565217391304348,1.0
1047,client_f623b01661d4bfe4,content_f801592fc91838a5,0.7800095648015304,High priority,low CTR; weak average position,23.0,0.043478260869565216,14.434782608695652,1.0
1048,client_cd12bcfd98942aa1,content_070161f34422502c,0.7800095648015304,High priority,low CTR,23.0,0.043478260869565216,8.434782608695652,1.0
1049,client_3f0ce4d44fe94f3d,content_1b7b33783a0fdaf8,0.7800095648015304,High priority,low CTR; weak average position,23.0,0.043478260869565216,43.04347826086956,1.0
1050,client_2094c6eb080311d5,content_45be4b3164ae7d84,0.7800095648015304,High priority,low CTR,23.0,0.043478260869565216,5.217391304347826,1.0
1051,client_2094c6eb080311d5,content_8daec6107cca13bd,0.7800095648015304,High priority,low CTR; weak average position,23.0,0.043478260869565216,18.08695652173913,1.0
1052,client_2094c6eb080311d5,content_1dff7bd32b42e02d,0.7800095648015304,High priority,low CTR,23.0,0.043478260869565216,8.347826086956522,3.0
1053,client_f623b01661d4bfe4,content_515d74a5f2be3a4e,0.7800095648015304,High priority,low CTR; weak average position,22.0,0.045454545454545456,10.272727272727273,1.0
1054,client_cd12bcfd98942aa1,content_507704a4321baa31,0.7800095648015304,High priority,low CTR,22.0,0.045454545454545456,5.863636363636363,
1055,client_9958f0a7ae1df715,content_a62aeca98d4df229,0.7800095648015304,High priority,low CTR; weak average position,22.0,0.045454545454545456,10.272727272727273,1.0
1056,client_2094c6eb080311d5,content_49e0201b5789c3b0,0.7800095648015304,High priority,low CTR,22.0,0.045454545454545456,6.363636363636363,
1057,client_cd12bcfd98942aa1,content_52e84a3cd4cc9bd6,0.7800095648015304,High priority,low CTR,22.0,0.045454545454545456,9.318181818181818,1.0
1058,client_2094c6eb080311d5,content_0b2dae150fefa2e7,0.7800095648015304,High priority,low CTR,22.0,0.045454545454545456,6.7727272727272725,1.0
1059,client_9958f0a7ae1df715,content_023de10de24dd9df,0.7800095648015304,High priority,low CTR,22.0,0.045454545454545456,5.954545454545454,1.0
1060,client_cd12bcfd98942aa1,content_35bed82cb9ddb654,0.7800095648015304,High priority,low CTR,22.0,0.045454545454545456,5.590909090909091,1.0
1061,client_2094c6eb080311d5,content_dc4a4c6c2ab21892,0.7800095648015304,High priority,low CTR,22.0,0.045454545454545456,7.045454545454546,
1062,client_f623b01661d4bfe4,content_07448630c4c2d66c,0.7800095648015304,High priority,low CTR; weak average position,22.0,0.045454545454545456,26.90909090909091,1.0
1063,client_cd12bcfd98942aa1,content_540e4723f19282e3,0.7800095648015304,High priority,low CTR,22.0,0.045454545454545456,6.818181818181818,
1064,client_9958f0a7ae1df715,content_54b254391ee5176b,0.7800095648015304,High priority,low CTR; weak average position,21.0,0.047619047619047616,21.904761904761905,
1065,client_2094c6eb080311d5,content_f6e794a0750acfb2,0.7800095648015304,High priority,low CTR; weak average position,21.0,0.047619047619047616,29.238095238095237,
1066,client_9958f0a7ae1df715,content_266f1a2bba246a42,0.7800095648015304,High priority,low CTR; weak average position,21.0,0.047619047619047616,26.238095238095237,4.0
1067,client_2094c6eb080311d5,content_1e99872838ecba1b,0.7800095648015304,High priority,low CTR; weak average position,21.0,0.047619047619047616,14.0,2.0
1068,client_2094c6eb080311d5,content_5e53996e82e2824c,0.7800095648015304,High priority,model-ranked signal combination,20.0,0.05,6.35,1.0
1069,client_f623b01661d4bfe4,content_4a4c8cfd34edbcd0,0.7800095648015304,High priority,weak average position,20.0,0.05,36.4,1.0
1070,client_f623b01661d4bfe4,content_cfef1877915621a1,0.7800095648015304,High priority,weak average position,20.0,0.05,11.05,1.0
1071,client_f623b01661d4bfe4,content_882134108ac28024,0.7800095648015304,High priority,model-ranked signal combination,20.0,0.05,4.35,1.0
1072,client_2094c6eb080311d5,content_9eb1f0e9df47ae4d,0.7800095648015304,High priority,model-ranked signal combination,20.0,0.05,4.95,1.0
1073,client_f623b01661d4bfe4,content_617437a09169b4b3,0.7800095648015304,High priority,weak average position,20.0,0.05,19.85,1.0
1074,client_f623b01661d4bfe4,content_ba1a211882c8fe8a,0.7800095648015304,High priority,weak average position,20.0,0.05,26.95,
1075,client_2094c6eb080311d5,content_fcc52df0cf6919b2,0.7800095648015304,High priority,weak average position,19.0,0.05263157894736842,16.894736842105264,1.0
1076,client_cd12bcfd98942aa1,content_6f372567501560ba,0.7800095648015304,High priority,model-ranked signal combination,19.0,0.05263157894736842,8.421052631578947,1.0
1077,client_def0955f7a377868,content_bb7f9c5511d39f91,0.7800095648015304,High priority,weak average position,19.0,0.05263157894736842,11.157894736842104,1.0
1078,client_2094c6eb080311d5,content_9f58aa06602e908a,0.7800095648015304,High priority,model-ranked signal combination,18.0,0.05555555555555555,3.111111111111111,2.0
1079,client_f623b01661d4bfe4,content_0eca8b0633b0d35c,0.7800095648015304,High priority,model-ranked signal combination,18.0,0.05555555555555555,8.722222222222221,
1080,client_2094c6eb080311d5,content_e31e62a0a7610697,0.7800095648015304,High priority,model-ranked signal combination,18.0,0.05555555555555555,5.277777777777778,
1081,client_2094c6eb080311d5,content_a99fb3df6956f49e,0.7800095648015304,High priority,model-ranked signal combination,18.0,0.05555555555555555,8.5,1.0
1082,client_0fa64a184f18a4a0,content_b8f5807949738eb5,0.7800095648015304,High priority,model-ranked signal combination,18.0,0.05555555555555555,4.055555555555555,1.0
1083,client_0fa64a184f18a4a0,content_84526a07abc87a24,0.7800095648015304,High priority,model-ranked signal combination,18.0,0.05555555555555555,8.166666666666666,
1084,client_f623b01661d4bfe4,content_e0f1ba9b788cee42,0.7800095648015304,High priority,weak average position,18.0,0.05555555555555555,77.33333333333333,1.0
1085,client_cd12bcfd98942aa1,content_0a9f36ded2135870,0.7800095648015304,High priority,model-ranked signal combination,18.0,0.05555555555555555,7.166666666666667,1.0
1086,client_f623b01661d4bfe4,content_d951600f6b677fb5,0.7800095648015304,High priority,weak average position,17.0,0.058823529411764705,39.411764705882355,1.0
1087,client_f623b01661d4bfe4,content_5d26edea0e481f1a,0.7800095648015304,High priority,weak average position,17.0,0.058823529411764705,32.94117647058823,2.0
1088,client_3f0ce4d44fe94f3d,content_ea67f8be019f32e4,0.7800095648015304,High priority,model-ranked signal combination,17.0,0.058823529411764705,3.9411764705882355,1.0
1089,client_f623b01661d4bfe4,content_9761795d2f1672b6,0.7800095648015304,High priority,model-ranked signal combination,17.0,0.058823529411764705,0.0,1.0
1090,client_f623b01661d4bfe4,content_c4273d6556e0bc7e,0.7800095648015304,High priority,weak average position,17.0,0.058823529411764705,10.294117647058824,1.0
1091,client_f623b01661d4bfe4,content_18ff88cad13a1b0e,0.7800095648015304,High priority,weak average position,17.0,0.058823529411764705,12.705882352941176,1.0
1092,client_2094c6eb080311d5,content_fd71603e0249e8e8,0.7800095648015304,High priority,weak average position,17.0,0.058823529411764705,19.11764705882353,1.0
1093,client_9958f0a7ae1df715,content_440621aab72727ea,0.7800095648015304,High priority,weak average position,16.0,0.0625,29.6875,1.0
1094,client_2094c6eb080311d5,content_76665f845d338d6e,0.7800095648015304,High priority,model-ranked signal combination,16.0,0.0625,6.4375,1.0
1095,client_f623b01661d4bfe4,content_13da4f3a124467af,0.7800095648015304,High priority,model-ranked signal combination,16.0,0.0625,7.625,8.0
1096,client_cd12bcfd98942aa1,content_c95697bc5bfa5b2f,0.7800095648015304,High priority,weak average position,16.0,0.0625,10.25,1.0
1097,client_cd12bcfd98942aa1,content_7c79a2a97f1d78b4,0.7800095648015304,High priority,model-ranked signal combination,16.0,0.0625,7.625,1.0
1098,client_2094c6eb080311d5,content_179186f995988e04,0.7800095648015304,High priority,model-ranked signal combination,16.0,0.0625,7.75,
1099,client_2094c6eb080311d5,content_0323e75db978057c,0.7800095648015304,High priority,weak average position,16.0,0.0625,16.9375,1.0
1100,client_9958f0a7ae1df715,content_c7869eaae433492d,0.7800095648015304,High priority,weak average position,16.0,0.0625,17.0,1.0
1101,client_3f0ce4d44fe94f3d,content_0c55ebe51aff479e,0.7800095648015304,High priority,weak average position,15.0,0.06666666666666667,21.466666666666665,1.0
1102,client_f623b01661d4bfe4,content_425db99acbb5f7ba,0.7800095648015304,High priority,weak average position,15.0,0.06666666666666667,31.533333333333335,0.0
1103,client_cd12bcfd98942aa1,content_d12aec191810623e,0.7800095648015304,High priority,model-ranked signal combination,15.0,0.06666666666666667,8.2,
1104,client_cd12bcfd98942aa1,content_80eeca8e5237702c,0.7800095648015304,High priority,weak average position,15.0,0.06666666666666667,10.533333333333333,1.0
1105,client_f623b01661d4bfe4,content_72322b2e60121ce7,0.7800095648015304,High priority,weak average position,15.0,0.06666666666666667,15.0,1.0
1106,client_3f0ce4d44fe94f3d,content_c77f0a06fa10040f,0.7800095648015304,High priority,weak average position,15.0,0.06666666666666667,51.93333333333333,1.0
1107,client_2094c6eb080311d5,content_3958352d9942c844,0.7800095648015304,High priority,model-ranked signal combination,15.0,0.06666666666666667,8.533333333333333,1.0
1108,client_cd12bcfd98942aa1,content_b2e0575bcfda3ed3,0.7800095648015304,High priority,model-ranked signal combination,14.0,0.07142857142857142,6.071428571428571,1.0
1109,client_3f0ce4d44fe94f3d,content_e2e2f4fa039d47c8,0.7800095648015304,High priority,model-ranked signal combination,14.0,0.07142857142857142,3.5,1.0
1110,client_2094c6eb080311d5,content_c24396cf858dfd8a,0.7800095648015304,High priority,weak average position,14.0,0.07142857142857142,17.214285714285715,3.0
1111,client_9958f0a7ae1df715,content_5a86aed0834fe29b,0.7800095648015304,High priority,weak average position,14.0,0.07142857142857142,31.0,1.0
1112,client_f623b01661d4bfe4,content_af8c424e8248a45a,0.7800095648015304,High priority,model-ranked signal combination,14.0,0.07142857142857142,8.142857142857142,1.0
1113,client_2094c6eb080311d5,content_a0574ea5ed2c0cf0,0.7800095648015304,High priority,weak average position,14.0,0.07142857142857142,25.071428571428573,
1114,client_f623b01661d4bfe4,content_54560adee139170b,0.7800095648015304,High priority,model-ranked signal combination,14.0,0.07142857142857142,2.7857142857142856,
1115,client_cd12bcfd98942aa1,content_7e46df76968ff6c9,0.7800095648015304,High priority,weak average position,14.0,0.07142857142857142,11.571428571428571,2.0
1116,client_f623b01661d4bfe4,content_9ee2ccaabff81f61,0.7800095648015304,High priority,weak average position,14.0,0.07142857142857142,48.92857142857143,1.0
1117,client_0fa64a184f18a4a0,content_902883212bc90ae8,0.7800095648015304,High priority,model-ranked signal combination,14.0,0.07142857142857142,3.7142857142857144,1.0
1118,client_f623b01661d4bfe4,content_871fee0ffa83b79e,0.7800095648015304,High priority,weak average position,14.0,0.07142857142857142,14.214285714285714,1.0
1119,client_9958f0a7ae1df715,content_7990908859880eea,0.7800095648015304,High priority,weak average position,14.0,0.07142857142857142,19.357142857142858,1.0
1120,client_f623b01661d4bfe4,content_70e3228c9596d56d,0.7800095648015304,High priority,weak average position,14.0,0.07142857142857142,50.07142857142857,1.0
1121,client_cd12bcfd98942aa1,content_82904fafdcb62cbb,0.7800095648015304,High priority,model-ranked signal combination,14.0,0.07142857142857142,9.071428571428571,2.0
1122,client_3f0ce4d44fe94f3d,content_0b628d4de0ca17cb,0.6782138024357239,Medium priority,low CTR; high impressions,28795.0,0.0012849453030039937,5.1243618683799275,17.0
1123,client_3f0ce4d44fe94f3d,content_99e331f3466d8a9f,0.6782138024357239,Medium priority,low CTR; high impressions,20498.0,0.002439262367060201,4.152209971704557,27.0
1124,client_3f0ce4d44fe94f3d,content_23d3ffd9b93c51b1,0.6782138024357239,Medium priority,low CTR; high impressions,19583.0,0.002144717356891181,7.036766583260992,31.0
1125,client_3f0ce4d44fe94f3d,content_7f1a82618d10b205,0.6782138024357239,Medium priority,low CTR; high impressions,18689.0,0.0017657445556209534,5.1484830649044895,24.0
1126,client_3f0ce4d44fe94f3d,content_f79972e4438a9a03,0.6782138024357239,Medium priority,low CTR; high impressions,18450.0,0.0017344173441734417,3.9137669376693767,12.0
1127,client_3f0ce4d44fe94f3d,content_82c21bfe2038b88d,0.6782138024357239,Medium priority,low CTR; high impressions,18228.0,0.0019749835418038184,3.533245556287031,16.0
1128,client_3f0ce4d44fe94f3d,content_277e38945834136d,0.6782138024357239,Medium priority,low CTR; high impressions,18116.0,0.0028151909913888278,4.3749724000883194,25.0
1129,client_3f0ce4d44fe94f3d,content_38bd7685e5a95c09,0.6782138024357239,Medium priority,low CTR; high impressions,18037.0,0.0027166380218439875,2.540555524754671,40.0
1130,client_9958f0a7ae1df715,content_ef1caed111f80858,0.6782138024357239,Medium priority,low CTR; high impressions,16519.0,0.0011501906895090503,6.159028996912646,19.0
1131,client_3f0ce4d44fe94f3d,content_1807a69fb828e30d,0.6782138024357239,Medium priority,low CTR; high impressions,15470.0,0.0019392372333548805,4.5690368455074335,25.0
1132,client_3f0ce4d44fe94f3d,content_714d1c62a268e14d,0.6782138024357239,Medium priority,low CTR; high impressions,14226.0,0.004077042035709265,5.007662027274005,40.0
1133,client_3f0ce4d44fe94f3d,content_0e329863b50283c6,0.6782138024357239,Medium priority,low CTR; high impressions,13257.0,0.0015086369465188202,2.17915063739911,4.0
1134,client_3f0ce4d44fe94f3d,content_0f8023b2902c6860,0.6782138024357239,Medium priority,low CTR; high impressions,12550.0,0.002470119521912351,2.785418326693227,41.0
1135,client_3f0ce4d44fe94f3d,content_41d1f8f281f994bb,0.6782138024357239,Medium priority,low CTR; high impressions,11262.0,0.002131060202450719,4.105842656721719,15.0
1136,client_3f0ce4d44fe94f3d,content_3d9295147c6f54f6,0.6782138024357239,Medium priority,low CTR; high impressions,10808.0,0.0042561065877128055,2.2486121391561804,24.0
1137,client_3f0ce4d44fe94f3d,content_64776f0484688cea,0.6782138024357239,Medium priority,low CTR; high impressions,10756.0,0.00251022685013016,4.259483079211603,16.0
1138,client_3f0ce4d44fe94f3d,content_839bc59672d6de8e,0.6782138024357239,Medium priority,low CTR; high impressions,10574.0,0.002742576130130509,2.020049177227161,16.0
1139,client_3f0ce4d44fe94f3d,content_9ef2ed88a984d8bf,0.6782138024357239,Medium priority,low CTR; high impressions,10522.0,0.001995818285497054,4.500665272761832,11.0
1140,client_9958f0a7ae1df715,content_237e63fc00c8c7ad,0.6782138024357239,Medium priority,low CTR; high impressions,9937.0,0.004125993760692362,7.124182348797424,40.0
1141,client_3f0ce4d44fe94f3d,content_790d3527f2e9b616,0.6782138024357239,Medium priority,low CTR; high impressions,9867.0,0.0016215668389581433,7.126482213438735,8.0
1142,client_3f0ce4d44fe94f3d,content_82d62cadeabe8918,0.6782138024357239,Medium priority,low CTR; high impressions,9623.0,0.0018705185493089473,2.350930063389795,12.0
1143,client_9958f0a7ae1df715,content_838448bb9f166179,0.6782138024357239,Medium priority,low CTR; high impressions,9610.0,0.001768990634755463,6.89375650364204,23.0
1144,client_3f0ce4d44fe94f3d,content_aacf2ff04e0d200b,0.6782138024357239,Medium priority,low CTR; high impressions,9348.0,0.0018185708172871202,4.472614462986735,8.0
1145,client_3f0ce4d44fe94f3d,content_544f6638b8056989,0.6782138024357239,Medium priority,low CTR; high impressions,9277.0,0.0032338040314756926,4.209873881642772,17.0
1146,client_3f0ce4d44fe94f3d,content_481aa06edf5b79b5,0.6782138024357239,Medium priority,low CTR; high impressions,9111.0,0.0043902974426517395,5.452529908901328,25.0
1147,client_9958f0a7ae1df715,content_5bbe114b3a7e1d3f,0.6782138024357239,Medium priority,low CTR; high impressions,9038.0,0.00199159105996902,6.043372427528214,21.0
1148,client_0fa64a184f18a4a0,content_e039d9f5d013cf3e,0.6782138024357239,Medium priority,low CTR; high impressions,9025.0,0.002659279778393352,2.6788919667590028,18.0
1149,client_3f0ce4d44fe94f3d,content_510047a9474687ca,0.6782138024357239,Medium priority,low CTR; high impressions,8642.0,0.0017357093265447812,5.259430687340894,7.0
1150,client_3f0ce4d44fe94f3d,content_f7bb377e9cc57d0c,0.6782138024357239,Medium priority,low CTR; high impressions,7827.0,0.0019164430816404753,3.3211958604829435,8.0
1151,client_3f0ce4d44fe94f3d,content_3ee6b2f0c2a54bc1,0.6782138024357239,Medium priority,low CTR; high impressions,7773.0,0.004374115528110125,4.913804194004888,21.0
1152,client_0fa64a184f18a4a0,content_50d8ecd41930110f,0.6782138024357239,Medium priority,low CTR; high impressions,7754.0,0.002837245292752128,1.4299716275470724,21.0
1153,client_3f0ce4d44fe94f3d,content_92a8608ce91ac5a7,0.6782138024357239,Medium priority,low CTR; high impressions,7686.0,0.0020817069997397866,4.155477491543065,7.0
1154,client_0fa64a184f18a4a0,content_bdae67e200ceafc6,0.6782138024357239,Medium priority,low CTR; high impressions,7680.0,0.003515625,3.0864583333333333,23.0
1155,client_3f0ce4d44fe94f3d,content_b542a9f2a73e58e7,0.6782138024357239,Medium priority,low CTR; high impressions,7647.0,0.002876945207270825,5.92049169608997,16.0
1156,client_0fa64a184f18a4a0,content_04b7abe75a1b84f7,0.6782138024357239,Medium priority,low CTR; high impressions,7598.0,0.003948407475651487,4.289418267965254,26.0
1157,client_3f0ce4d44fe94f3d,content_4f85ebf5cc68f75a,0.6782138024357239,Medium priority,low CTR; high impressions,7536.0,0.001459660297239915,3.8463375796178343,9.0
1158,client_3f0ce4d44fe94f3d,content_487dfed1dc8dc39a,0.6782138024357239,Medium priority,low CTR; high impressions,7479.0,0.0024067388688327317,4.094130231314347,16.0
1159,client_3f0ce4d44fe94f3d,content_a1abb4d35d1ba26e,0.6782138024357239,Medium priority,low CTR; high impressions,7381.0,0.0014903129657228018,3.1326378539493294,12.0
1160,client_9958f0a7ae1df715,content_624148ed744fdc3c,0.6782138024357239,Medium priority,low CTR; high impressions,7328.0,0.0016375545851528383,6.643149563318778,23.0
1161,client_3f0ce4d44fe94f3d,content_a586f60a92730c61,0.6782138024357239,Medium priority,low CTR; high impressions,7266.0,0.0013762730525736307,6.053261767134599,10.0
1162,client_3f0ce4d44fe94f3d,content_571f537684836650,0.6782138024357239,Medium priority,low CTR; high impressions,7165.0,0.004047452896022331,3.4117236566643405,19.0
1163,client_3f0ce4d44fe94f3d,content_8758d7da791c74bb,0.6782138024357239,Medium priority,low CTR; high impressions,7094.0,0.001268677755850014,9.029884409360022,6.0
1164,client_3f0ce4d44fe94f3d,content_e23df810963908fb,0.6782138024357239,Medium priority,low CTR; high impressions,7057.0,0.0029757687402579,2.9642907751169054,6.0
1165,client_9958f0a7ae1df715,content_dad71ac028d6a94b,0.6782138024357239,Medium priority,low CTR; high impressions,6899.0,0.0014494854326714017,6.4284678938976665,18.0
1166,client_3f0ce4d44fe94f3d,content_da5f90a71eac8622,0.6782138024357239,Medium priority,low CTR; high impressions,6741.0,0.001483459427384661,3.4821243139000146,5.0
1167,client_3f0ce4d44fe94f3d,content_9fc9f23212fac439,0.6782138024357239,Medium priority,low CTR; high impressions,6710.0,0.0020864381520119225,4.208345752608047,17.0
1168,client_9958f0a7ae1df715,content_c746f544161a1218,0.6782138024357239,Medium priority,low CTR; high impressions,6569.0,0.001978992236261227,8.092555944588218,15.0
1169,client_3f0ce4d44fe94f3d,content_54ebe6d7712198dc,0.6782138024357239,Medium priority,low CTR; high impressions,6484.0,0.0030845157310302285,7.040407156076496,21.0
1170,client_0fa64a184f18a4a0,content_844744a58238804a,0.6782138024357239,Medium priority,low CTR; high impressions,6257.0,0.00319642000958926,2.0592935911778807,17.0
1171,client_3f0ce4d44fe94f3d,content_710731fc58ec8d80,0.6782138024357239,Medium priority,low CTR; high impressions,6251.0,0.00303951367781155,4.107662773956167,9.0
1172,client_3f0ce4d44fe94f3d,content_252f9127450c6911,0.6782138024357239,Medium priority,low CTR; high impressions,6218.0,0.002894821486008363,4.925056288195561,8.0
1173,client_0fa64a184f18a4a0,content_0b123301a1c80758,0.6782138024357239,Medium priority,low CTR; high impressions,5938.0,0.002526103065005052,2.725496800269451,12.0
1174,client_3f0ce4d44fe94f3d,content_a84005a4bf89f491,0.6782138024357239,Medium priority,low CTR; high impressions,5806.0,0.0036169479848432657,4.247502583534275,18.0
1175,client_3f0ce4d44fe94f3d,content_8bd75e3fb541c8d2,0.6782138024357239,Medium priority,low CTR; high impressions,5792.0,0.004143646408839779,7.56560773480663,11.0
1176,client_3f0ce4d44fe94f3d,content_302fbf3f24037ac8,0.6782138024357239,Medium priority,low CTR; high impressions,5770.0,0.0013864818024263432,4.327036395147314,3.0
1177,client_0fa64a184f18a4a0,content_b6c2e7188ee4df73,0.6782138024357239,Medium priority,low CTR; high impressions,5683.0,0.0019355973957416858,2.5027274326939994,11.0
1178,client_3f0ce4d44fe94f3d,content_a5338e836a75189d,0.6782138024357239,Medium priority,low CTR; high impressions,5679.0,0.002641310089804543,3.4830075717555906,13.0
1179,client_3f0ce4d44fe94f3d,content_ca34c4dfa827c1b8,0.6782138024357239,Medium priority,low CTR; high impressions,5621.0,0.004269702899839886,4.011207970112079,13.0
1180,client_3f0ce4d44fe94f3d,content_686e414a1a8883d0,0.6782138024357239,Medium priority,low CTR; high impressions,5594.0,0.0025026814444047193,5.993564533428674,8.0
1181,client_3f0ce4d44fe94f3d,content_4cae94eb8290d1df,0.6782138024357239,Medium priority,low CTR; high impressions,5571.0,0.0026925148088314485,7.492371208041644,8.0
1182,client_3f0ce4d44fe94f3d,content_011e8c2bdbe5375c,0.6782138024357239,Medium priority,low CTR; high impressions,5566.0,0.001437297879985627,6.284764642472152,4.0
1183,client_3f0ce4d44fe94f3d,content_297657871e20845e,0.6782138024357239,Medium priority,low CTR; high impressions,5493.0,0.0018204988166757691,4.395776442745312,9.0
1184,client_9958f0a7ae1df715,content_2538b331a2f547ab,0.6782138024357239,Medium priority,low CTR; high impressions,5479.0,0.003832816207337105,7.83153860193466,23.0
1185,client_3f0ce4d44fe94f3d,content_3e8af265bd6e6550,0.6782138024357239,Medium priority,low CTR; high impressions,5390.0,0.0027829313543599257,4.789239332096475,10.0
1186,client_3f0ce4d44fe94f3d,content_820bef6cc0f97d2f,0.6782138024357239,Medium priority,low CTR; high impressions,5390.0,0.001484230055658627,3.640074211502783,2.0
1187,client_3f0ce4d44fe94f3d,content_ce02d9cfbe3c8184,0.6782138024357239,Medium priority,low CTR; high impressions,5311.0,0.002071173037092826,4.404443607606853,11.0
1188,client_3f0ce4d44fe94f3d,content_10b13397b2a4409d,0.6782138024357239,Medium priority,low CTR; high impressions,5226.0,0.0013394565633371603,6.939341752774588,3.0
1189,client_3f0ce4d44fe94f3d,content_b9989fe3d1877f62,0.6782138024357239,Medium priority,low CTR; high impressions,5205.0,0.002881844380403458,3.354466858789625,12.0
1190,client_0fa64a184f18a4a0,content_d63c1d7fd0280dce,0.6782138024357239,Medium priority,low CTR; high impressions,5162.0,0.0036807438977140643,2.230143355288648,15.0
1191,client_3f0ce4d44fe94f3d,content_5b24a8c016109f5d,0.6782138024357239,Medium priority,low CTR; high impressions,5155.0,0.0023278370514064014,4.835887487875849,6.0
1192,client_3f0ce4d44fe94f3d,content_62ea3edb4293e885,0.6782138024357239,Medium priority,low CTR; high impressions,5094.0,0.0031409501374165686,2.035531998429525,11.0
1193,client_3f0ce4d44fe94f3d,content_8e6326227333565a,0.6782138024357239,Medium priority,low CTR; high impressions,5055.0,0.0035608308605341245,2.192284866468843,1.0
1194,client_0fa64a184f18a4a0,content_54963f71b23ad143,0.6782138024357239,Medium priority,low CTR; high impressions,5010.0,0.0037924151696606787,2.6043912175648702,16.0
1195,client_3f0ce4d44fe94f3d,content_f88d6b2c267cf05f,0.6782138024357239,Medium priority,low CTR; high impressions,4956.0,0.0012106537530266344,6.618442292171106,3.0
1196,client_3f0ce4d44fe94f3d,content_d0e3b91b6cd8dcac,0.6782138024357239,Medium priority,low CTR; high impressions,4928.0,0.0036525974025974025,1.7698863636363635,20.0
1197,client_3f0ce4d44fe94f3d,content_f8ce8bf4fdd0aacf,0.6782138024357239,Medium priority,low CTR; high impressions,4926.0,0.004263093788063338,1.7409663012586276,22.0
1198,client_3f0ce4d44fe94f3d,content_e2e79858fde72d22,0.6782138024357239,Medium priority,low CTR; high impressions,4924.0,0.001421608448415922,5.617790414297319,5.0
1199,client_3f0ce4d44fe94f3d,content_a0fdcbdefb563958,0.6782138024357239,Medium priority,low CTR; high impressions,4916.0,0.0014239218877135883,4.613710333604557,6.0
1200,client_3f0ce4d44fe94f3d,content_0a9e55162882a87b,0.6782138024357239,Medium priority,low CTR; high impressions,4891.0,0.0022490288284604375,3.658352075240237,8.0
1201,client_3f0ce4d44fe94f3d,content_360a37ea974c41a6,0.6782138024357239,Medium priority,low CTR; high impressions,4834.0,0.0022755482002482417,6.823748448489863,5.0
1202,client_0fa64a184f18a4a0,content_2f2d5708dffb19ff,0.6782138024357239,Medium priority,low CTR; high impressions,4821.0,0.00373366521468575,2.24019912881145,9.0
1203,client_9958f0a7ae1df715,content_d73205f6d972a269,0.6782138024357239,Medium priority,low CTR; high impressions,4795.0,0.00145985401459854,7.597497393117831,13.0
1204,client_3f0ce4d44fe94f3d,content_96ee9e7b7118118b,0.6782138024357239,Medium priority,low CTR; high impressions,4779.0,0.002092487968194183,4.922787193973635,11.0
1205,client_0fa64a184f18a4a0,content_5a670b2741757ba2,0.6782138024357239,Medium priority,low CTR; high impressions,4732.0,0.0016906170752324597,4.823330515638208,6.0
1206,client_3f0ce4d44fe94f3d,content_cb29368a5ffd98e6,0.6782138024357239,Medium priority,low CTR; high impressions,4723.0,0.0023290281600677537,0.9595596019479145,4.0
1207,client_3f0ce4d44fe94f3d,content_52792d7eb227fbdd,0.6782138024357239,Medium priority,low CTR; high impressions,4710.0,0.00148619957537155,1.713588110403397,3.0
1208,client_3f0ce4d44fe94f3d,content_1f64df9f194daeb9,0.6782138024357239,Medium priority,low CTR; high impressions,4664.0,0.002144082332761578,9.307890222984563,3.0
1209,client_3f0ce4d44fe94f3d,content_fa11c19df968588e,0.6782138024357239,Medium priority,low CTR; high impressions,4642.0,0.004308487720809996,2.4928909952606637,10.0
1210,client_3f0ce4d44fe94f3d,content_789e5b20f33bc09e,0.6782138024357239,Medium priority,low CTR; high impressions,4600.0,0.001956521739130435,3.6956521739130435,10.0
1211,client_3f0ce4d44fe94f3d,content_9da783769dc37f62,0.6782138024357239,Medium priority,low CTR; high impressions,4555.0,0.0019758507135016466,3.4726673984632273,7.0
1212,client_3f0ce4d44fe94f3d,content_7112f6ebfa0c6471,0.6782138024357239,Medium priority,low CTR; high impressions,4473.0,0.0024591996422982337,7.9993293091884645,10.0
1213,client_9958f0a7ae1df715,content_16955aa46dbd9d6c,0.6782138024357239,Medium priority,low CTR; high impressions,4460.0,0.0017937219730941704,3.6230941704035873,12.0
1214,client_3f0ce4d44fe94f3d,content_b858f94dba490f5f,0.6782138024357239,Medium priority,low CTR; high impressions,4459.0,0.002466920834267773,3.8309037900874636,5.0
1215,client_3f0ce4d44fe94f3d,content_5b6fb8dce97dba91,0.6782138024357239,Medium priority,low CTR; high impressions,4454.0,0.002694207453973956,2.9027840143691064,11.0
1216,client_0fa64a184f18a4a0,content_35db8f43cb916c00,0.6782138024357239,Medium priority,low CTR; high impressions,4451.0,0.003594697820714446,3.6270501011008762,14.0
1217,client_9958f0a7ae1df715,content_c4002ce386c98905,0.6782138024357239,Medium priority,low CTR; high impressions,4431.0,0.0013540961408259986,7.565335138794855,17.0
1218,client_3f0ce4d44fe94f3d,content_2e374e2beffe1a72,0.6782138024357239,Medium priority,low CTR; high impressions,4326.0,0.0020804438280166435,5.980351363846509,4.0
1219,client_0fa64a184f18a4a0,content_4c89248c2d182b97,0.6782138024357239,Medium priority,low CTR; high impressions,4321.0,0.0018514232816477668,2.6202267993520016,7.0
1220,client_3f0ce4d44fe94f3d,content_ac14015105807908,0.6782138024357239,Medium priority,low CTR; high impressions,4168.0,0.0016794625719769674,7.669145873320537,4.0
1221,client_3f0ce4d44fe94f3d,content_8f7947939d193f84,0.6782138024357239,Medium priority,low CTR; high impressions; weak average position,4167.0,0.0011999040076793857,10.371730261579074,3.0
1222,client_3f0ce4d44fe94f3d,content_4a8b286460d3dbfa,0.6782138024357239,Medium priority,low CTR; high impressions,4120.0,0.0024271844660194173,4.575242718446602,3.0
1223,client_0fa64a184f18a4a0,content_d50d661de8a9083e,0.6782138024357239,Medium priority,low CTR; high impressions,4112.0,0.004377431906614786,4.457198443579767,13.0
1224,client_3f0ce4d44fe94f3d,content_629fc40bd6879c6f,0.6782138024357239,Medium priority,low CTR; high impressions,4110.0,0.0021897810218978104,4.436496350364964,5.0
1225,client_3f0ce4d44fe94f3d,content_839be9e3a724937e,0.6782138024357239,Medium priority,low CTR; high impressions,4086.0,0.0012236906510034262,2.0780714635340187,4.0
1226,client_2094c6eb080311d5,content_b0075b5c59c1de56,0.6782138024357239,Medium priority,low CTR; high impressions; weak average position,4061.0,0.0012312238364934746,10.428465895099729,9.0
1227,client_3f0ce4d44fe94f3d,content_737d64262ef3fd7b,0.6782138024357239,Medium priority,low CTR; high impressions,4044.0,0.002967359050445104,3.270771513353116,8.0
1228,client_3f0ce4d44fe94f3d,content_3128349953d643b0,0.6782138024357239,Medium priority,low CTR; high impressions,4030.0,0.002977667493796526,5.414888337468983,6.0
1229,client_0fa64a184f18a4a0,content_e49d22e27a514dcc,0.6782138024357239,Medium priority,low CTR; high impressions,4000.0,0.003,2.70025,11.0
1230,client_3f0ce4d44fe94f3d,content_5f4c6b4f7197ceff,0.6782138024357239,Medium priority,low CTR; high impressions,3972.0,0.0015105740181268882,4.357754279959718,10.0
1231,client_3f0ce4d44fe94f3d,content_4f824551836710c9,0.6782138024357239,Medium priority,low CTR; high impressions,3969.0,0.0012597631645250692,3.495086923658352,4.0
1232,client_3f0ce4d44fe94f3d,content_e707302d87a01054,0.6782138024357239,Medium priority,low CTR; high impressions,3968.0,0.0012600806451612903,4.676159274193548,3.0
1233,client_3f0ce4d44fe94f3d,content_fc17f1f9e8c10279,0.6782138024357239,Medium priority,low CTR; high impressions,3946.0,0.0035478966041561076,4.7927014698428785,5.0
1234,client_2094c6eb080311d5,content_d3b2fa9ea6547672,0.6782138024357239,Medium priority,low CTR; high impressions; weak average position,3917.0,0.0012764871074802144,10.603267806995149,7.0
1235,client_0fa64a184f18a4a0,content_174840861eb67dc1,0.6782138024357239,Medium priority,low CTR; high impressions,3907.0,0.002047606859482979,4.6526746864602,8.0
1236,client_3f0ce4d44fe94f3d,content_61f8fec9c4ce645f,0.6782138024357239,Medium priority,low CTR; high impressions,3880.0,0.003092783505154639,2.9025773195876288,2.0
1237,client_0fa64a184f18a4a0,content_6b2dfa17d3ca15d1,0.6782138024357239,Medium priority,low CTR; high impressions,3831.0,0.0026102845210127902,2.702427564604542,11.0
1238,client_9958f0a7ae1df715,content_6e6a3c345f5ba170,0.6782138024357239,Medium priority,low CTR; high impressions; weak average position,3807.0,0.001313370107696349,11.595482006829524,12.0
1239,client_3f0ce4d44fe94f3d,content_78d62aa04647d092,0.6782138024357239,Medium priority,low CTR; high impressions,3792.0,0.003955696202531646,3.6624472573839664,12.0
1240,client_0fa64a184f18a4a0,content_98b24f4559262443,0.6782138024357239,Medium priority,low CTR; high impressions,3725.0,0.00348993288590604,2.704697986577181,10.0
1241,client_3f0ce4d44fe94f3d,content_c4baf365c48af96d,0.6782138024357239,Medium priority,low CTR; high impressions,3716.0,0.002960172228202368,5.000807319698601,3.0
1242,client_3f0ce4d44fe94f3d,content_be6228e675e608f0,0.6782138024357239,Medium priority,low CTR; high impressions,3702.0,0.001350621285791464,3.13452188006483,6.0
1243,client_2094c6eb080311d5,content_aad79dde38dce898,0.6782138024357239,Medium priority,low CTR; high impressions,3699.0,0.0021627466882941336,9.490943498242768,10.0
1244,client_3f0ce4d44fe94f3d,content_0c814893106ffa0e,0.6782138024357239,Medium priority,low CTR; high impressions,3671.0,0.002724053391446472,4.571233996186325,5.0
1245,client_3f0ce4d44fe94f3d,content_fd67103807621bfc,0.6782138024357239,Medium priority,low CTR; high impressions,3661.0,0.0038240917782026767,1.5378311936629336,7.0
1246,client_3f0ce4d44fe94f3d,content_0bcee2e466c4e65c,0.6782138024357239,Medium priority,low CTR; high impressions,3652.0,0.0019167579408543264,9.52710843373494,9.0
1247,client_3f0ce4d44fe94f3d,content_9de8a98623ab21b3,0.6782138024357239,Medium priority,low CTR; high impressions,3641.0,0.0019225487503433123,6.291403460587751,8.0
1248,client_0fa64a184f18a4a0,content_ce743a83c191e54d,0.6782138024357239,Medium priority,low CTR; high impressions,3628.0,0.0024807056229327455,8.840132304299889,10.0
1249,client_3f0ce4d44fe94f3d,content_22f8e5d2958ec48c,0.6782138024357239,Medium priority,low CTR; high impressions,3591.0,0.002506265664160401,2.523252575884155,6.0
1250,client_3f0ce4d44fe94f3d,content_4ef932610f0fe5fc,0.6782138024357239,Medium priority,low CTR; high impressions,3549.0,0.0019723865877712033,2.473936320090166,4.0
1251,client_3f0ce4d44fe94f3d,content_dd0e901febcac0dd,0.6782138024357239,Medium priority,low CTR; high impressions,3542.0,0.002540937323546019,8.34274421230943,3.0
1252,client_3f0ce4d44fe94f3d,content_3ec257f7775db206,0.6782138024357239,Medium priority,low CTR; high impressions,3482.0,0.002010338885697875,4.233199310740954,2.0
1253,client_3f0ce4d44fe94f3d,content_51ca569d3ffe31ae,0.6782138024357239,Medium priority,low CTR; high impressions,3477.0,0.004026459591601955,4.3894161633592175,6.0
1254,client_9958f0a7ae1df715,content_d02be57d816cf3d7,0.6782138024357239,Medium priority,low CTR; high impressions,3473.0,0.001151742009789807,8.638928879930896,14.0
1255,client_0fa64a184f18a4a0,content_aacc8e1e9c1b2b0b,0.6782138024357239,Medium priority,low CTR; high impressions; weak average position,3454.0,0.0011580775911986102,20.46438911407064,2.0
1256,client_3f0ce4d44fe94f3d,content_b23cda55c467f06d,0.6782138024357239,Medium priority,low CTR; high impressions,3434.0,0.00145602795573675,3.0783343040186373,3.0
1257,client_3f0ce4d44fe94f3d,content_ebca23bd72a1a5d9,0.6782138024357239,Medium priority,low CTR; high impressions,3407.0,0.003228646903434106,5.988552979160552,8.0
1258,client_3f0ce4d44fe94f3d,content_d8fe2ace6c075f06,0.6782138024357239,Medium priority,low CTR; high impressions,3385.0,0.00206794682422452,8.928803545051698,3.0
1259,client_9958f0a7ae1df715,content_ec072e8f6d68088d,0.6782138024357239,Medium priority,low CTR; high impressions,3384.0,0.0014775413711583924,6.667848699763593,7.0
1260,client_3f0ce4d44fe94f3d,content_f73743f77428a7d9,0.6782138024357239,Medium priority,low CTR; high impressions,3372.0,0.003855278766310795,5.180901542111506,9.0
1261,client_0fa64a184f18a4a0,content_8508c423b727aa55,0.6782138024357239,Medium priority,low CTR; high impressions,3356.0,0.004171632896305125,5.06227651966627,15.0
1262,client_0fa64a184f18a4a0,content_be7cc8f7c9eab847,0.6782138024357239,Medium priority,low CTR; high impressions,3339.0,0.0011979634621144056,4.4468403713686735,3.0
1263,client_2094c6eb080311d5,content_dcbb7d5daaa57382,0.6782138024357239,Medium priority,low CTR; high impressions,3316.0,0.0012062726176115801,7.702352231604342,7.0
1264,client_0fa64a184f18a4a0,content_5a7d3bba0d13a5b6,0.6782138024357239,Medium priority,low CTR; high impressions,3309.0,0.0027198549410698096,2.2190994258084014,7.0
1265,client_3f0ce4d44fe94f3d,content_323180baae821990,0.6782138024357239,Medium priority,low CTR; high impressions,3287.0,0.0027380590203833284,7.659872223912382,5.0
1266,client_3f0ce4d44fe94f3d,content_7f2dec2b1c9de5f9,0.6782138024357239,Medium priority,low CTR; high impressions,3232.0,0.0034034653465346535,6.279393564356436,3.0
1267,client_3f0ce4d44fe94f3d,content_50d3944ea36bd5c6,0.6782138024357239,Medium priority,low CTR; high impressions,3187.0,0.0025101976780671476,7.235017257609036,6.0
1268,client_0fa64a184f18a4a0,content_e69f7e4cbb4d0ec7,0.6782138024357239,Medium priority,low CTR; high impressions,3186.0,0.004394224733207784,1.3553044569993722,11.0
1269,client_0fa64a184f18a4a0,content_73190c466e708239,0.6782138024357239,Medium priority,low CTR; high impressions,3180.0,0.002830188679245283,2.541194968553459,6.0
1270,client_0fa64a184f18a4a0,content_dcb6e59158860923,0.6782138024357239,Medium priority,low CTR; high impressions,3128.0,0.00159846547314578,1.6070971867007673,4.0
1271,client_0fa64a184f18a4a0,content_c7cfa5d66a59a7a6,0.6782138024357239,Medium priority,low CTR; high impressions,3126.0,0.0028790786948176585,3.880038387715931,7.0
1272,client_3f0ce4d44fe94f3d,content_c48cc80073590016,0.6782138024357239,Medium priority,low CTR; high impressions; weak average position,3125.0,0.0032,10.73376,10.0
1273,client_3f0ce4d44fe94f3d,content_021050d9f0dfdda9,0.6782138024357239,Medium priority,low CTR; high impressions,3118.0,0.0022450288646568314,7.655869146889032,3.0
1274,client_3f0ce4d44fe94f3d,content_32f1a4b376f38dbd,0.6782138024357239,Medium priority,low CTR; high impressions,3114.0,0.0019267822736030828,3.4826589595375723,3.0
1275,client_3f0ce4d44fe94f3d,content_6f5c710d64154c3b,0.6782138024357239,Medium priority,low CTR; high impressions,3080.0,0.0025974025974025974,6.615259740259741,7.0
1276,client_3f0ce4d44fe94f3d,content_da3b65f300c2f67e,0.6782138024357239,Medium priority,low CTR; high impressions,3047.0,0.0016409583196586807,2.706596652445028,3.0
1277,client_3f0ce4d44fe94f3d,content_508bbbb91c9dd29e,0.6782138024357239,Medium priority,low CTR; high impressions,2985.0,0.003015075376884422,6.757788944723618,2.0
1278,client_3f0ce4d44fe94f3d,content_db9316d40eb6e2f8,0.6782138024357239,Medium priority,low CTR; high impressions,2976.0,0.0020161290322580645,7.304771505376344,6.0
1279,client_3f0ce4d44fe94f3d,content_b5236118f144f7f8,0.6782138024357239,Medium priority,low CTR; high impressions,2963.0,0.0016874789065136687,5.788052649341883,2.0
1280,client_3f0ce4d44fe94f3d,content_972d9e8c3df1576a,0.6782138024357239,Medium priority,low CTR; high impressions,2960.0,0.0013513513513513514,2.6195945945945946,3.0
1281,client_3f0ce4d44fe94f3d,content_7f409eb2358dc2d9,0.6782138024357239,Medium priority,low CTR; high impressions,2952.0,0.0016937669376693768,1.5240514905149052,3.0
1282,client_3f0ce4d44fe94f3d,content_61e50729c410905d,0.6782138024357239,Medium priority,low CTR; high impressions,2946.0,0.0023761031907671417,7.638832315003395,5.0
1283,client_3f0ce4d44fe94f3d,content_31913453fe2a2cff,0.6782138024357239,Medium priority,low CTR; high impressions,2911.0,0.0024046719340432843,4.453795946410168,2.0
1284,client_3f0ce4d44fe94f3d,content_dc2675a76987f2f3,0.6782138024357239,Medium priority,low CTR; high impressions,2906.0,0.0024088093599449415,7.978664831383345,3.0
1285,client_3f0ce4d44fe94f3d,content_0877dd62ee8a7c2a,0.6782138024357239,Medium priority,low CTR; high impressions,2886.0,0.0017325017325017325,9.354123354123354,1.0
1286,client_0fa64a184f18a4a0,content_e45faaaa7d1b3b55,0.6782138024357239,Medium priority,low CTR; high impressions; weak average position,2858.0,0.0027991602519244225,14.508747375787264,5.0
1287,client_3f0ce4d44fe94f3d,content_e2ccd59c3bb80fb4,0.6782138024357239,Medium priority,low CTR; high impressions,2858.0,0.002099370188943317,5.484954513645906,5.0
1288,client_3f0ce4d44fe94f3d,content_a014223a9ac8e6c1,0.6782138024357239,Medium priority,low CTR; high impressions,2853.0,0.004206098843322818,5.682790045566071,8.0
1289,client_0fa64a184f18a4a0,content_d9817214e062d03c,0.6782138024357239,Medium priority,low CTR; high impressions,2851.0,0.003156787092248334,4.326902841108383,8.0
1290,client_0fa64a184f18a4a0,content_f3588c34887c6fa6,0.6782138024357239,Medium priority,low CTR; high impressions,2835.0,0.0024691358024691358,2.3368606701940036,5.0
1291,client_3f0ce4d44fe94f3d,content_6c44b2d766f1681e,0.6782138024357239,Medium priority,low CTR; high impressions,2823.0,0.0028338646829613886,3.5944031172511512,6.0
1292,client_3f0ce4d44fe94f3d,content_f81250d8dc255829,0.6782138024357239,Medium priority,low CTR; high impressions,2814.0,0.0021321961620469083,3.798862828713575,6.0
1293,client_0fa64a184f18a4a0,content_746187e5997b9ec5,0.6782138024357239,Medium priority,low CTR; high impressions,2809.0,0.002491990032039872,2.1107155571377714,5.0
1294,client_0fa64a184f18a4a0,content_2addc33ae51688dd,0.6782138024357239,Medium priority,low CTR; high impressions,2796.0,0.00178826895565093,3.013948497854077,3.0
1295,client_3f0ce4d44fe94f3d,content_7a2331ca6fb5807e,0.6782138024357239,Medium priority,low CTR; high impressions,2791.0,0.0025080616266571123,2.375492654962379,2.0
1296,client_9958f0a7ae1df715,content_fa29b6624f2528bc,0.6782138024357239,Medium priority,low CTR; high impressions,2790.0,0.003942652329749104,8.995340501792114,27.0
1297,client_0fa64a184f18a4a0,content_c43267cad352a4ed,0.6782138024357239,Medium priority,low CTR; high impressions,2776.0,0.004322766570605188,3.19164265129683,6.0
1298,client_3f0ce4d44fe94f3d,content_54890041821ec91e,0.6782138024357239,Medium priority,low CTR; high impressions,2751.0,0.002544529262086514,4.792075608869502,7.0
1299,client_3f0ce4d44fe94f3d,content_832b49729f02d896,0.6782138024357239,Medium priority,low CTR; high impressions,2743.0,0.002187386073641998,5.63179001093693,4.0
1300,client_3f0ce4d44fe94f3d,content_afd4b529b5dac8ae,0.6782138024357239,Medium priority,low CTR; high impressions,2740.0,0.0032846715328467154,2.256934306569343,8.0
1301,client_3f0ce4d44fe94f3d,content_26d29f80014c0cbf,0.6782138024357239,Medium priority,low CTR; high impressions,2737.0,0.001826817683595177,9.364267446108878,2.0
1302,client_3f0ce4d44fe94f3d,content_cc8a0d34e0b3d967,0.6782138024357239,Medium priority,low CTR; high impressions,2729.0,0.0021986075485525836,1.680102601685599,2.0
1303,client_0fa64a184f18a4a0,content_e1afce1582c69e3b,0.6782138024357239,Medium priority,low CTR; high impressions,2725.0,0.0022018348623853213,2.711192660550459,6.0
1304,client_3f0ce4d44fe94f3d,content_f407421d806710b0,0.6782138024357239,Medium priority,low CTR; high impressions,2716.0,0.0033136966126656848,2.9679675994108985,5.0
1305,client_3f0ce4d44fe94f3d,content_6a70d45b853efe6f,0.6782138024357239,Medium priority,low CTR; high impressions,2707.0,0.0029553010712966383,4.782785371259697,4.0
1306,client_3f0ce4d44fe94f3d,content_26dcabe30fdd23b2,0.6782138024357239,Medium priority,low CTR; high impressions,2693.0,0.0029706646862235424,2.3082064611956925,3.0
1307,client_9958f0a7ae1df715,content_a46986d3796592f9,0.6782138024357239,Medium priority,low CTR; high impressions,2659.0,0.0026325686348251222,9.154569386987589,8.0
1308,client_3f0ce4d44fe94f3d,content_84b38cab763840d9,0.6782138024357239,Medium priority,low CTR; high impressions,2655.0,0.0030131826741996233,4.067043314500942,6.0
1309,client_3f0ce4d44fe94f3d,content_d46d77fe89e5e965,0.6782138024357239,Medium priority,low CTR; high impressions,2641.0,0.001893222264293828,8.17228322605074,2.0
1310,client_0fa64a184f18a4a0,content_4d20bc99b4706944,0.6782138024357239,Medium priority,low CTR; high impressions,2638.0,0.001516300227445034,0.9211523881728583,3.0
1311,client_3f0ce4d44fe94f3d,content_7fd837b635f2f75f,0.6782138024357239,Medium priority,low CTR; high impressions,2632.0,0.001899696048632219,3.0296352583586628,3.0
1312,client_9958f0a7ae1df715,content_9804c8d434f01efd,0.6782138024357239,Medium priority,low CTR; high impressions,2609.0,0.004216174779609045,4.393254120352625,14.0
1313,client_3f0ce4d44fe94f3d,content_6e6f7f6af92e2f9e,0.6782138024357239,Medium priority,low CTR; high impressions,2606.0,0.0011511895625479663,7.962010744435917,1.0
1314,client_0fa64a184f18a4a0,content_ccf5c070ac161e87,0.6782138024357239,Medium priority,low CTR; high impressions,2593.0,0.0030852294639413806,2.7111453914384884,6.0
1315,client_3f0ce4d44fe94f3d,content_7fb062a3fc5fbc9f,0.6782138024357239,Medium priority,low CTR; high impressions,2589.0,0.003089996137504828,1.952105059868675,3.0
1316,client_2094c6eb080311d5,content_15770c63daac443b,0.6782138024357239,Medium priority,low CTR; high impressions,2585.0,0.0015473887814313346,7.737330754352031,5.0
1317,client_3f0ce4d44fe94f3d,content_247c2df0dd25611b,0.6782138024357239,Medium priority,low CTR; high impressions,2579.0,0.002714230321830167,4.483908491663436,6.0
1318,client_3f0ce4d44fe94f3d,content_70c030a5a0bce65b,0.6782138024357239,Medium priority,low CTR; high impressions,2576.0,0.0019409937888198758,3.737577639751553,5.0
1319,client_3f0ce4d44fe94f3d,content_28a88926ec4835ba,0.6782138024357239,Medium priority,low CTR; high impressions,2565.0,0.0035087719298245615,2.3855750487329437,6.0
1320,client_3f0ce4d44fe94f3d,content_ea961fe00ee723f6,0.6782138024357239,Medium priority,low CTR; high impressions,2564.0,0.0015600624024961,1.5990639625585024,
1321,client_0fa64a184f18a4a0,content_7c91e50eb2c2ed6b,0.6782138024357239,Medium priority,low CTR; high impressions,2559.0,0.0035169988276670576,1.928487690504103,8.0
1322,client_3f0ce4d44fe94f3d,content_9e21a85a1562f831,0.6782138024357239,Medium priority,low CTR; high impressions,2557.0,0.0035197497066875244,4.570981619084865,6.0
1323,client_3f0ce4d44fe94f3d,content_b1e150c6345dc0f2,0.6782138024357239,Medium priority,low CTR; high impressions,2553.0,0.004308656482569526,2.3286329808068937,6.0
1324,client_3f0ce4d44fe94f3d,content_e97da16db856ad16,0.6782138024357239,Medium priority,low CTR; high impressions,2548.0,0.0019623233908948193,5.526295133437991,3.0
1325,client_0fa64a184f18a4a0,content_6ba3b452a3cc3268,0.6782138024357239,Medium priority,low CTR; high impressions,2542.0,0.004327301337529505,2.909520062942565,7.0
1326,client_9958f0a7ae1df715,content_d945a38f1202c82a,0.6782138024357239,Medium priority,low CTR; high impressions,2537.0,0.0011824990145841545,6.953882538431218,3.0
1327,client_0fa64a184f18a4a0,content_c0d0df67cb4abcdf,0.6782138024357239,Medium priority,low CTR; high impressions; weak average position,2536.0,0.0011829652996845426,20.416009463722396,2.0
1328,client_3f0ce4d44fe94f3d,content_aabfa10d510353db,0.6782138024357239,Medium priority,low CTR; high impressions,2521.0,0.0031733439111463705,4.103133677112257,6.0
1329,client_0fa64a184f18a4a0,content_b76d6707fd0b5120,0.6782138024357239,Medium priority,low CTR; high impressions,2513.0,0.00238758456028651,1.6991643454038998,1.0
1330,client_3f0ce4d44fe94f3d,content_45bc098986dc4802,0.6782138024357239,Medium priority,low CTR; high impressions,2505.0,0.0023952095808383233,2.0738522954091816,6.0
1331,client_3f0ce4d44fe94f3d,content_7e0146f056aa4f16,0.6782138024357239,Medium priority,low CTR; high impressions,2504.0,0.003993610223642172,2.4101437699680512,8.0
1332,client_3f0ce4d44fe94f3d,content_a41181c7e1740842,0.6782138024357239,Medium priority,low CTR; high impressions,2503.0,0.0015980823012385138,6.41949660407511,1.0
1333,client_0fa64a184f18a4a0,content_ef00ed00d22ad6a9,0.6782138024357239,Medium priority,low CTR; high impressions,2502.0,0.0031974420463629096,3.9652278177458036,9.0
1334,client_3f0ce4d44fe94f3d,content_aa37448c1a34a45e,0.6782138024357239,Medium priority,low CTR; high impressions,2501.0,0.0011995201919232307,9.646541383446621,
1335,client_0fa64a184f18a4a0,content_e9e13c2d81a215ff,0.6782138024357239,Medium priority,low CTR; high impressions,2483.0,0.0016109544905356424,2.5734997986306887,4.0
1336,client_3f0ce4d44fe94f3d,content_64f0c085f85d14a5,0.6782138024357239,Medium priority,low CTR; high impressions,2470.0,0.0032388663967611335,2.080971659919028,5.0
1337,client_2094c6eb080311d5,content_96e056c31c3a8c95,0.6782138024357239,Medium priority,low CTR; high impressions,2469.0,0.004050222762251924,8.734710409072498,12.0
1338,client_3f0ce4d44fe94f3d,content_390a5d17ee984306,0.6782138024357239,Medium priority,low CTR; high impressions,2432.0,0.002055921052631579,6.457648026315789,2.0
1339,client_9958f0a7ae1df715,content_b2b445e21988683c,0.6782138024357239,Medium priority,low CTR; high impressions,2429.0,0.0020584602717167557,7.824207492795389,6.0
1340,client_0fa64a184f18a4a0,content_c926bafe9230b91f,0.6782138024357239,Medium priority,low CTR; high impressions,2423.0,0.0020635575732562937,4.56376392901362,5.0
1341,client_9958f0a7ae1df715,content_5d8f15f56a60ffce,0.6782138024357239,Medium priority,low CTR; high impressions,2412.0,0.0020729684908789387,7.527777777777778,14.0
1342,client_3f0ce4d44fe94f3d,content_e35307e0873c0b5f,0.6782138024357239,Medium priority,low CTR; high impressions,2398.0,0.0037531276063386154,3.6634695579649708,5.0
1343,client_3f0ce4d44fe94f3d,content_7f4d4c5825a3f362,0.6782138024357239,Medium priority,low CTR; high impressions,2396.0,0.0037562604340567614,3.6815525876460766,3.0
1344,client_3f0ce4d44fe94f3d,content_e3b17e7cb52a2cd9,0.6782138024357239,Medium priority,low CTR; high impressions,2396.0,0.002086811352253756,6.282971619365609,4.0
1345,client_3f0ce4d44fe94f3d,content_95b0bf523b6cff46,0.6782138024357239,Medium priority,low CTR; high impressions,2389.0,0.0012557555462536626,6.100041858518209,2.0
1346,client_0fa64a184f18a4a0,content_9ce6c60088de56dc,0.6782138024357239,Medium priority,low CTR; high impressions,2387.0,0.0016757436112274822,2.2995391705069124,6.0
1347,client_9958f0a7ae1df715,content_f3935da5cb4d9e0f,0.6782138024357239,Medium priority,low CTR; high impressions,2383.0,0.002517834662190516,4.613512379353756,7.0
1348,client_3f0ce4d44fe94f3d,content_8d3352e12986baa8,0.6782138024357239,Medium priority,low CTR; high impressions,2381.0,0.0020999580008399833,6.434691306173876,3.0
1349,client_3f0ce4d44fe94f3d,content_fbd32a0398db6136,0.6782138024357239,Medium priority,low CTR; high impressions,2377.0,0.0037862852334875894,2.437526293647455,5.0
1350,client_9958f0a7ae1df715,content_2459c6409b3ce7b4,0.6782138024357239,Medium priority,low CTR; high impressions,2377.0,0.002103491796381994,9.118216238956668,3.0
1351,client_9958f0a7ae1df715,content_cef0eac3e7469bbe,0.6782138024357239,Medium priority,low CTR; high impressions,2376.0,0.0025252525252525255,7.28030303030303,10.0
1352,client_0fa64a184f18a4a0,content_12f2bcb8d289ecaa,0.6782138024357239,Medium priority,low CTR; high impressions,2369.0,0.0029548332629801602,3.7838750527648797,9.0
1353,client_3f0ce4d44fe94f3d,content_6b0ac29630b0d677,0.6782138024357239,Medium priority,low CTR; high impressions,2369.0,0.0033769523005487546,1.360911777121148,1.0
1354,client_3f0ce4d44fe94f3d,content_b2ab648e8e4c7f07,0.6782138024357239,Medium priority,low CTR; high impressions,2363.0,0.0012695725772323319,8.305120609394837,3.0
1355,client_3f0ce4d44fe94f3d,content_78414e75324bb9f1,0.6782138024357239,Medium priority,low CTR; high impressions,2354.0,0.0038232795242141037,1.9604927782497876,5.0
1356,client_2094c6eb080311d5,content_df2dae64a0003b86,0.6782138024357239,Medium priority,low CTR; high impressions,2322.0,0.0017226528854435831,6.593884582256675,12.0
1357,client_9958f0a7ae1df715,content_55a98b7d2d57f97d,0.6782138024357239,Medium priority,low CTR; high impressions,2320.0,0.001293103448275862,9.89051724137931,5.0
1358,client_3f0ce4d44fe94f3d,content_71a7881562e02800,0.6782138024357239,Medium priority,low CTR; high impressions,2316.0,0.0012953367875647669,4.092832469775475,1.0
1359,client_3f0ce4d44fe94f3d,content_2ed4b0dad7968b8d,0.6782138024357239,Medium priority,low CTR; high impressions,2309.0,0.0021654395842356,3.087050671286271,2.0
1360,client_0fa64a184f18a4a0,content_d8e5e784ebc062f7,0.6782138024357239,Medium priority,low CTR; high impressions,2308.0,0.0017331022530329288,3.3773830155979203,1.0
1361,client_3f0ce4d44fe94f3d,content_0274ecc063a78f24,0.6782138024357239,Medium priority,low CTR; high impressions,2295.0,0.003485838779956427,2.661437908496732,2.0
1362,client_9958f0a7ae1df715,content_1886b144fd43edc5,0.6782138024357239,Medium priority,low CTR; high impressions,2289.0,0.001310615989515072,5.769768457841852,7.0
1363,client_3f0ce4d44fe94f3d,content_2011a0965bd91fed,0.6782138024357239,Medium priority,low CTR; high impressions,2281.0,0.00131521262604121,2.2222709338009645,1.0
1364,client_3f0ce4d44fe94f3d,content_d7b4620b06f68ca0,0.6782138024357239,Medium priority,low CTR; high impressions,2273.0,0.003959524857017158,4.799824021117466,8.0
1365,client_0fa64a184f18a4a0,content_9b2f52e76869c104,0.6782138024357239,Medium priority,low CTR; high impressions,2272.0,0.002640845070422535,2.875,6.0
1366,client_0fa64a184f18a4a0,content_d49ad068b76becc5,0.6782138024357239,Medium priority,low CTR; high impressions; weak average position,2264.0,0.0030918727915194345,14.860424028268552,7.0
1367,client_3f0ce4d44fe94f3d,content_63101463efb04293,0.6782138024357239,Medium priority,low CTR; high impressions,2261.0,0.0022114108801415304,2.2790800530738613,2.0
1368,client_3f0ce4d44fe94f3d,content_54cbfc41b7a75dec,0.6782138024357239,Medium priority,low CTR; high impressions,2259.0,0.002213368747233289,6.987605135015493,2.0
1369,client_0fa64a184f18a4a0,content_56288723c00966ef,0.6782138024357239,Medium priority,low CTR; high impressions,2258.0,0.001771479185119575,3.2121346324180693,2.0
1370,client_3f0ce4d44fe94f3d,content_ddcb204f9420cadf,0.6782138024357239,Medium priority,low CTR; high impressions,2257.0,0.003987594151528578,3.5866194062915375,5.0
1371,client_9958f0a7ae1df715,content_fa77800aa80e37dd,0.6782138024357239,Medium priority,low CTR; high impressions,2228.0,0.004039497307001795,8.271095152603232,8.0
1372,client_3f0ce4d44fe94f3d,content_e4b681909c4feb29,0.6782138024357239,Medium priority,low CTR; high impressions; weak average position,2220.0,0.0018018018018018018,21.204504504504506,2.0
1373,client_2094c6eb080311d5,content_07c2fa228336a881,0.6782138024357239,Medium priority,low CTR; high impressions,2210.0,0.003167420814479638,8.250226244343892,10.0
1374,client_3f0ce4d44fe94f3d,content_e812ac629dd2b433,0.6782138024357239,Medium priority,low CTR; high impressions,2202.0,0.0013623978201634877,7.314713896457766,2.0
1375,client_0fa64a184f18a4a0,content_e861ac8423b650fa,0.6782138024357239,Medium priority,low CTR; high impressions; weak average position,2179.0,0.002294630564479119,16.22762735199633,4.0
1376,client_3f0ce4d44fe94f3d,content_9cbb80f46060661b,0.6782138024357239,Medium priority,low CTR; high impressions; weak average position,2173.0,0.0013805798435342844,16.818223653934652,3.0
1377,client_2094c6eb080311d5,content_cc20bce803fc1efd,0.6782138024357239,Medium priority,low CTR; high impressions; weak average position,2158.0,0.0037071362372567192,11.715940685820204,11.0
1378,client_cd12bcfd98942aa1,content_59cf52cba1b5d41d,0.6782138024357239,Medium priority,low CTR; high impressions,2155.0,0.0018561484918793504,8.662180974477959,7.0
1379,client_2094c6eb080311d5,content_21c4ffde557f0909,0.6782138024357239,Medium priority,low CTR; high impressions; weak average position,2155.0,0.0027842227378190253,10.590255220417633,21.0
1380,client_3f0ce4d44fe94f3d,content_de719552aedc4386,0.6782138024357239,Medium priority,low CTR; high impressions; weak average position,2149.0,0.0013959981386691485,15.50767798976268,1.0
1381,client_3f0ce4d44fe94f3d,content_5c8df138a8f8cfb2,0.6782138024357239,Medium priority,low CTR; high impressions,2144.0,0.004197761194029851,2.544776119402985,10.0
1382,client_3f0ce4d44fe94f3d,content_038b35fc60657611,0.6782138024357239,Medium priority,low CTR; high impressions,2138.0,0.0023386342376052385,4.739943872778298,1.0
1383,client_0fa64a184f18a4a0,content_2e13ee81810f363b,0.6782138024357239,Medium priority,low CTR; high impressions,2137.0,0.0014038371548900327,3.7524567150210575,2.0
1384,client_3f0ce4d44fe94f3d,content_26b440eb40b46b8e,0.6782138024357239,Medium priority,low CTR; high impressions,2137.0,0.0014038371548900327,5.56621431913898,1.0
1385,client_3f0ce4d44fe94f3d,content_afea0fd6c88ce418,0.6782138024357239,Medium priority,low CTR; high impressions,2130.0,0.0032863849765258214,2.3741784037558684,3.0
1386,client_2094c6eb080311d5,content_598b24444ddc1655,0.6782138024357239,Medium priority,low CTR; high impressions; weak average position,2128.0,0.002349624060150376,27.101503759398497,8.0
1387,client_3f0ce4d44fe94f3d,content_8c5535317f71bef9,0.6782138024357239,Medium priority,low CTR; high impressions,2122.0,0.003298774740810556,6.775683317624882,9.0
1388,client_3f0ce4d44fe94f3d,content_1bc2b6c580cf0276,0.6782138024357239,Medium priority,low CTR; high impressions,2121.0,0.002828854314002829,2.3974540311173973,3.0
1389,client_3f0ce4d44fe94f3d,content_389e1647d0e7fa7a,0.6782138024357239,Medium priority,low CTR; high impressions,2121.0,0.0023573785950023575,6.185761433286186,2.0
1390,client_9958f0a7ae1df715,content_0f29eb1eece11b2f,0.6782138024357239,Medium priority,low CTR; high impressions,2121.0,0.001885902876001886,9.546911834040547,40.0
1391,client_3f0ce4d44fe94f3d,content_327cd6f5ba1ef1d6,0.6782138024357239,Medium priority,low CTR; high impressions,2105.0,0.004275534441805225,5.681710213776722,5.0
1392,client_9958f0a7ae1df715,content_1694d6f2d9e55500,0.6782138024357239,Medium priority,low CTR; high impressions,2090.0,0.0033492822966507177,8.733971291866029,44.0
1393,client_9958f0a7ae1df715,content_afee8efec8ff6eaf,0.6782138024357239,Medium priority,low CTR; high impressions; weak average position,2087.0,0.004312410158121706,13.16674652611404,11.0
1394,client_3f0ce4d44fe94f3d,content_1d2a9969a3e5226c,0.6782138024357239,Medium priority,low CTR; high impressions,2086.0,0.0028763183125599234,3.260306807286673,1.0
1395,client_9958f0a7ae1df715,content_3405c661ce7122b4,0.6782138024357239,Medium priority,low CTR; high impressions,2084.0,0.0019193857965451055,8.339731285988483,11.0
1396,client_2094c6eb080311d5,content_f28169fd5209c7ea,0.6782138024357239,Medium priority,low CTR; high impressions,2081.0,0.0014416146083613647,6.861124459394522,4.0
1397,client_3f0ce4d44fe94f3d,content_ead7723bfc811647,0.6782138024357239,Medium priority,low CTR; high impressions,2081.0,0.0019221528111484864,1.4166266218164345,5.0
1398,client_3f0ce4d44fe94f3d,content_d7003fff05333996,0.6782138024357239,Medium priority,low CTR; high impressions,2059.0,0.003885381253035454,3.1840699368625547,1.0
1399,client_9958f0a7ae1df715,content_b964fe8b25a3f35b,0.6782138024357239,Medium priority,low CTR; high impressions,2056.0,0.0029182879377431907,6.337548638132295,14.0
1400,client_2094c6eb080311d5,content_e6e85bb36f3a2f66,0.6782138024357239,Medium priority,low CTR; high impressions,2055.0,0.00291970802919708,7.120681265206812,7.0
1401,client_3f0ce4d44fe94f3d,content_e5f7520dfd3bede4,0.6782138024357239,Medium priority,low CTR; high impressions,2051.0,0.0024378352023403218,6.854705021940517,5.0
1402,client_3f0ce4d44fe94f3d,content_ff6adfcbd0046072,0.6782138024357239,Medium priority,low CTR; high impressions; weak average position,2047.0,0.0029311187103077674,12.920371275036638,3.0
1403,client_0fa64a184f18a4a0,content_d4dfb9ea6944c503,0.6782138024357239,Medium priority,low CTR; high impressions,2045.0,0.0034229828850855745,3.2014669926650368,3.0
1404,client_3f0ce4d44fe94f3d,content_9b5958fefc8a0b65,0.6782138024357239,Medium priority,low CTR; high impressions,2044.0,0.0019569471624266144,2.8767123287671232,4.0
1405,client_3f0ce4d44fe94f3d,content_bf7f60a16c2ead07,0.6782138024357239,Medium priority,low CTR; high impressions,2039.0,0.0014713094654242277,6.566454144188327,3.0
1406,client_3f0ce4d44fe94f3d,content_b3a27318f4a111c6,0.6782138024357239,Medium priority,low CTR; high impressions,2038.0,0.001962708537782139,5.387144259077527,4.0
1407,client_3f0ce4d44fe94f3d,content_a125b86b3d1712c7,0.6782138024357239,Medium priority,low CTR; high impressions; weak average position,2025.0,0.0019753086419753087,12.320493827160494,3.0
1408,client_3f0ce4d44fe94f3d,content_c49e1f7eb01337ee,0.6782138024357239,Medium priority,low CTR; high impressions,2024.0,0.003952569169960474,4.311758893280633,8.0
1409,client_0fa64a184f18a4a0,content_c73691013233c2a1,0.6782138024357239,Medium priority,low CTR; high impressions,2020.0,0.0029702970297029703,3.258415841584158,5.0
1410,client_3f0ce4d44fe94f3d,content_078c6afbeefdf77d,0.6782138024357239,Medium priority,low CTR; high impressions,2019.0,0.003467062902426944,5.440812283308569,
1411,client_3f0ce4d44fe94f3d,content_54f6d71fe7e63e28,0.6782138024357239,Medium priority,low CTR; high impressions; weak average position,2018.0,0.0014866204162537165,12.521803766105055,2.0
1412,client_3f0ce4d44fe94f3d,content_dcd2a97e9f3f6601,0.6782138024357239,Medium priority,low CTR; high impressions,2009.0,0.0014932802389248383,6.772025883524141,1.0
1413,client_0fa64a184f18a4a0,content_76af69dcc7acba3e,0.6782138024357239,Medium priority,low CTR; high impressions,2005.0,0.003491271820448878,4.337655860349127,8.0
1414,client_2094c6eb080311d5,content_67551a15d6b97531,0.6782138024357239,Medium priority,low CTR; high impressions,2000.0,0.0035,8.2125,8.0
1415,client_3f0ce4d44fe94f3d,content_b5956dc745e8b7b8,0.6782138024357239,Medium priority,low CTR; high impressions,1992.0,0.0015060240963855422,2.964859437751004,3.0
1416,client_3f0ce4d44fe94f3d,content_b39eaed6a6f808c3,0.6782138024357239,Medium priority,low CTR; high impressions,1987.0,0.0020130850528434826,8.490186210367389,1.0
1417,client_3f0ce4d44fe94f3d,content_d0659805ed425823,0.6782138024357239,Medium priority,low CTR; high impressions; weak average position,1987.0,0.001509813789632612,13.066935078007045,
1418,client_0fa64a184f18a4a0,content_f82bc06362edb583,0.6782138024357239,Medium priority,low CTR; high impressions,1983.0,0.0030257186081694403,4.011598587997983,6.0
1419,client_3f0ce4d44fe94f3d,content_083cc86d5db01c08,0.6782138024357239,Medium priority,low CTR; high impressions,1981.0,0.0035335689045936395,4.468955073195356,9.0
1420,client_3f0ce4d44fe94f3d,content_2a57f1eb2249b9d4,0.6782138024357239,Medium priority,low CTR; high impressions,1981.0,0.0035335689045936395,4.2094901564866225,4.0
1421,client_0fa64a184f18a4a0,content_d074318ec9cd11c8,0.6782138024357239,Medium priority,low CTR; high impressions,1980.0,0.0015151515151515152,4.646464646464646,2.0
1422,client_9958f0a7ae1df715,content_825fbcca13c3c302,0.6782138024357239,Medium priority,low CTR; high impressions; weak average position,1979.0,0.0035371399696816574,10.284992420414351,10.0
1423,client_3f0ce4d44fe94f3d,content_b503e7a03d24349f,0.6782138024357239,Medium priority,low CTR; high impressions,1975.0,0.0015189873417721519,5.769620253164557,1.0
1424,client_2094c6eb080311d5,content_0457b35d72c0ba9a,0.6782138024357239,Medium priority,low CTR; high impressions,1959.0,0.0035732516590096988,9.437468095967331,16.0
1425,client_9958f0a7ae1df715,content_8e063c199cdae7cd,0.6782138024357239,Medium priority,low CTR; high impressions,1957.0,0.0030659172202350538,6.898824731732243,8.0
1426,client_3f0ce4d44fe94f3d,content_62638f4c77917132,0.6782138024357239,Medium priority,low CTR; high impressions,1950.0,0.0020512820512820513,2.1235897435897435,2.0
1427,client_3f0ce4d44fe94f3d,content_9028d60c838ccb45,0.6782138024357239,Medium priority,low CTR; high impressions,1949.0,0.002052334530528476,9.809132888660852,2.0
1428,client_3f0ce4d44fe94f3d,content_1cd516bda2d41f91,0.6782138024357239,Medium priority,low CTR; high impressions,1942.0,0.0025746652935118436,2.0061791967044282,1.0
1429,client_3f0ce4d44fe94f3d,content_83a59e650cc81d08,0.6782138024357239,Medium priority,low CTR; high impressions,1939.0,0.0020629190304280558,5.573491490458999,4.0
1430,client_9958f0a7ae1df715,content_0bc92dc9a2b29de5,0.6782138024357239,Medium priority,low CTR; high impressions; weak average position,1938.0,0.0025799793601651187,11.556759545923633,13.0
1431,client_2094c6eb080311d5,content_167ea9e53c1a8e6e,0.6782138024357239,Medium priority,low CTR; high impressions,1937.0,0.0015487867836861124,5.443469282395457,10.0
1432,client_3f0ce4d44fe94f3d,content_d192878d2a5d6501,0.6782138024357239,Medium priority,low CTR; high impressions,1935.0,0.002583979328165375,2.5354005167958658,2.0
1433,client_0fa64a184f18a4a0,content_8b253ddd252b8e7f,0.6782138024357239,Medium priority,low CTR; high impressions,1927.0,0.002594706798131811,3.54488842760768,4.0
1434,client_3f0ce4d44fe94f3d,content_b10a2e4bd44320a6,0.6782138024357239,Medium priority,low CTR; high impressions,1921.0,0.002082248828735034,8.429463820926602,
1435,client_3f0ce4d44fe94f3d,content_b7f493866b783663,0.6782138024357239,Medium priority,low CTR; high impressions,1916.0,0.0020876826722338203,6.711377870563674,6.0
1436,client_2094c6eb080311d5,content_87963251210fef0a,0.6782138024357239,Medium priority,low CTR; high impressions; weak average position,1909.0,0.0026191723415400735,10.297537977998953,9.0
1437,client_3f0ce4d44fe94f3d,content_8a59ef45586bbe57,0.6782138024357239,Medium priority,low CTR; high impressions,1909.0,0.0020953378732320588,5.881613410162388,2.0
1438,client_3f0ce4d44fe94f3d,content_e4517e63250d2b8b,0.6782138024357239,Medium priority,low CTR; high impressions,1908.0,0.0031446540880503146,4.089622641509434,6.0
1439,client_2094c6eb080311d5,content_62b4762bc7cb1f82,0.6782138024357239,Medium priority,low CTR; high impressions,1896.0,0.004219409282700422,9.10759493670886,14.0
1440,client_3f0ce4d44fe94f3d,content_3adf620ded956b3e,0.6782138024357239,Medium priority,low CTR; high impressions,1896.0,0.0015822784810126582,5.429324894514768,1.0
1441,client_3f0ce4d44fe94f3d,content_4ee58e455c862596,0.6782138024357239,Medium priority,low CTR; high impressions,1890.0,0.0031746031746031746,4.135978835978836,8.0
1442,client_3f0ce4d44fe94f3d,content_d7512776a72d7a13,0.6782138024357239,Medium priority,low CTR; high impressions,1888.0,0.003707627118644068,5.390360169491525,4.0
1443,client_0fa64a184f18a4a0,content_87864c728b1391d3,0.6782138024357239,Medium priority,low CTR; high impressions,1880.0,0.003723404255319149,4.340957446808511,6.0
1444,client_3f0ce4d44fe94f3d,content_102e3899ccd31f3a,0.6782138024357239,Medium priority,low CTR; high impressions,1880.0,0.0026595744680851063,6.2132978723404255,3.0
1445,client_2094c6eb080311d5,content_6b280b0a28e0874d,0.6782138024357239,Medium priority,low CTR; high impressions,1876.0,0.0015991471215351812,9.43816631130064,19.0
1446,client_9958f0a7ae1df715,content_0217be03126aa7a5,0.6782138024357239,Medium priority,low CTR; high impressions,1875.0,0.0016,7.952,12.0
1447,client_3f0ce4d44fe94f3d,content_77e7a1f67ce7c96c,0.6782138024357239,Medium priority,low CTR; high impressions,1868.0,0.004282655246252677,5.9213062098501075,10.0
1448,client_3f0ce4d44fe94f3d,content_8c8f33c25d8f20e4,0.6782138024357239,Medium priority,low CTR; high impressions,1860.0,0.002150537634408602,4.65268817204301,4.0
1449,client_3f0ce4d44fe94f3d,content_1599c6da7e0c0b67,0.6782138024357239,Medium priority,low CTR; high impressions,1848.0,0.003787878787878788,2.6726190476190474,2.0
1450,client_3f0ce4d44fe94f3d,content_72320a5d80f0df9b,0.6782138024357239,Medium priority,low CTR; high impressions,1846.0,0.0016251354279523294,5.863488624052004,6.0
1451,client_0fa64a184f18a4a0,content_e4451d67fa929f43,0.6782138024357239,Medium priority,low CTR; high impressions,1839.0,0.0027188689505165853,2.277868406742795,4.0
1452,client_3f0ce4d44fe94f3d,content_5cd30287e0767ab2,0.6782138024357239,Medium priority,low CTR; high impressions,1832.0,0.002183406113537118,8.43613537117904,4.0
1453,client_3f0ce4d44fe94f3d,content_af0c2586c6157393,0.6782138024357239,Medium priority,low CTR; high impressions,1832.0,0.0027292576419213972,3.1501091703056767,3.0
1454,client_0fa64a184f18a4a0,content_e1698074818dbbd4,0.6782138024357239,Medium priority,low CTR; high impressions,1828.0,0.0016411378555798686,4.170131291028446,4.0
1455,client_3f0ce4d44fe94f3d,content_987ec544fae1d979,0.6782138024357239,Medium priority,low CTR; high impressions,1822.0,0.0027442371020856204,3.2135016465422614,5.0
1456,client_0fa64a184f18a4a0,content_9ad1bf3ecc924847,0.6782138024357239,Medium priority,low CTR; high impressions,1819.0,0.0043980208905992305,1.5832875206157229,11.0
1457,client_3f0ce4d44fe94f3d,content_cbe5332a6ad27ffa,0.6782138024357239,Medium priority,low CTR; high impressions,1812.0,0.0033112582781456954,7.748896247240618,3.0
1458,client_3f0ce4d44fe94f3d,content_322235ce229c6e4a,0.6782138024357239,Medium priority,low CTR; high impressions,1802.0,0.001664816870144284,7.311320754716981,1.0
1459,client_3f0ce4d44fe94f3d,content_b8086a11624cc51e,0.6782138024357239,Medium priority,low CTR; high impressions,1795.0,0.0038997214484679664,1.456824512534819,6.0
1460,client_3f0ce4d44fe94f3d,content_b921e004d0c0eddb,0.6782138024357239,Medium priority,low CTR; high impressions,1792.0,0.0016741071428571428,3.1439732142857144,3.0
1461,client_9958f0a7ae1df715,content_ffadc4cfd8604d34,0.6782138024357239,Medium priority,low CTR; high impressions; weak average position,1785.0,0.0033613445378151263,11.817366946778712,97.0
1462,client_3f0ce4d44fe94f3d,content_cf5cea10d8121a67,0.6782138024357239,Medium priority,low CTR; high impressions,1782.0,0.0016835016835016834,4.728395061728395,4.0
1463,client_3f0ce4d44fe94f3d,content_5de65a72cd50e395,0.6782138024357239,Medium priority,low CTR; high impressions,1782.0,0.003367003367003367,6.392817059483726,2.0
1464,client_2094c6eb080311d5,content_10c72d98ca1bbd40,0.6782138024357239,Medium priority,low CTR; high impressions,1781.0,0.003368893879842785,9.233576642335766,8.0
1465,client_9958f0a7ae1df715,content_2f38656ac350b91c,0.6782138024357239,Medium priority,low CTR; high impressions,1777.0,0.0022509848058525606,4.862689926842994,9.0
1466,client_0fa64a184f18a4a0,content_c59acd4b239a978d,0.6782138024357239,Medium priority,low CTR; high impressions,1771.0,0.003952569169960474,3.414455110107284,5.0
1467,client_9958f0a7ae1df715,content_b92ad9dee9c64f8b,0.6782138024357239,Medium priority,low CTR; high impressions; weak average position,1766.0,0.0016987542468856172,14.177802944507361,4.0
1468,client_3f0ce4d44fe94f3d,content_70f7d251789b64f7,0.6782138024357239,Medium priority,low CTR; high impressions,1756.0,0.002277904328018223,3.878132118451025,3.0
1469,client_0fa64a184f18a4a0,content_f2fb5bd88963effc,0.6782138024357239,Medium priority,low CTR; high impressions,1753.0,0.003993154592127781,2.708499714774672,4.0
1470,client_2094c6eb080311d5,content_05b11d1568b6b241,0.6782138024357239,Medium priority,low CTR; high impressions,1748.0,0.004004576659038902,6.300343249427917,13.0
1471,client_3f0ce4d44fe94f3d,content_b9ac6aa463de935e,0.6782138024357239,Medium priority,low CTR; high impressions,1745.0,0.002292263610315186,4.83323782234957,6.0
1472,client_3f0ce4d44fe94f3d,content_af50acce7d98d866,0.6782138024357239,Medium priority,low CTR; high impressions,1745.0,0.0028653295128939827,3.0492836676217765,3.0
1473,client_3f0ce4d44fe94f3d,content_f45dd382e7e9239a,0.6782138024357239,Medium priority,low CTR; high impressions,1739.0,0.0034502587694077054,4.235767682576193,4.0
1474,client_3f0ce4d44fe94f3d,content_0184b23ed39cb220,0.6782138024357239,Medium priority,low CTR; high impressions,1737.0,0.0034542314335060447,9.347150259067357,3.0
1475,client_3f0ce4d44fe94f3d,content_60dcdb7bc877bf4b,0.6782138024357239,Medium priority,low CTR; high impressions,1736.0,0.004032258064516129,7.2091013824884795,5.0
1476,client_cd12bcfd98942aa1,content_91161edcdfa9a31a,0.6782138024357239,Medium priority,low CTR; high impressions; weak average position,1734.0,0.0011534025374855825,42.207612456747405,11.0
1477,client_3f0ce4d44fe94f3d,content_638080b900dc6652,0.6782138024357239,Medium priority,low CTR; high impressions,1732.0,0.0023094688221709007,2.392609699769053,
1478,client_9958f0a7ae1df715,content_b8de2bf4caf59381,0.6782138024357239,Medium priority,low CTR; high impressions,1729.0,0.001156737998843262,8.027761711972238,4.0
1479,client_9958f0a7ae1df715,content_17ef79b7d043f45e,0.6782138024357239,Medium priority,low CTR; high impressions,1729.0,0.003470213996529786,6.128397917871602,10.0
1480,client_3f0ce4d44fe94f3d,content_393ff06e3d03860e,0.6782138024357239,Medium priority,low CTR; high impressions,1728.0,0.001736111111111111,5.6498842592592595,2.0
1481,client_2094c6eb080311d5,content_7fa5d34834e200fe,0.6782138024357239,Medium priority,low CTR; high impressions,1719.0,0.0011634671320535194,6.934845840605003,13.0
1482,client_3f0ce4d44fe94f3d,content_d221cfdb06d25780,0.6782138024357239,Medium priority,low CTR; high impressions,1716.0,0.0011655011655011655,6.301864801864802,2.0
1483,client_0fa64a184f18a4a0,content_acd7d00db0120aa6,0.6782138024357239,Medium priority,low CTR; high impressions,1713.0,0.0017513134851138354,5.8476357267950965,1.0
1484,client_3f0ce4d44fe94f3d,content_563ac353fc55bafc,0.6782138024357239,Medium priority,low CTR; high impressions,1710.0,0.0011695906432748538,1.8730994152046783,3.0
1485,client_3f0ce4d44fe94f3d,content_aa162c53114fbf4a,0.6782138024357239,Medium priority,low CTR; high impressions,1705.0,0.002346041055718475,4.267448680351906,1.0
1486,client_3f0ce4d44fe94f3d,content_6ab031c00e22fab4,0.6782138024357239,Medium priority,low CTR; high impressions,1702.0,0.0035252643948296123,4.706815511163337,8.0
1487,client_2094c6eb080311d5,content_b23c331c7f17928b,0.6782138024357239,Medium priority,low CTR; high impressions,1701.0,0.003527336860670194,7.587301587301587,20.0
1488,client_3f0ce4d44fe94f3d,content_b4fc16aec207ce88,0.6782138024357239,Medium priority,low CTR; high impressions,1701.0,0.0023515579071134627,4.205761316872428,2.0
1489,client_3f0ce4d44fe94f3d,content_a22be70c0ba95024,0.6782138024357239,Medium priority,low CTR; high impressions,1695.0,0.0035398230088495575,6.8814159292035395,14.0
1490,client_2094c6eb080311d5,content_e5c3ca65858458d7,0.6782138024357239,Medium priority,low CTR; high impressions,1694.0,0.0011806375442739079,7.440377804014168,6.0
1491,client_2094c6eb080311d5,content_8ae4114b0b40d6e7,0.6782138024357239,Medium priority,low CTR; high impressions,1693.0,0.0017720023626698169,7.4713526284701715,4.0
1492,client_3f0ce4d44fe94f3d,content_e09b31e465808653,0.6782138024357239,Medium priority,low CTR; high impressions; weak average position,1682.0,0.002972651605231867,12.052913198573128,2.0
1493,client_3f0ce4d44fe94f3d,content_686eeeaef0ee8183,0.6782138024357239,Medium priority,low CTR; high impressions,1679.0,0.0023823704586063135,8.273377010125074,3.0
1494,client_3f0ce4d44fe94f3d,content_66ab47ea59dabc09,0.6782138024357239,Medium priority,low CTR; high impressions,1679.0,0.0011911852293031567,7.212030970815962,
1495,client_0fa64a184f18a4a0,content_d57d5a123ce68c34,0.6782138024357239,Medium priority,low CTR; high impressions,1671.0,0.002992220227408737,2.9180131657690005,4.0
1496,client_3f0ce4d44fe94f3d,content_f253120f28e8f030,0.6782138024357239,Medium priority,low CTR; high impressions,1668.0,0.0017985611510791368,4.856714628297362,3.0
1497,client_2094c6eb080311d5,content_61a693f0cc1dcb7b,0.6782138024357239,Medium priority,low CTR; high impressions; weak average position,1658.0,0.0012062726176115801,10.11037394451146,8.0
1498,client_def0955f7a377868,content_c9a4cf8750925d39,0.6782138024357239,Medium priority,low CTR; high impressions,1655.0,0.002416918429003021,5.033836858006042,9.0
1499,client_0fa64a184f18a4a0,content_84c678dd20fde4fe,0.6782138024357239,Medium priority,low CTR; high impressions,1652.0,0.003026634382566586,4.5024213075060535,3.0
1500,client_3f0ce4d44fe94f3d,content_219f32d974ecbe20,0.6782138024357239,Medium priority,low CTR; high impressions,1650.0,0.0036363636363636364,4.156363636363636,2.0
1501,client_0fa64a184f18a4a0,content_acc6688dfbd73f18,0.6782138024357239,Medium priority,low CTR; high impressions,1647.0,0.0018214936247723133,3.734061930783242,1.0
1502,client_9958f0a7ae1df715,content_2112974a5bd2faa2,0.6782138024357239,Medium priority,low CTR; high impressions; weak average position,1647.0,0.0036429872495446266,12.925318761384336,21.0
1503,client_3f0ce4d44fe94f3d,content_7a0da3d8c7fd190c,0.6782138024357239,Medium priority,low CTR; high impressions,1645.0,0.00303951367781155,5.52887537993921,4.0
1504,client_2094c6eb080311d5,content_cbea5fd98292a826,0.6782138024357239,Medium priority,low CTR; high impressions; weak average position,1645.0,0.00425531914893617,10.28936170212766,7.0
1505,client_0fa64a184f18a4a0,content_fa2e461a4c0ee0a3,0.6782138024357239,Medium priority,low CTR; high impressions,1640.0,0.003658536585365854,4.286585365853658,7.0
1506,client_2094c6eb080311d5,content_507ba17e85511df0,0.6782138024357239,Medium priority,low CTR; high impressions,1639.0,0.0018303843807199512,7.636973764490543,3.0
1507,client_2094c6eb080311d5,content_0fa48e6ba3175193,0.6782138024357239,Medium priority,low CTR; high impressions,1635.0,0.0030581039755351682,5.266666666666667,16.0
1508,client_3f0ce4d44fe94f3d,content_4b45b4408ed2ef2b,0.6782138024357239,Medium priority,low CTR; high impressions,1633.0,0.003674219228413962,8.524800979791793,3.0
1509,client_0fa64a184f18a4a0,content_c332aeb6d9a91de0,0.6782138024357239,Medium priority,low CTR; high impressions,1630.0,0.0036809815950920245,3.165030674846626,6.0
1510,client_9958f0a7ae1df715,content_11e4e2c71a6d91f5,0.6782138024357239,Medium priority,low CTR; high impressions,1629.0,0.0012277470841006752,6.871700429711479,7.0
1511,client_9958f0a7ae1df715,content_572263a160b6c8ab,0.6782138024357239,Medium priority,low CTR; high impressions; weak average position,1625.0,0.0018461538461538461,10.507076923076923,82.0
1512,client_3f0ce4d44fe94f3d,content_1ae65455855e7510,0.6782138024357239,Medium priority,low CTR; high impressions,1619.0,0.0024706609017912293,1.4082767140210006,2.0
1513,client_0fa64a184f18a4a0,content_6c55d65e891ca955,0.6782138024357239,Medium priority,low CTR; high impressions,1616.0,0.0037128712871287127,1.561881188118812,7.0
1514,client_0fa64a184f18a4a0,content_744808ba2a565e9d,0.6782138024357239,Medium priority,low CTR; high impressions,1615.0,0.0030959752321981426,3.6024767801857585,5.0
1515,client_9958f0a7ae1df715,content_a7a3b94c523aee85,0.6782138024357239,Medium priority,low CTR; high impressions,1612.0,0.003101736972704715,6.125930521091812,15.0
1516,client_3f0ce4d44fe94f3d,content_b0c959f06806706b,0.6782138024357239,Medium priority,low CTR; high impressions,1611.0,0.0037243947858473,4.845437616387337,2.0
1517,client_9958f0a7ae1df715,content_00dafe96928080fb,0.6782138024357239,Medium priority,low CTR; high impressions,1600.0,0.00125,6.20625,2.0
1518,client_0fa64a184f18a4a0,content_5b62c1e504ce2c05,0.6782138024357239,Medium priority,low CTR; high impressions,1590.0,0.00440251572327044,2.361635220125786,8.0
1519,client_0fa64a184f18a4a0,content_1b7c3b9f17f36a6c,0.6782138024357239,Medium priority,low CTR; high impressions,1588.0,0.0031486146095717885,4.2865239294710324,3.0
1520,client_2094c6eb080311d5,content_2fb789f44c5e4fcb,0.6782138024357239,Medium priority,low CTR; high impressions,1587.0,0.002520478890989288,5.9029615626969125,7.0
1521,client_3f0ce4d44fe94f3d,content_c6e7176dadc53b68,0.6782138024357239,Medium priority,low CTR; high impressions; weak average position,1583.0,0.002526847757422615,12.080859128237524,
1522,client_3f0ce4d44fe94f3d,content_fcf54b1a364c8807,0.6782138024357239,Medium priority,low CTR; high impressions,1581.0,0.0031625553447185324,5.1676154332700825,2.0
1523,client_3f0ce4d44fe94f3d,content_b0651d5d22bd6c81,0.6782138024357239,Medium priority,low CTR; high impressions,1577.0,0.0025364616360177552,4.74001268230818,4.0
1524,client_2094c6eb080311d5,content_f5fc5f4942ec2d05,0.6782138024357239,Medium priority,low CTR; high impressions,1573.0,0.003178639542275906,8.219326128417038,5.0
1525,client_3f0ce4d44fe94f3d,content_abe803f98a0c492f,0.6782138024357239,Medium priority,low CTR; high impressions; weak average position,1573.0,0.0019071837253655435,11.047679593134138,2.0
1526,client_2094c6eb080311d5,content_ead767bd8a3f2956,0.6782138024357239,Medium priority,low CTR; high impressions,1571.0,0.0038192234245703373,7.9834500318268615,6.0
1527,client_3f0ce4d44fe94f3d,content_22b74cca3f76b652,0.6782138024357239,Medium priority,low CTR; high impressions; weak average position,1570.0,0.0012738853503184713,13.111464968152866,
1528,client_3f0ce4d44fe94f3d,content_499b10ff81567c8a,0.6782138024357239,Medium priority,low CTR; high impressions; weak average position,1566.0,0.0019157088122605363,28.08684546615581,5.0
1529,client_0fa64a184f18a4a0,content_9ea0acfaa9448cc5,0.6782138024357239,Medium priority,low CTR; high impressions,1552.0,0.003865979381443299,2.8266752577319587,6.0
1530,client_3f0ce4d44fe94f3d,content_2b1c5b44c6eed265,0.6782138024357239,Medium priority,low CTR; high impressions,1548.0,0.0012919896640826874,6.271963824289406,3.0
1531,client_3f0ce4d44fe94f3d,content_7d8699df1a4da4e6,0.6782138024357239,Medium priority,low CTR; high impressions,1546.0,0.003234152652005175,3.6836998706338937,2.0
1532,client_0fa64a184f18a4a0,content_80d034cc5c6a97d9,0.6782138024357239,Medium priority,low CTR; high impressions,1544.0,0.0038860103626943004,2.7441709844559585,7.0
1533,client_f623b01661d4bfe4,content_beba734159003307,0.6782138024357239,Medium priority,low CTR; high impressions; weak average position,1542.0,0.00324254215304799,47.577172503242544,5.0
1534,client_9958f0a7ae1df715,content_178272475e2ba114,0.6782138024357239,Medium priority,low CTR; high impressions; weak average position,1534.0,0.001303780964797914,25.65123859191656,3.0
1535,client_3f0ce4d44fe94f3d,content_4d49be79b9131a7c,0.6782138024357239,Medium priority,low CTR; high impressions; weak average position,1530.0,0.00130718954248366,10.821568627450981,1.0
1536,client_f623b01661d4bfe4,content_f8bf037fdffaf552,0.6782138024357239,Medium priority,low CTR; high impressions; weak average position,1530.0,0.00261437908496732,44.85751633986928,3.0
1537,client_9958f0a7ae1df715,content_541836d55d88f902,0.6782138024357239,Medium priority,low CTR; high impressions,1529.0,0.003924133420536298,8.721386527141922,9.0
1538,client_3f0ce4d44fe94f3d,content_650f6a52a4687ead,0.6782138024357239,Medium priority,low CTR; high impressions,1526.0,0.002621231979030144,3.4207077326343382,4.0
1539,client_2094c6eb080311d5,content_c0bfe45f75cd7296,0.6782138024357239,Medium priority,low CTR; high impressions,1519.0,0.003949967083607637,8.333113890717577,8.0
1540,client_3f0ce4d44fe94f3d,content_d57076de1573b898,0.6782138024357239,Medium priority,low CTR; high impressions; weak average position,1513.0,0.0013218770654329147,10.153337739590219,2.0
1541,client_3f0ce4d44fe94f3d,content_8281929d13c67090,0.6782138024357239,Medium priority,low CTR; high impressions,1510.0,0.0013245033112582781,6.565562913907285,1.0
1542,client_3f0ce4d44fe94f3d,content_7d3dde33b942d055,0.6782138024357239,Medium priority,low CTR; high impressions,1509.0,0.003976143141153081,4.591782637508284,3.0
1543,client_0fa64a184f18a4a0,content_1a98e05d542b70c6,0.6782138024357239,Medium priority,low CTR; high impressions,1507.0,0.003981420039814201,3.6230922362309226,6.0
1544,client_9958f0a7ae1df715,content_de8acd35fc066640,0.6782138024357239,Medium priority,low CTR; high impressions; weak average position,1506.0,0.0026560424966799467,10.561088977423639,6.0
1545,client_2094c6eb080311d5,content_aa3b31008bc29ab8,0.6782138024357239,Medium priority,low CTR; high impressions,1504.0,0.0026595744680851063,6.969414893617022,3.0
1546,client_3f0ce4d44fe94f3d,content_7e030b6500277b3e,0.6782138024357239,Medium priority,low CTR; high impressions,1503.0,0.001996007984031936,5.287425149700598,
1547,client_3f0ce4d44fe94f3d,content_b8850944883d4354,0.6782138024357239,Medium priority,low CTR; high impressions,1503.0,0.0026613439787092482,7.374584165003327,1.0
1548,client_3f0ce4d44fe94f3d,content_94c39a367907efde,0.6782138024357239,Medium priority,low CTR; high impressions,1502.0,0.002663115845539281,5.171770972037284,2.0
1549,client_0fa64a184f18a4a0,content_c0b55c47428476ea,0.6782138024357239,Medium priority,low CTR; high impressions,1501.0,0.003997335109926716,4.209193870752832,5.0
1550,client_3f0ce4d44fe94f3d,content_3a64e8a0a256fe91,0.6782138024357239,Medium priority,low CTR; high impressions; weak average position,1497.0,0.0026720106880427524,13.59318637274549,6.0
1551,client_3f0ce4d44fe94f3d,content_c2bee5da67081f34,0.6782138024357239,Medium priority,low CTR; high impressions,1483.0,0.0013486176668914363,1.9433580579905596,
1552,client_2094c6eb080311d5,content_097263a02e6b6c29,0.6782138024357239,Medium priority,low CTR; high impressions; weak average position,1483.0,0.0013486176668914363,13.039109912339852,3.0
1553,client_0fa64a184f18a4a0,content_2c1f056a289ae92a,0.6782138024357239,Medium priority,low CTR; high impressions; weak average position,1471.0,0.002719238613188307,19.64174031271244,3.0
1554,client_3f0ce4d44fe94f3d,content_0384993d87385eeb,0.6782138024357239,Medium priority,low CTR; high impressions; weak average position,1467.0,0.002044989775051125,16.334696659850035,2.0
1555,client_9958f0a7ae1df715,content_59da16fdb276cef1,0.6782138024357239,Medium priority,low CTR; high impressions,1464.0,0.0020491803278688526,9.636612021857923,6.0
1556,client_3f0ce4d44fe94f3d,content_9596d745dcf5f9c2,0.6782138024357239,Medium priority,low CTR; high impressions,1462.0,0.0027359781121751026,3.3488372093023258,
1557,client_3f0ce4d44fe94f3d,content_bd2e4938c50d9624,0.6782138024357239,Medium priority,low CTR; high impressions,1460.0,0.0013698630136986301,4.726027397260274,2.0
1558,client_3f0ce4d44fe94f3d,content_a278aa2ab7a2107d,0.6782138024357239,Medium priority,low CTR; high impressions,1454.0,0.0020632737276478678,2.359009628610729,2.0
1559,client_0fa64a184f18a4a0,content_d7dea1cd22b528e8,0.6782138024357239,Medium priority,low CTR; high impressions,1450.0,0.002758620689655172,3.306206896551724,3.0
1560,client_0fa64a184f18a4a0,content_582de5c3edbab9b2,0.6782138024357239,Medium priority,low CTR; high impressions,1449.0,0.003450655624568668,3.9447895100069013,6.0
1561,client_0fa64a184f18a4a0,content_f7d13ac45236e1ff,0.6782138024357239,Medium priority,low CTR; high impressions,1448.0,0.0020718232044198894,5.370856353591161,5.0
1562,client_3f0ce4d44fe94f3d,content_fa35db181023d39c,0.6782138024357239,Medium priority,low CTR; high impressions,1443.0,0.001386001386001386,2.2508662508662507,3.0
1563,client_3f0ce4d44fe94f3d,content_96208a66e02b616b,0.6782138024357239,Medium priority,low CTR; high impressions,1442.0,0.0027739251040221915,4.366851595006935,1.0
1564,client_3f0ce4d44fe94f3d,content_255887905b6cb4ee,0.6782138024357239,Medium priority,low CTR; high impressions,1439.0,0.0020847810979847115,6.036831132731063,3.0
1565,client_0fa64a184f18a4a0,content_a1ea0305a91de9b5,0.6782138024357239,Medium priority,low CTR; high impressions,1433.0,0.0034891835310537334,2.889741800418702,5.0
1566,client_3f0ce4d44fe94f3d,content_5bf826e5df7f6ba3,0.6782138024357239,Medium priority,low CTR; high impressions,1433.0,0.00209351011863224,5.573621772505234,2.0
1567,client_3f0ce4d44fe94f3d,content_61592c219700b473,0.6782138024357239,Medium priority,low CTR; high impressions,1430.0,0.004195804195804196,4.556643356643357,6.0
1568,client_0fa64a184f18a4a0,content_845af4e680b3dc5e,0.6782138024357239,Medium priority,low CTR; high impressions,1429.0,0.002099370188943317,3.767669699090273,3.0
1569,client_3f0ce4d44fe94f3d,content_2a5e1f01a31253c5,0.6782138024357239,Medium priority,low CTR; high impressions; weak average position,1429.0,0.002099370188943317,10.444366689993002,3.0
1570,client_f623b01661d4bfe4,content_969352f4e556bad4,0.6782138024357239,Medium priority,low CTR; high impressions; weak average position,1426.0,0.004207573632538569,76.5070126227209,5.0
1571,client_0fa64a184f18a4a0,content_d310afac70ea94fb,0.6782138024357239,Medium priority,low CTR; high impressions,1424.0,0.0028089887640449437,2.627808988764045,4.0
1572,client_2094c6eb080311d5,content_1e62b387bb90e2d4,0.6782138024357239,Medium priority,low CTR; high impressions,1423.0,0.0014054813773717498,9.919184820801124,6.0
1573,client_0fa64a184f18a4a0,content_651da21467d19ca7,0.6782138024357239,Medium priority,low CTR; high impressions,1420.0,0.0028169014084507044,3.5838028169014087,4.0
1574,client_2094c6eb080311d5,content_214c8bd81e5fa1fd,0.6782138024357239,Medium priority,low CTR; high impressions; weak average position,1420.0,0.0028169014084507044,22.377464788732393,4.0
1575,client_2094c6eb080311d5,content_4990a6d29e5315bb,0.6782138024357239,Medium priority,low CTR; high impressions,1416.0,0.00423728813559322,7.096751412429379,10.0
1576,client_3f0ce4d44fe94f3d,content_475d18065eb096a0,0.6782138024357239,Medium priority,low CTR; high impressions,1415.0,0.0028268551236749115,7.5477031802120145,3.0
1577,client_2094c6eb080311d5,content_0c953ff0fb294735,0.6782138024357239,Medium priority,low CTR; high impressions,1415.0,0.0014134275618374558,8.342049469964664,3.0
1578,client_0fa64a184f18a4a0,content_4d429eeea81d00c0,0.6782138024357239,Medium priority,low CTR; high impressions,1414.0,0.004243281471004243,3.0785007072135784,6.0
1579,client_3f0ce4d44fe94f3d,content_3e2e58da3c27c823,0.6782138024357239,Medium priority,low CTR; high impressions,1414.0,0.0014144271570014145,6.397454031117397,3.0
1580,client_3f0ce4d44fe94f3d,content_f8dede76a31b511b,0.6782138024357239,Medium priority,low CTR; high impressions,1410.0,0.0014184397163120568,8.175177304964539,
1581,client_3f0ce4d44fe94f3d,content_e4746988aa37d411,0.6782138024357239,Medium priority,low CTR; high impressions,1406.0,0.001422475106685633,8.92958748221906,1.0
1582,client_0fa64a184f18a4a0,content_d6c8477d8d3825dd,0.6782138024357239,Medium priority,low CTR; high impressions,1404.0,0.004273504273504274,1.6118233618233617,7.0
1583,client_3f0ce4d44fe94f3d,content_15aa75400c714042,0.6782138024357239,Medium priority,low CTR; high impressions,1394.0,0.00430416068866571,2.7625538020086085,3.0
1584,client_9958f0a7ae1df715,content_523bd039073efe3c,0.6782138024357239,Medium priority,low CTR; high impressions,1391.0,0.0014378145219266715,9.567217828900072,2.0
1585,client_9958f0a7ae1df715,content_819dfb0384dda355,0.6782138024357239,Medium priority,low CTR; high impressions; weak average position,1389.0,0.0014398848092152627,20.298776097912167,3.0
1586,client_3f0ce4d44fe94f3d,content_63343966c9770ce5,0.6782138024357239,Medium priority,low CTR; high impressions; weak average position,1381.0,0.001448225923244026,11.123823316437365,1.0
1587,client_9958f0a7ae1df715,content_f0b4a7292f1f4b89,0.6782138024357239,Medium priority,low CTR; high impressions,1378.0,0.0021770682148040637,5.653120464441219,3.0
1588,client_0fa64a184f18a4a0,content_5099c58941962fc3,0.6782138024357239,Medium priority,low CTR; high impressions,1377.0,0.004357298474945534,1.7712418300653594,5.0
1589,client_3f0ce4d44fe94f3d,content_3102f61f46e0bc88,0.6782138024357239,Medium priority,low CTR; high impressions; weak average position,1375.0,0.002181818181818182,10.754181818181818,2.0
1590,client_3f0ce4d44fe94f3d,content_85b2560732b52d34,0.6782138024357239,Medium priority,low CTR; high impressions,1371.0,0.0029175784099197666,6.887673231218089,2.0
1591,client_3f0ce4d44fe94f3d,content_217f7f1ac5667aad,0.6782138024357239,Medium priority,low CTR; high impressions,1367.0,0.0043891733723482075,8.292611558156548,4.0
1592,client_f623b01661d4bfe4,content_d821af727371f868,0.6782138024357239,Medium priority,low CTR; high impressions; weak average position,1363.0,0.003668378576669112,26.683785766691123,5.0
1593,client_3f0ce4d44fe94f3d,content_3de943a607736bda,0.6782138024357239,Medium priority,low CTR; high impressions,1361.0,0.002204261572373255,8.417340191036002,
1594,client_3f0ce4d44fe94f3d,content_6080cb40970b0a20,0.6782138024357239,Medium priority,low CTR; high impressions,1357.0,0.002210759027266028,3.5917464996315402,1.0
1595,client_0fa64a184f18a4a0,content_d984ceaed8fb7249,0.6782138024357239,Medium priority,low CTR; high impressions,1352.0,0.0014792899408284023,4.2078402366863905,2.0
1596,client_9958f0a7ae1df715,content_986d48a790f0f5ad,0.6782138024357239,Medium priority,low CTR; high impressions; weak average position,1352.0,0.0022189349112426036,11.373520710059172,29.0
1597,client_3f0ce4d44fe94f3d,content_cd5660a612959cf5,0.6782138024357239,Medium priority,low CTR; high impressions,1350.0,0.0014814814814814814,2.8014814814814817,
1598,client_3f0ce4d44fe94f3d,content_eb5a9ca5ef0bda50,0.6782138024357239,Medium priority,low CTR; high impressions,1349.0,0.0029651593773165306,9.653817642698295,4.0
1599,client_2094c6eb080311d5,content_9482ec9f2e5fa8e3,0.6782138024357239,Medium priority,low CTR; high impressions,1340.0,0.0037313432835820895,9.51641791044776,19.0
1600,client_3f0ce4d44fe94f3d,content_121af7242f433ced,0.6782138024357239,Medium priority,low CTR; high impressions,1340.0,0.0014925373134328358,3.5582089552238805,1.0
1601,client_3f0ce4d44fe94f3d,content_6c21d44c491387b6,0.6782138024357239,Medium priority,low CTR; high impressions,1339.0,0.0022404779686333084,6.130694548170276,4.0
1602,client_0fa64a184f18a4a0,content_b11924162fec038b,0.6782138024357239,Medium priority,low CTR; high impressions,1339.0,0.002987303958177745,2.395070948469007,6.0
1603,client_9958f0a7ae1df715,content_84f5a9ecfefa108e,0.6782138024357239,Medium priority,low CTR; high impressions,1335.0,0.00299625468164794,4.6838951310861425,3.0
1604,client_9958f0a7ae1df715,content_d7c7b10436c4688b,0.6782138024357239,Medium priority,low CTR; high impressions,1335.0,0.00149812734082397,6.880898876404494,10.0
1605,client_3f0ce4d44fe94f3d,content_3d041bcc10f457d5,0.6782138024357239,Medium priority,low CTR; high impressions,1332.0,0.003003003003003003,5.743243243243243,4.0
1606,client_3f0ce4d44fe94f3d,content_ae5f96934f4b2955,0.6782138024357239,Medium priority,low CTR; high impressions,1330.0,0.0030075187969924814,4.7894736842105265,2.0
1607,client_0fa64a184f18a4a0,content_5431becccea14cc8,0.6782138024357239,Medium priority,low CTR; high impressions,1318.0,0.002276176024279211,2.2769347496206374,2.0
1608,client_2094c6eb080311d5,content_94d30ca6641622ce,0.6782138024357239,Medium priority,low CTR; high impressions,1316.0,0.001519756838905775,6.781914893617022,4.0
1609,client_9958f0a7ae1df715,content_7376a9016e8fce8c,0.6782138024357239,Medium priority,low CTR; high impressions,1313.0,0.002284843869002285,8.43107387661843,14.0
1610,client_3f0ce4d44fe94f3d,content_5acb61e91ebbd01f,0.6782138024357239,Medium priority,low CTR; high impressions,1311.0,0.0030511060259344014,6.931350114416476,3.0
1611,client_3f0ce4d44fe94f3d,content_ab6d380147deab36,0.6782138024357239,Medium priority,low CTR; high impressions,1310.0,0.0015267175572519084,9.416030534351146,
1612,client_3f0ce4d44fe94f3d,content_c7177b188688e616,0.6782138024357239,Medium priority,low CTR; high impressions,1310.0,0.0015267175572519084,7.651908396946565,1.0
1613,client_2094c6eb080311d5,content_adcfe0208119bb73,0.6782138024357239,Medium priority,low CTR; high impressions,1309.0,0.002291825821237586,9.242169595110772,9.0
1614,client_3f0ce4d44fe94f3d,content_b311d880d4ef9c95,0.6782138024357239,Medium priority,low CTR; high impressions,1309.0,0.0030557677616501145,7.4935064935064934,4.0
1615,client_3f0ce4d44fe94f3d,content_a710ba5177be7a0b,0.6782138024357239,Medium priority,low CTR; high impressions,1308.0,0.0022935779816513763,7.724770642201835,3.0
1616,client_0fa64a184f18a4a0,content_b07d6b8a71acddfe,0.6782138024357239,Medium priority,low CTR; high impressions,1306.0,0.0038284839203675345,3.1477794793261866,1.0
1617,client_0fa64a184f18a4a0,content_2f1746ff332ec20f,0.6782138024357239,Medium priority,low CTR; high impressions,1304.0,0.003834355828220859,4.515337423312883,3.0
1618,client_3f0ce4d44fe94f3d,content_796bc873dbf0eb6c,0.6782138024357239,Medium priority,low CTR; high impressions,1287.0,0.002331002331002331,2.282051282051282,2.0
1619,client_0fa64a184f18a4a0,content_4c2bef3849ad7d1a,0.6782138024357239,Medium priority,low CTR; high impressions,1284.0,0.001557632398753894,5.305295950155763,1.0
1620,client_3f0ce4d44fe94f3d,content_6ac9bdd71eca5385,0.6782138024357239,Medium priority,low CTR; high impressions,1284.0,0.001557632398753894,5.519470404984424,
1621,client_3f0ce4d44fe94f3d,content_73b8365a092349ec,0.6782138024357239,Medium priority,low CTR; high impressions,1284.0,0.003115264797507788,3.869158878504673,3.0
1622,client_3f0ce4d44fe94f3d,content_2136129406caa884,0.6782138024357239,Medium priority,low CTR; high impressions,1280.0,0.00390625,4.70859375,
1623,client_0fa64a184f18a4a0,content_babdb803e68d58ea,0.6782138024357239,Medium priority,low CTR; high impressions,1271.0,0.003147128245476003,2.1038552321007082,3.0
1624,client_2094c6eb080311d5,content_b7f929de080dbc3d,0.6782138024357239,Medium priority,low CTR; high impressions,1267.0,0.003946329913180742,8.13733228097869,19.0
1625,client_2094c6eb080311d5,content_6bb2a3b9b6b622a5,0.6782138024357239,Medium priority,low CTR; high impressions; weak average position,1265.0,0.0015810276679841897,13.411857707509881,3.0
1626,client_3f0ce4d44fe94f3d,content_542e684f1751d928,0.6782138024357239,Medium priority,low CTR; high impressions,1262.0,0.003169572107765452,2.2931854199683044,3.0
1627,client_3f0ce4d44fe94f3d,content_037674abac8b2045,0.6782138024357239,Medium priority,low CTR; high impressions,1261.0,0.003965107057890563,2.202220459952419,3.0
1628,client_3f0ce4d44fe94f3d,content_d7ecdfaf168fd6a3,0.6782138024357239,Medium priority,low CTR; high impressions,1261.0,0.0031720856463124504,4.942109436954798,3.0
1629,client_0fa64a184f18a4a0,content_c253dd6f4296eeb9,0.6782138024357239,Medium priority,low CTR; high impressions,1260.0,0.002380952380952381,5.0095238095238095,5.0
1630,client_0fa64a184f18a4a0,content_9be30d08605447b1,0.6782138024357239,Medium priority,low CTR; high impressions,1259.0,0.003177124702144559,6.710087370929309,6.0
1631,client_9958f0a7ae1df715,content_2c008d1bd31a2d6f,0.6782138024357239,Medium priority,low CTR; high impressions,1255.0,0.002390438247011952,7.767330677290837,5.0
1632,client_3f0ce4d44fe94f3d,content_37385b0eb82a5439,0.6782138024357239,Medium priority,low CTR; high impressions,1255.0,0.002390438247011952,5.717928286852589,4.0
1633,client_9958f0a7ae1df715,content_6c6265aecf3c13df,0.6782138024357239,Medium priority,low CTR; high impressions,1254.0,0.0023923444976076554,9.104465709728867,8.0
1634,client_3f0ce4d44fe94f3d,content_5bde8ec58543f7eb,0.6782138024357239,Medium priority,low CTR; high impressions,1254.0,0.0023923444976076554,3.383572567783094,2.0
1635,client_3f0ce4d44fe94f3d,content_a99149c894009611,0.6782138024357239,Medium priority,low CTR; high impressions,1251.0,0.002398081534772182,2.783373301358913,3.0
1636,client_3f0ce4d44fe94f3d,content_d8a08aeb4d7e2a9a,0.6782138024357239,Medium priority,low CTR; high impressions,1249.0,0.0040032025620496394,7.22658126501201,3.0
1637,client_3f0ce4d44fe94f3d,content_2e0932c8d1da7f10,0.6782138024357239,Medium priority,low CTR; high impressions; weak average position,1240.0,0.0016129032258064516,10.610483870967743,2.0
1638,client_3f0ce4d44fe94f3d,content_acda024ad9659e16,0.6782138024357239,Medium priority,low CTR; high impressions,1235.0,0.0032388663967611335,5.516599190283401,2.0
1639,client_3f0ce4d44fe94f3d,content_79b71160e21da413,0.6782138024357239,Medium priority,low CTR; high impressions,1234.0,0.004051863857374392,2.96839546191248,4.0
1640,client_3f0ce4d44fe94f3d,content_36ab44e7d1e96736,0.6782138024357239,Medium priority,low CTR; high impressions,1232.0,0.002435064935064935,5.892857142857143,1.0
1641,client_9958f0a7ae1df715,content_04b93a60b87a2376,0.6782138024357239,Medium priority,low CTR; high impressions,1232.0,0.002435064935064935,4.712662337662338,3.0
1642,client_9958f0a7ae1df715,content_29622838ba2887ee,0.6782138024357239,Medium priority,low CTR; high impressions; weak average position,1220.0,0.001639344262295082,18.095901639344262,2.0
1643,client_3f0ce4d44fe94f3d,content_2126cb12094a320d,0.6782138024357239,Medium priority,low CTR; high impressions; weak average position,1219.0,0.002461033634126333,10.53732567678425,2.0
1644,client_3f0ce4d44fe94f3d,content_a888e0ff51241291,0.6782138024357239,Medium priority,low CTR; high impressions; weak average position,1218.0,0.0024630541871921183,49.431855500821015,2.0
1645,client_9958f0a7ae1df715,content_43b6917e3835476f,0.6782138024357239,Medium priority,low CTR; high impressions; weak average position,1217.0,0.0016433853738701725,14.134757600657354,5.0
1646,client_2094c6eb080311d5,content_5011cfee8f5e75f5,0.6782138024357239,Medium priority,low CTR; high impressions; weak average position,1215.0,0.0024691358024691358,17.31604938271605,9.0
1647,client_3f0ce4d44fe94f3d,content_e9b998e3762068ff,0.6782138024357239,Medium priority,low CTR; high impressions,1208.0,0.0041390728476821195,2.3311258278145695,4.0
1648,client_3f0ce4d44fe94f3d,content_4ffe441e79dd3a65,0.6782138024357239,Medium priority,low CTR; high impressions,1203.0,0.0024937655860349127,4.866999168744805,2.0
1649,client_3f0ce4d44fe94f3d,content_15fb19f221a6aea4,0.6782138024357239,Medium priority,low CTR; high impressions,1202.0,0.0033277870216306157,5.126455906821963,1.0
1650,client_2094c6eb080311d5,content_9fa132b5d23fca8f,0.6782138024357239,Medium priority,low CTR; high impressions,1202.0,0.0033277870216306157,7.0083194675540765,11.0
1651,client_2094c6eb080311d5,content_8e66c9c65dfaf125,0.6782138024357239,Medium priority,low CTR; high impressions,1202.0,0.0016638935108153079,6.81198003327787,23.0
1652,client_2094c6eb080311d5,content_af172186d66db42f,0.6782138024357239,Medium priority,low CTR; high impressions,1198.0,0.00333889816360601,5.091819699499165,5.0
1653,client_3f0ce4d44fe94f3d,content_1d5c2d9d4988bf09,0.6782138024357239,Medium priority,low CTR; high impressions,1196.0,0.004180602006688963,5.967391304347826,2.0
1654,client_9958f0a7ae1df715,content_aead070e1f002702,0.6782138024357239,Medium priority,low CTR; high impressions; weak average position,1193.0,0.004191114836546521,10.673093042749372,3.0
1655,client_9958f0a7ae1df715,content_d573caaa5e84c0de,0.6782138024357239,Medium priority,low CTR; high impressions; weak average position,1193.0,0.002514668901927913,11.668063704945515,2.0
1656,client_9958f0a7ae1df715,content_4610ff6b79a6fc56,0.6782138024357239,Medium priority,low CTR; high impressions,1188.0,0.0016835016835016834,7.784511784511785,7.0
1657,client_0fa64a184f18a4a0,content_ca6e064fe6706543,0.6782138024357239,Medium priority,low CTR; high impressions,1185.0,0.002531645569620253,1.4928270042194094,2.0
1658,client_3f0ce4d44fe94f3d,content_e514c0e4cd440648,0.6782138024357239,Medium priority,low CTR; high impressions,1181.0,0.004233700254022015,7.41151566469094,3.0
1659,client_9958f0a7ae1df715,content_5e69fa05dd3327f9,0.6782138024357239,Medium priority,low CTR; high impressions; weak average position,1179.0,0.0016963528413910093,37.40203562340967,3.0
1660,client_9958f0a7ae1df715,content_060a796122c1db71,0.6782138024357239,Medium priority,low CTR; high impressions,1178.0,0.004244482173174873,9.657894736842104,7.0
1661,client_3f0ce4d44fe94f3d,content_33f78ec5945e7e64,0.6782138024357239,Medium priority,low CTR; high impressions; weak average position,1177.0,0.002548853016142736,16.43840271877655,4.0
1662,client_2094c6eb080311d5,content_91ee80775e418911,0.6782138024357239,Medium priority,low CTR; high impressions,1177.0,0.004248088360237893,6.430756159728122,9.0
1663,client_3f0ce4d44fe94f3d,content_816a5ad63783532d,0.6782138024357239,Medium priority,low CTR; high impressions,1175.0,0.003404255319148936,3.578723404255319,1.0
1664,client_9958f0a7ae1df715,content_84493dcefc6fcb06,0.6782138024357239,Medium priority,low CTR; high impressions,1175.0,0.001702127659574468,7.631489361702128,9.0
1665,client_3f0ce4d44fe94f3d,content_7350b7060b0852dc,0.6782138024357239,Medium priority,low CTR; high impressions,1170.0,0.004273504273504274,6.111965811965812,1.0
1666,client_3f0ce4d44fe94f3d,content_08c5cad60aadffaa,0.6782138024357239,Medium priority,low CTR; high impressions,1168.0,0.0025684931506849314,1.6138698630136987,1.0
1667,client_3f0ce4d44fe94f3d,content_203d22709173fb48,0.6782138024357239,Medium priority,low CTR; high impressions,1166.0,0.0017152658662092624,6.437392795883362,1.0
1668,client_3f0ce4d44fe94f3d,content_b67abc2e2eb0a292,0.6782138024357239,Medium priority,low CTR; high impressions,1158.0,0.0025906735751295338,4.8644214162348876,2.0
1669,client_3f0ce4d44fe94f3d,content_45602b988a14bad3,0.6782138024357239,Medium priority,low CTR; high impressions; weak average position,1158.0,0.0025906735751295338,20.3272884283247,3.0
1670,client_3f0ce4d44fe94f3d,content_1c1a92f6f8efa8c2,0.6782138024357239,Medium priority,low CTR; high impressions; weak average position,1154.0,0.004332755632582322,15.88214904679376,5.0
1671,client_3f0ce4d44fe94f3d,content_6d1a6fbf3317ae8e,0.6782138024357239,Medium priority,low CTR; high impressions,1153.0,0.0026019080659150044,2.6444058976582827,3.0
1672,client_3f0ce4d44fe94f3d,content_fd549bf5c69d1153,0.6782138024357239,Medium priority,low CTR; high impressions,1147.0,0.0034873583260680036,8.439407149084568,2.0
1673,client_2094c6eb080311d5,content_98cc78036148039a,0.6782138024357239,Medium priority,low CTR; high impressions,1146.0,0.002617801047120419,7.363874345549738,3.0
1674,client_2094c6eb080311d5,content_157db5a38382c639,0.6782138024357239,Medium priority,low CTR; high impressions,1143.0,0.003499562554680665,6.727909011373578,2.0
1675,client_2094c6eb080311d5,content_70abe963c2b7f2cf,0.6782138024357239,Medium priority,low CTR; high impressions; weak average position,1138.0,0.0026362038664323375,15.630931458699473,4.0
1676,client_3f0ce4d44fe94f3d,content_f5812f3d1df93317,0.6782138024357239,Medium priority,low CTR; high impressions,1137.0,0.002638522427440633,3.297273526824978,
1677,client_3f0ce4d44fe94f3d,content_d57ed3f979c5c184,0.6782138024357239,Medium priority,low CTR; high impressions,1137.0,0.0043975373790677225,3.114335971855761,2.0
1678,client_2094c6eb080311d5,content_d896ea2ad14eb778,0.6782138024357239,Medium priority,low CTR; high impressions,1129.0,0.002657218777679362,7.906997342781223,4.0
1679,client_3f0ce4d44fe94f3d,content_3d2083e731782cf7,0.6782138024357239,Medium priority,low CTR; high impressions,1127.0,0.001774622892635315,3.2741792369121563,2.0
1680,client_2094c6eb080311d5,content_e9f1ffdc90a6f62d,0.6782138024357239,Medium priority,low CTR; high impressions,1123.0,0.0026714158504007124,5.737310774710597,5.0
1681,client_3f0ce4d44fe94f3d,content_864c4c2c8fea76eb,0.6782138024357239,Medium priority,low CTR; high impressions,1122.0,0.0017825311942959,4.635472370766489,4.0
1682,client_3f0ce4d44fe94f3d,content_10737ac5896533c3,0.6782138024357239,Medium priority,low CTR; high impressions,1120.0,0.0035714285714285713,3.6964285714285716,2.0
1683,client_2094c6eb080311d5,content_323e731d502b11e2,0.6782138024357239,Medium priority,low CTR; high impressions,1117.0,0.0026857654431512983,6.228290062667861,7.0
1684,client_0fa64a184f18a4a0,content_33a76ee05c7af9cf,0.6782138024357239,Medium priority,low CTR; high impressions,1117.0,0.0026857654431512983,4.967770814682185,2.0
1685,client_2094c6eb080311d5,content_2407ee3ca5364ee2,0.6782138024357239,Medium priority,low CTR; high impressions,1113.0,0.0026954177897574125,7.449236298292902,12.0
1686,client_3f0ce4d44fe94f3d,content_d19359f940c51691,0.6782138024357239,Medium priority,low CTR; high impressions,1111.0,0.0018001800180018,3.9918991899189917,1.0
1687,client_0fa64a184f18a4a0,content_c9b1b012f65cd952,0.6782138024357239,Medium priority,low CTR; high impressions,1111.0,0.0027002700270027003,2.521152115211521,2.0
1688,client_0fa64a184f18a4a0,content_f86d3a690009aeca,0.6782138024357239,Medium priority,low CTR; high impressions,1108.0,0.0036101083032490976,1.9990974729241877,6.0
1689,client_3f0ce4d44fe94f3d,content_3f2c05294fb21154,0.6782138024357239,Medium priority,low CTR; high impressions,1106.0,0.0027124773960217,1.5289330922242315,1.0
1690,client_3f0ce4d44fe94f3d,content_a2737214a4efdf9b,0.6782138024357239,Medium priority,low CTR; high impressions; weak average position,1103.0,0.0027198549410698096,10.15231187669991,2.0
1691,client_2094c6eb080311d5,content_2066dce8677aef27,0.6782138024357239,Medium priority,low CTR; high impressions; weak average position,1102.0,0.0018148820326678765,13.38021778584392,4.0
1692,client_2094c6eb080311d5,content_f5c786f0c8de3976,0.6782138024357239,Medium priority,low CTR; high impressions,1099.0,0.003639672429481347,3.9326660600545953,7.0
1693,client_3f0ce4d44fe94f3d,content_34237f39b429788c,0.6782138024357239,Medium priority,low CTR; high impressions; weak average position,1095.0,0.0018264840182648401,11.347945205479451,1.0
1694,client_2094c6eb080311d5,content_6d3ecdb9731bbdf6,0.6782138024357239,Medium priority,low CTR; high impressions,1095.0,0.0036529680365296802,6.774429223744292,9.0
1695,client_2094c6eb080311d5,content_33a95acb7e9387d2,0.6782138024357239,Medium priority,low CTR; high impressions,1093.0,0.0027447392497712718,7.708142726440988,4.0
1696,client_3f0ce4d44fe94f3d,content_e20751cf2bf8dc7d,0.6782138024357239,Medium priority,low CTR; high impressions; weak average position,1091.0,0.002749770852428964,13.853345554537121,2.0
1697,client_9958f0a7ae1df715,content_7d16dcdb89ab9219,0.6782138024357239,Medium priority,low CTR; high impressions,1088.0,0.001838235294117647,6.938419117647059,4.0
1698,client_3f0ce4d44fe94f3d,content_2491eb3d596508d9,0.6782138024357239,Medium priority,low CTR; high impressions,1087.0,0.0027598896044158236,8.775528978840846,3.0
1699,client_3f0ce4d44fe94f3d,content_46d1c3d32f379849,0.6782138024357239,Medium priority,low CTR; high impressions; weak average position,1086.0,0.0027624309392265192,10.999079189686924,1.0
1700,client_2094c6eb080311d5,content_74b2f53102b976da,0.6782138024357239,Medium priority,low CTR; high impressions,1086.0,0.0027624309392265192,5.460405156537753,12.0
1701,client_3f0ce4d44fe94f3d,content_c36a3e2e2d647bb8,0.6782138024357239,Medium priority,low CTR; high impressions,1085.0,0.003686635944700461,2.278341013824885,2.0
1702,client_3f0ce4d44fe94f3d,content_76aeccf25745c38e,0.6782138024357239,Medium priority,low CTR; high impressions; weak average position,1083.0,0.0018467220683287165,18.63711911357341,
1703,client_cd12bcfd98942aa1,content_ee54d19faedd8bd9,0.6782138024357239,Medium priority,low CTR; high impressions,1080.0,0.003703703703703704,7.910185185185185,9.0
1704,client_3f0ce4d44fe94f3d,content_f14eb454cef0e610,0.6782138024357239,Medium priority,low CTR; high impressions,1080.0,0.001851851851851852,4.234259259259259,1.0
1705,client_3f0ce4d44fe94f3d,content_d64ac106d591f50e,0.6782138024357239,Medium priority,low CTR; high impressions,1077.0,0.002785515320334262,4.515320334261839,2.0
1706,client_0fa64a184f18a4a0,content_efaa65cf02416475,0.6782138024357239,Medium priority,low CTR; high impressions,1073.0,0.0027958993476234857,2.2423112767940356,4.0
1707,client_0fa64a184f18a4a0,content_a72667da20ebdb7a,0.6782138024357239,Medium priority,low CTR; high impressions,1073.0,0.0027958993476234857,2.7427772600186393,3.0
1708,client_3f0ce4d44fe94f3d,content_bc4065e5f6debaef,0.6782138024357239,Medium priority,low CTR; high impressions,1072.0,0.0037313432835820895,8.604477611940299,2.0
1709,client_3f0ce4d44fe94f3d,content_dad0d0738cb4c524,0.6782138024357239,Medium priority,low CTR; high impressions; weak average position,1072.0,0.0018656716417910447,12.932835820895523,
1710,client_2094c6eb080311d5,content_ffb39cca26cb5808,0.6782138024357239,Medium priority,low CTR; high impressions,1071.0,0.0018674136321195146,7.057889822595705,1.0
1711,client_3f0ce4d44fe94f3d,content_fce2b120666a910b,0.6782138024357239,Medium priority,low CTR; high impressions,1070.0,0.003738317757009346,6.242990654205608,3.0
1712,client_3f0ce4d44fe94f3d,content_2f89fb22e24c9230,0.6782138024357239,Medium priority,low CTR; high impressions,1070.0,0.002803738317757009,2.633644859813084,1.0
1713,client_3f0ce4d44fe94f3d,content_5ad66ff32953a431,0.6782138024357239,Medium priority,low CTR; high impressions,1069.0,0.0018709073900841909,2.4555659494855004,
1714,client_2094c6eb080311d5,content_b5505ab6da9e4e3c,0.6782138024357239,Medium priority,low CTR; high impressions,1067.0,0.0018744142455482662,4.657919400187441,3.0
1715,client_9958f0a7ae1df715,content_60d756f98cfde81d,0.6782138024357239,Medium priority,low CTR; high impressions; weak average position,1066.0,0.0028142589118198874,10.634146341463415,3.0
1716,client_3f0ce4d44fe94f3d,content_118c7911696a2de6,0.6782138024357239,Medium priority,low CTR; high impressions,1066.0,0.001876172607879925,5.1041275797373356,4.0
1717,client_3f0ce4d44fe94f3d,content_86b2912ee2ba3cc3,0.6782138024357239,Medium priority,low CTR; high impressions,1063.0,0.0037629350893697085,1.5145813734713076,5.0
1718,client_3f0ce4d44fe94f3d,content_557c00c81100d822,0.6782138024357239,Medium priority,low CTR; high impressions,1062.0,0.003766478342749529,5.772128060263653,1.0
1719,client_2094c6eb080311d5,content_7b3c8fa310f9119c,0.6782138024357239,Medium priority,low CTR; high impressions,1061.0,0.003770028275212064,4.552309142318568,6.0
1720,client_3f0ce4d44fe94f3d,content_556f7b52f58b0939,0.6782138024357239,Medium priority,low CTR; high impressions,1060.0,0.002830188679245283,5.933962264150943,3.0
1721,client_3f0ce4d44fe94f3d,content_73bcc3f351772927,0.6782138024357239,Medium priority,low CTR; high impressions,1058.0,0.002835538752362949,2.4905482041587903,2.0
1722,client_9958f0a7ae1df715,content_404b55ed40369e03,0.6782138024357239,Medium priority,low CTR; high impressions; weak average position,1057.0,0.001892147587511826,11.720908230842007,2.0
1723,client_2094c6eb080311d5,content_d1ba3b928f293ecd,0.6782138024357239,Medium priority,low CTR; high impressions,1056.0,0.002840909090909091,7.394886363636363,2.0
1724,client_2094c6eb080311d5,content_6ec9b897738674dc,0.6782138024357239,Medium priority,low CTR; high impressions,1055.0,0.0018957345971563982,6.158293838862559,3.0
1725,client_def0955f7a377868,content_dd0a97b44d3ee679,0.6782138024357239,Medium priority,low CTR; high impressions,1053.0,0.001899335232668566,8.36372269705603,5.0
1726,client_2094c6eb080311d5,content_01743443320b1be9,0.6782138024357239,Medium priority,low CTR; high impressions,1048.0,0.0019083969465648854,7.4961832061068705,3.0
1727,client_9958f0a7ae1df715,content_515a1d5cbb1d5442,0.6782138024357239,Medium priority,low CTR; high impressions; weak average position,1044.0,0.0028735632183908046,18.65038314176245,3.0
1728,client_cd12bcfd98942aa1,content_2974c214ff960e10,0.6782138024357239,Medium priority,low CTR; high impressions; weak average position,1042.0,0.0028790786948176585,34.71976967370441,8.0
1729,client_9958f0a7ae1df715,content_260d9f1b12a232d0,0.6782138024357239,Medium priority,low CTR; high impressions,1040.0,0.0019230769230769232,8.824038461538462,8.0
1730,client_3f0ce4d44fe94f3d,content_a73437e87e93603b,0.6782138024357239,Medium priority,low CTR; high impressions,1038.0,0.002890173410404624,2.443159922928709,1.0
1731,client_9958f0a7ae1df715,content_3e9208186d47cd41,0.6782138024357239,Medium priority,low CTR; high impressions; weak average position,1034.0,0.0019342359767891683,14.922630560928432,2.0
1732,client_2094c6eb080311d5,content_d4333c89f3fc2456,0.6782138024357239,Medium priority,low CTR; high impressions,1027.0,0.0038948393378773127,5.925998052580331,5.0
1733,client_2094c6eb080311d5,content_975bf3edb0c0ed51,0.6782138024357239,Medium priority,low CTR; high impressions,1024.0,0.001953125,5.083984375,2.0
1734,client_3f0ce4d44fe94f3d,content_1abb974664e76e90,0.6782138024357239,Medium priority,low CTR; high impressions,1023.0,0.0019550342130987292,9.902248289345064,1.0
1735,client_3f0ce4d44fe94f3d,content_4e3d0f479ce4b1e2,0.6782138024357239,Medium priority,low CTR; high impressions,1020.0,0.00392156862745098,1.8009803921568628,4.0
1736,client_9958f0a7ae1df715,content_29405703cd2ce3ea,0.6782138024357239,Medium priority,low CTR; high impressions,1016.0,0.003937007874015748,9.748031496062993,7.0
1737,client_3f0ce4d44fe94f3d,content_ece89b5b6d3491dc,0.6782138024357239,Medium priority,low CTR; high impressions,1013.0,0.0029615004935834156,1.4659427443237907,
1738,client_2094c6eb080311d5,content_dcf5241830bbc95b,0.6782138024357239,Medium priority,low CTR; high impressions,1008.0,0.002976190476190476,6.088293650793651,10.0
1739,client_9958f0a7ae1df715,content_1824be59b01d64cf,0.6782138024357239,Medium priority,low CTR; high impressions; weak average position,1002.0,0.003992015968063872,25.191616766467067,11.0
1740,client_9958f0a7ae1df715,content_39d238e7caa9fc22,0.6782138024357239,Medium priority,low CTR; high impressions,1001.0,0.002997002997002997,7.993006993006993,2.0
1741,client_3f0ce4d44fe94f3d,content_d8fb46d462ba2d49,0.6782138024357239,Medium priority,low CTR,999.0,0.002002002002002002,3.16016016016016,1.0
1742,client_0fa64a184f18a4a0,content_a8f73eed838e624c,0.6782138024357239,Medium priority,low CTR,997.0,0.004012036108324975,2.0802407221664994,4.0
1743,client_3f0ce4d44fe94f3d,content_abaad7a5258e37ae,0.6782138024357239,Medium priority,low CTR,995.0,0.0020100502512562816,6.488442211055276,
1744,client_0fa64a184f18a4a0,content_2afaf0949995b900,0.6782138024357239,Medium priority,low CTR; weak average position,994.0,0.002012072434607646,38.89336016096579,2.0
1745,client_3f0ce4d44fe94f3d,content_fdd9aeb02e366c6b,0.6782138024357239,Medium priority,low CTR,993.0,0.002014098690835851,2.7371601208459215,
1746,client_3f0ce4d44fe94f3d,content_0ed3fcfc193acf0f,0.6782138024357239,Medium priority,low CTR,987.0,0.002026342451874367,3.552178318135765,2.0
1747,client_3f0ce4d44fe94f3d,content_12b0a01d12c2332a,0.6782138024357239,Medium priority,low CTR,980.0,0.004081632653061225,6.495918367346939,2.0
1748,client_3f0ce4d44fe94f3d,content_0b00f61079b0adab,0.6782138024357239,Medium priority,low CTR,979.0,0.0020429009193054137,2.6496424923391215,
1749,client_0fa64a184f18a4a0,content_b4ddfd6370250e2f,0.6782138024357239,Medium priority,low CTR,979.0,0.0020429009193054137,2.4504596527068436,3.0
1750,client_3f0ce4d44fe94f3d,content_c30ae955ebb9d749,0.6782138024357239,Medium priority,low CTR; weak average position,978.0,0.002044989775051125,15.368098159509202,1.0
1751,client_3f0ce4d44fe94f3d,content_ad0a7e70feec89c9,0.6782138024357239,Medium priority,low CTR,976.0,0.0030737704918032786,7.190573770491803,
1752,client_2094c6eb080311d5,content_da54dd07cade2817,0.6782138024357239,Medium priority,low CTR; weak average position,974.0,0.002053388090349076,17.493839835728952,2.0
1753,client_2094c6eb080311d5,content_eacda91a67c5ba24,0.6782138024357239,Medium priority,low CTR,972.0,0.00205761316872428,5.077160493827161,9.0
1754,client_2094c6eb080311d5,content_ef3acbd170c8bef9,0.6782138024357239,Medium priority,low CTR; weak average position,971.0,0.003089598352214212,13.649845520082389,5.0
1755,client_3f0ce4d44fe94f3d,content_723e2cf079d7921e,0.6782138024357239,Medium priority,low CTR,967.0,0.0031023784901758012,5.900723888314374,1.0
1756,client_0fa64a184f18a4a0,content_20496cac2fd9f423,0.6782138024357239,Medium priority,low CTR,964.0,0.0031120331950207467,4.732365145228216,4.0
1757,client_3f0ce4d44fe94f3d,content_a910fac33667249d,0.6782138024357239,Medium priority,low CTR,963.0,0.003115264797507788,4.12668743509865,4.0
1758,client_3f0ce4d44fe94f3d,content_732266eb0de5f418,0.6782138024357239,Medium priority,low CTR,962.0,0.002079002079002079,2.9282744282744284,1.0
1759,client_9958f0a7ae1df715,content_ee1a1f271e2ee9d8,0.6782138024357239,Medium priority,low CTR; weak average position,953.0,0.002098635886673662,25.4302203567681,3.0
1760,client_9958f0a7ae1df715,content_78a216d38f9d5503,0.6782138024357239,Medium priority,low CTR; weak average position,953.0,0.004197271773347324,13.835257082896117,10.0
1761,client_9958f0a7ae1df715,content_146a3078126831ad,0.6782138024357239,Medium priority,low CTR; weak average position,951.0,0.002103049421661409,13.887486855941114,3.0
1762,client_3f0ce4d44fe94f3d,content_9f93b2dd18fbc58f,0.6782138024357239,Medium priority,low CTR,950.0,0.003157894736842105,3.6178947368421053,2.0
1763,client_3f0ce4d44fe94f3d,content_24214779b1e63d05,0.6782138024357239,Medium priority,low CTR,949.0,0.002107481559536354,5.409905163329821,1.0
1764,client_9958f0a7ae1df715,content_a1b08219f31f06e6,0.6782138024357239,Medium priority,low CTR; weak average position,945.0,0.0021164021164021165,19.86031746031746,9.0
1765,client_2094c6eb080311d5,content_b3f7dc38fc4598c8,0.6782138024357239,Medium priority,low CTR,944.0,0.00211864406779661,4.851694915254237,21.0
1766,client_2094c6eb080311d5,content_7485f50d0e47eafa,0.6782138024357239,Medium priority,low CTR,943.0,0.003181336161187699,7.427359490986214,3.0
1767,client_9958f0a7ae1df715,content_5cd00b9168286701,0.6782138024357239,Medium priority,low CTR,943.0,0.0042417815482502655,9.455991516436903,4.0
1768,client_0fa64a184f18a4a0,content_c08476e25e1dccc9,0.6782138024357239,Medium priority,low CTR,943.0,0.0042417815482502655,1.4687168610816543,8.0
1769,client_3f0ce4d44fe94f3d,content_75895de81ae88011,0.6782138024357239,Medium priority,low CTR; weak average position,941.0,0.003188097768331562,10.750265674814028,2.0
1770,client_2094c6eb080311d5,content_0b7d8d49a537aa1d,0.6782138024357239,Medium priority,low CTR,935.0,0.0021390374331550803,7.252406417112299,3.0
1771,client_2094c6eb080311d5,content_8b52e8733af72bed,0.6782138024357239,Medium priority,low CTR,932.0,0.002145922746781116,6.847639484978541,2.0
1772,client_f623b01661d4bfe4,content_7005f14842132f0c,0.6782138024357239,Medium priority,low CTR; weak average position,932.0,0.002145922746781116,48.5450643776824,2.0
1773,client_3f0ce4d44fe94f3d,content_53ddd848e3ec2b7e,0.6782138024357239,Medium priority,low CTR,930.0,0.0032258064516129032,6.78494623655914,5.0
1774,client_3f0ce4d44fe94f3d,content_484104106fcd99cf,0.6782138024357239,Medium priority,low CTR; weak average position,927.0,0.002157497303128371,32.12189859762675,1.0
1775,client_3f0ce4d44fe94f3d,content_6b1adae45b3a28ff,0.6782138024357239,Medium priority,low CTR,926.0,0.004319654427645789,3.7570194384449245,4.0
1776,client_3f0ce4d44fe94f3d,content_1fb4c0eba14105cc,0.6782138024357239,Medium priority,low CTR,926.0,0.0021598272138228943,4.9006479481641465,1.0
1777,client_9958f0a7ae1df715,content_41b7a92fa1621773,0.6782138024357239,Medium priority,low CTR,926.0,0.0021598272138228943,7.170626349892008,
1778,client_3f0ce4d44fe94f3d,content_ef4b813b5c053076,0.6782138024357239,Medium priority,low CTR; weak average position,921.0,0.002171552660152009,19.05646036916395,
1779,client_0fa64a184f18a4a0,content_a28629fc404cda55,0.6782138024357239,Medium priority,low CTR,920.0,0.002173913043478261,9.014130434782608,1.0
1780,client_3f0ce4d44fe94f3d,content_90595d250b1b1476,0.6782138024357239,Medium priority,low CTR,920.0,0.002173913043478261,5.869565217391305,2.0
1781,client_3f0ce4d44fe94f3d,content_786a426ead3fa142,0.6782138024357239,Medium priority,low CTR,919.0,0.002176278563656148,5.744287268770402,
1782,client_2094c6eb080311d5,content_a01c18c5a92ad564,0.6782138024357239,Medium priority,low CTR,919.0,0.004352557127312296,7.616974972796518,10.0
1783,client_2094c6eb080311d5,content_b797335714c6e329,0.6782138024357239,Medium priority,low CTR,918.0,0.0032679738562091504,7.360566448801743,5.0
1784,client_3f0ce4d44fe94f3d,content_a40db61d6711fcd5,0.6782138024357239,Medium priority,low CTR; weak average position,917.0,0.0021810250817884407,21.22246455834242,1.0
1785,client_3f0ce4d44fe94f3d,content_ba446ae7bc233f98,0.6782138024357239,Medium priority,low CTR,917.0,0.0021810250817884407,1.579062159214831,
1786,client_3f0ce4d44fe94f3d,content_c8101046d662a359,0.6782138024357239,Medium priority,low CTR,916.0,0.002183406113537118,2.688864628820961,6.0
1787,client_2094c6eb080311d5,content_d3665a99f3aab8a4,0.6782138024357239,Medium priority,low CTR,915.0,0.002185792349726776,7.747540983606557,2.0
1788,client_9958f0a7ae1df715,content_11234640c2deb195,0.6782138024357239,Medium priority,low CTR,914.0,0.002188183807439825,5.585339168490153,7.0
1789,client_9958f0a7ae1df715,content_0742ac0341421d73,0.6782138024357239,Medium priority,low CTR; weak average position,914.0,0.002188183807439825,10.195842450765864,5.0
1790,client_3f0ce4d44fe94f3d,content_489f2e67fb0ea849,0.6782138024357239,Medium priority,low CTR,914.0,0.00437636761487965,6.62253829321663,4.0
1791,client_cd12bcfd98942aa1,content_a238292131f2b71d,0.6782138024357239,Medium priority,low CTR; weak average position,912.0,0.0043859649122807015,12.208333333333334,11.0
1792,client_2094c6eb080311d5,content_d75f031a7d8e5b7a,0.6782138024357239,Medium priority,low CTR,912.0,0.003289473684210526,8.31359649122807,10.0
1793,client_2094c6eb080311d5,content_2cea3b67d9811471,0.6782138024357239,Medium priority,low CTR; weak average position,911.0,0.003293084522502744,13.276619099890231,2.0
1794,client_2094c6eb080311d5,content_0bb15fa0f261446e,0.6782138024357239,Medium priority,low CTR,911.0,0.0021953896816684962,9.737650933040614,3.0
1795,client_3f0ce4d44fe94f3d,content_f7465f97343db1a5,0.6782138024357239,Medium priority,low CTR,911.0,0.003293084522502744,3.327113062568606,3.0
1796,client_3f0ce4d44fe94f3d,content_dbfe5eb7555b12a8,0.6782138024357239,Medium priority,low CTR; weak average position,911.0,0.0021953896816684962,10.16794731064764,1.0
1797,client_9958f0a7ae1df715,content_15bd72d24e0a0b08,0.6782138024357239,Medium priority,low CTR; weak average position,910.0,0.004395604395604396,13.66043956043956,15.0
1798,client_2094c6eb080311d5,content_e78b7a9a34851991,0.6782138024357239,Medium priority,low CTR; weak average position,909.0,0.0022002200220022,21.09020902090209,5.0
1799,client_2094c6eb080311d5,content_650310575473f8da,0.6782138024357239,Medium priority,low CTR,909.0,0.0033003300330033004,6.667766776677667,7.0
1800,client_cd12bcfd98942aa1,content_71cf6907992229d9,0.6782138024357239,Medium priority,low CTR; weak average position,908.0,0.003303964757709251,28.515418502202643,5.0
1801,client_cd12bcfd98942aa1,content_a2214bcdb5644b8d,0.6782138024357239,Medium priority,low CTR,905.0,0.0022099447513812156,6.785635359116022,3.0
1802,client_0fa64a184f18a4a0,content_e9fba2c035eab27a,0.6782138024357239,Medium priority,low CTR,904.0,0.00331858407079646,2.8207964601769913,2.0
1803,client_3f0ce4d44fe94f3d,content_fe5eac7f6636a1f9,0.6782138024357239,Medium priority,low CTR; weak average position,903.0,0.0022148394241417496,11.668881506090809,1.0
1804,client_2094c6eb080311d5,content_dab1c10f4209c96d,0.6782138024357239,Medium priority,low CTR,901.0,0.0022197558268590455,6.0421753607103215,3.0
1805,client_3f0ce4d44fe94f3d,content_819c2938e0ac4eae,0.6782138024357239,Medium priority,low CTR; weak average position,898.0,0.0022271714922048997,10.533407572383073,2.0
1806,client_3f0ce4d44fe94f3d,content_7abd4089d1972865,0.6782138024357239,Medium priority,low CTR,897.0,0.0033444816053511705,3.7569676700111483,1.0
1807,client_3f0ce4d44fe94f3d,content_cdf6d40d9c8fedee,0.6782138024357239,Medium priority,low CTR,893.0,0.0022396416573348264,3.8275475923852182,1.0
1808,client_3f0ce4d44fe94f3d,content_e1549b9e1d45d993,0.6782138024357239,Medium priority,low CTR,893.0,0.0033594624860022394,7.25531914893617,1.0
1809,client_3f0ce4d44fe94f3d,content_d3cc1db99b316c6b,0.6782138024357239,Medium priority,low CTR,893.0,0.0022396416573348264,2.6159014557670774,
1810,client_3f0ce4d44fe94f3d,content_30b01ce1881eeb3f,0.6782138024357239,Medium priority,low CTR,893.0,0.0022396416573348264,5.191489361702128,
1811,client_2094c6eb080311d5,content_f7c3e83d8de00de9,0.6782138024357239,Medium priority,low CTR,889.0,0.003374578177727784,6.291338582677166,4.0
1812,client_9958f0a7ae1df715,content_1021a22410889b2a,0.6782138024357239,Medium priority,low CTR; weak average position,889.0,0.003374578177727784,24.742407199100114,11.0
1813,client_2094c6eb080311d5,content_3ac9dc79b14b3970,0.6782138024357239,Medium priority,low CTR,888.0,0.0022522522522522522,7.066441441441442,3.0
1814,client_2094c6eb080311d5,content_d55146fa57deb7dd,0.6782138024357239,Medium priority,low CTR,883.0,0.0033975084937712344,5.61268403171008,14.0
1815,client_2094c6eb080311d5,content_9f1756441bfc88c8,0.6782138024357239,Medium priority,low CTR,881.0,0.0022701475595913734,9.384790011350738,2.0
1816,client_f623b01661d4bfe4,content_9abace70356e4fe5,0.6782138024357239,Medium priority,low CTR; weak average position,879.0,0.0034129692832764505,67.07281001137656,2.0
1817,client_3f0ce4d44fe94f3d,content_dee46c4a54973562,0.6782138024357239,Medium priority,low CTR; weak average position,871.0,0.001148105625717566,16.17106773823192,2.0
1818,client_2094c6eb080311d5,content_3d492cbc634631b5,0.6782138024357239,Medium priority,low CTR,870.0,0.0034482758620689655,7.080459770114943,7.0
1819,client_0fa64a184f18a4a0,content_682db54a34379930,0.6782138024357239,Medium priority,low CTR,870.0,0.0034482758620689655,3.7103448275862068,1.0
1820,client_3f0ce4d44fe94f3d,content_df0506ca24a3c854,0.6782138024357239,Medium priority,low CTR; weak average position,869.0,0.0023014959723820483,13.522439585730725,2.0
1821,client_9958f0a7ae1df715,content_dd652e279fa5ea8b,0.6782138024357239,Medium priority,low CTR,869.0,0.0034522439585730723,6.731875719217491,4.0
1822,client_3f0ce4d44fe94f3d,content_3140a54690babcf6,0.6782138024357239,Medium priority,low CTR; weak average position,868.0,0.001152073732718894,16.081797235023043,
1823,client_3f0ce4d44fe94f3d,content_5c35a375bd3886a7,0.6782138024357239,Medium priority,low CTR,868.0,0.002304147465437788,2.0080645161290325,
1824,client_9958f0a7ae1df715,content_757d8500451fb901,0.6782138024357239,Medium priority,low CTR; weak average position,868.0,0.002304147465437788,16.252304147465438,2.0
1825,client_0fa64a184f18a4a0,content_0c4314a6f873408d,0.6782138024357239,Medium priority,low CTR,867.0,0.002306805074971165,2.91118800461361,1.0
1826,client_9958f0a7ae1df715,content_045025c59d41a244,0.6782138024357239,Medium priority,low CTR,865.0,0.003468208092485549,9.030057803468209,13.0
1827,client_3f0ce4d44fe94f3d,content_9ffeb5d8217e8992,0.6782138024357239,Medium priority,low CTR,864.0,0.003472222222222222,1.7291666666666667,2.0
1828,client_f623b01661d4bfe4,content_01c28ed620bbfc08,0.6782138024357239,Medium priority,low CTR; weak average position,861.0,0.0023228803716608595,51.69686411149826,3.0
1829,client_0fa64a184f18a4a0,content_9681732ac28250ed,0.6782138024357239,Medium priority,low CTR,861.0,0.0011614401858304297,3.1858304297328686,1.0
1830,client_9958f0a7ae1df715,content_9d5f52af4a086abf,0.6782138024357239,Medium priority,low CTR,860.0,0.002325581395348837,8.159302325581395,3.0
1831,client_3f0ce4d44fe94f3d,content_594512fd6bc11bd3,0.6782138024357239,Medium priority,low CTR,859.0,0.0034924330616996507,6.944121071012805,4.0
1832,client_3f0ce4d44fe94f3d,content_16691cadaf235d02,0.6782138024357239,Medium priority,low CTR,858.0,0.0034965034965034965,0.7132867132867133,1.0
1833,client_3f0ce4d44fe94f3d,content_154c48362cc87e46,0.6782138024357239,Medium priority,low CTR; weak average position,857.0,0.0011668611435239206,13.498249708284714,1.0
1834,client_3f0ce4d44fe94f3d,content_c481256f7210a1e9,0.6782138024357239,Medium priority,low CTR; weak average position,857.0,0.002333722287047841,31.700116686114352,1.0
1835,client_9958f0a7ae1df715,content_cc0d01bc1c45f887,0.6782138024357239,Medium priority,low CTR; weak average position,854.0,0.00234192037470726,11.951990632318502,8.0
1836,client_3f0ce4d44fe94f3d,content_2c85d7fe3a420652,0.6782138024357239,Medium priority,low CTR,852.0,0.002347417840375587,3.359154929577465,2.0
1837,client_3f0ce4d44fe94f3d,content_8c26b5411f2628d5,0.6782138024357239,Medium priority,low CTR,852.0,0.002347417840375587,5.177230046948357,
1838,client_9958f0a7ae1df715,content_c946337768c9dcf5,0.6782138024357239,Medium priority,low CTR,851.0,0.0011750881316098707,8.396004700352526,2.0
1839,client_cd12bcfd98942aa1,content_bfff7ba4ff38c614,0.6782138024357239,Medium priority,low CTR; weak average position,851.0,0.0023501762632197414,35.53936545240893,4.0
1840,client_3f0ce4d44fe94f3d,content_e7f4267714076e25,0.6782138024357239,Medium priority,low CTR,850.0,0.001176470588235294,6.581176470588235,2.0
1841,client_0fa64a184f18a4a0,content_22001d9754061a54,0.6782138024357239,Medium priority,low CTR,848.0,0.0011792452830188679,0.7983490566037735,1.0
1842,client_2094c6eb080311d5,content_4ef983de56e71109,0.6782138024357239,Medium priority,low CTR; weak average position,847.0,0.0023612750885478157,12.355371900826446,2.0
1843,client_2094c6eb080311d5,content_ca529e8911b35a33,0.6782138024357239,Medium priority,low CTR,844.0,0.002369668246445498,1.8874407582938388,4.0
1844,client_9958f0a7ae1df715,content_5a39d7aba2c2a36e,0.6782138024357239,Medium priority,low CTR,844.0,0.0035545023696682463,8.431279620853081,7.0
1845,client_9958f0a7ae1df715,content_8b84ff993e9ba099,0.6782138024357239,Medium priority,low CTR; weak average position,843.0,0.002372479240806643,30.73665480427046,5.0
1846,client_2094c6eb080311d5,content_6c10eb5a5d77b391,0.6782138024357239,Medium priority,low CTR; weak average position,843.0,0.0011862396204033216,17.462633451957295,2.0
1847,client_3f0ce4d44fe94f3d,content_f141dc47bc1cc4d5,0.6782138024357239,Medium priority,low CTR,842.0,0.0011876484560570072,8.438242280285035,3.0
1848,client_3f0ce4d44fe94f3d,content_1c2da2ac96ebea8a,0.6782138024357239,Medium priority,low CTR; weak average position,841.0,0.0023781212841854932,14.741973840665874,1.0
1849,client_3f0ce4d44fe94f3d,content_332f33bcc23e3407,0.6782138024357239,Medium priority,low CTR; weak average position,840.0,0.0011904761904761906,17.983333333333334,
1850,client_3f0ce4d44fe94f3d,content_2773a333e02ce36e,0.6782138024357239,Medium priority,low CTR; weak average position,837.0,0.0023894862604540022,24.675029868578257,1.0
1851,client_2094c6eb080311d5,content_cfac1102d4a6cf9d,0.6782138024357239,Medium priority,low CTR,834.0,0.001199040767386091,7.5359712230215825,1.0
1852,client_9958f0a7ae1df715,content_dc40416a3cf75e56,0.6782138024357239,Medium priority,low CTR,834.0,0.0035971223021582736,5.968824940047962,8.0
1853,client_3f0ce4d44fe94f3d,content_521f76fa552f509a,0.6782138024357239,Medium priority,low CTR,833.0,0.0024009603841536613,8.789915966386555,2.0
1854,client_3f0ce4d44fe94f3d,content_b45a6ae9279ba062,0.6782138024357239,Medium priority,low CTR,833.0,0.0024009603841536613,7.883553421368547,2.0
1855,client_2094c6eb080311d5,content_d28aa07cbce644b5,0.6782138024357239,Medium priority,low CTR,832.0,0.002403846153846154,5.8233173076923075,3.0
1856,client_3f0ce4d44fe94f3d,content_964f2f7e3106820e,0.6782138024357239,Medium priority,low CTR,832.0,0.003605769230769231,4.344951923076923,3.0
1857,client_9958f0a7ae1df715,content_e2e6ac749ede83d6,0.6782138024357239,Medium priority,low CTR,832.0,0.001201923076923077,8.48798076923077,8.0
1858,client_9958f0a7ae1df715,content_36c465073a58c847,0.6782138024357239,Medium priority,low CTR; weak average position,830.0,0.0012048192771084338,19.162650602409638,13.0
1859,client_f623b01661d4bfe4,content_38c432622787fc5b,0.6782138024357239,Medium priority,low CTR; weak average position,829.0,0.0036188178528347406,57.90952955367913,5.0
1860,client_3f0ce4d44fe94f3d,content_bca8c06a6339753f,0.6782138024357239,Medium priority,low CTR,828.0,0.0024154589371980675,6.38768115942029,2.0
1861,client_3f0ce4d44fe94f3d,content_e87b0c41a20b15de,0.6782138024357239,Medium priority,low CTR,827.0,0.0012091898428053204,2.902055622732769,2.0
1862,client_2094c6eb080311d5,content_6993c94d28042c64,0.6782138024357239,Medium priority,low CTR,825.0,0.0024242424242424242,5.9818181818181815,3.0
1863,client_2094c6eb080311d5,content_bcd95ac7ea7a358b,0.6782138024357239,Medium priority,low CTR,824.0,0.0012135922330097086,5.047330097087379,4.0
1864,client_9958f0a7ae1df715,content_92fd77e367253da2,0.6782138024357239,Medium priority,low CTR,823.0,0.002430133657351154,6.247873633049818,3.0
1865,client_2094c6eb080311d5,content_19d3e8e0f023a8ad,0.6782138024357239,Medium priority,low CTR,820.0,0.0012195121951219512,5.1048780487804875,3.0
1866,client_3f0ce4d44fe94f3d,content_6b709d3e62adecbe,0.6782138024357239,Medium priority,low CTR; weak average position,820.0,0.0012195121951219512,15.778048780487804,
1867,client_3f0ce4d44fe94f3d,content_f003242a44ab5866,0.6782138024357239,Medium priority,low CTR; weak average position,820.0,0.0012195121951219512,41.928048780487806,
1868,client_2094c6eb080311d5,content_aafb074cbe730211,0.6782138024357239,Medium priority,low CTR; weak average position,819.0,0.003663003663003663,16.349206349206348,7.0
1869,client_3f0ce4d44fe94f3d,content_a2c508e3c1573ba6,0.6782138024357239,Medium priority,low CTR,819.0,0.001221001221001221,3.0354090354090353,
1870,client_9958f0a7ae1df715,content_5f88ecdca7930e13,0.6782138024357239,Medium priority,low CTR; weak average position,819.0,0.001221001221001221,16.25030525030525,3.0
1871,client_2094c6eb080311d5,content_f4ef8d97a0e1e293,0.6782138024357239,Medium priority,low CTR,819.0,0.002442002442002442,5.418803418803419,5.0
1872,client_9958f0a7ae1df715,content_78c87e50c8a36589,0.6782138024357239,Medium priority,low CTR,818.0,0.0012224938875305623,8.836185819070904,8.0
1873,client_9958f0a7ae1df715,content_69ac5609c261abc4,0.6782138024357239,Medium priority,low CTR; weak average position,818.0,0.0012224938875305623,19.804400977995112,
1874,client_3f0ce4d44fe94f3d,content_3e8794ea15aef38f,0.6782138024357239,Medium priority,low CTR,817.0,0.0012239902080783353,6.6940024479804165,1.0
1875,client_3f0ce4d44fe94f3d,content_435d62a42c8e8d1c,0.6782138024357239,Medium priority,low CTR,814.0,0.002457002457002457,6.246928746928747,1.0
1876,client_2094c6eb080311d5,content_db9be92a174effa4,0.6782138024357239,Medium priority,low CTR,813.0,0.0012300123001230013,5.8068880688806885,4.0
1877,client_2094c6eb080311d5,content_e1789dd58fadd4cd,0.6782138024357239,Medium priority,low CTR,812.0,0.003694581280788177,8.0935960591133,4.0
1878,client_2094c6eb080311d5,content_fdf7e1290d43a80d,0.6782138024357239,Medium priority,low CTR,811.0,0.0012330456226880395,6.372379778051788,1.0
1879,client_9958f0a7ae1df715,content_21575ceb676f3c2b,0.6782138024357239,Medium priority,low CTR; weak average position,810.0,0.0012345679012345679,14.891358024691359,4.0
1880,client_9958f0a7ae1df715,content_0a12e5c983358f36,0.6782138024357239,Medium priority,low CTR,810.0,0.0012345679012345679,6.502469135802469,3.0
1881,client_3f0ce4d44fe94f3d,content_a7fe9a00939e49de,0.6782138024357239,Medium priority,low CTR,809.0,0.002472187886279357,3.158220024721879,1.0
1882,client_3f0ce4d44fe94f3d,content_5bf34245bb11a70c,0.6782138024357239,Medium priority,low CTR; weak average position,809.0,0.0012360939431396785,10.42521631644005,
1883,client_2094c6eb080311d5,content_4e426beea79bc70c,0.6782138024357239,Medium priority,low CTR; weak average position,809.0,0.002472187886279357,10.53522867737948,14.0
1884,client_9958f0a7ae1df715,content_4eeb22babfa13cd7,0.6782138024357239,Medium priority,low CTR,808.0,0.0012376237623762376,9.028465346534654,6.0
1885,client_3f0ce4d44fe94f3d,content_7b2fdd775dd2eac0,0.6782138024357239,Medium priority,low CTR,808.0,0.0024752475247524753,5.948019801980198,2.0
1886,client_3f0ce4d44fe94f3d,content_c0942a40a33b3ac0,0.6782138024357239,Medium priority,low CTR; weak average position,807.0,0.0012391573729863693,12.256505576208179,1.0
1887,client_f623b01661d4bfe4,content_53bec31cb33857d2,0.6782138024357239,Medium priority,low CTR; weak average position,806.0,0.0037220843672456576,51.54590570719603,3.0
1888,client_3f0ce4d44fe94f3d,content_b6ed09abc7500397,0.6782138024357239,Medium priority,low CTR,806.0,0.0012406947890818859,7.555831265508685,1.0
1889,client_3f0ce4d44fe94f3d,content_04519ccc2cf78e25,0.6782138024357239,Medium priority,low CTR; weak average position,805.0,0.0012422360248447205,33.30807453416149,1.0
1890,client_3f0ce4d44fe94f3d,content_8e27138d06065f5b,0.6782138024357239,Medium priority,low CTR,803.0,0.0024906600249066002,5.443337484433375,1.0
1891,client_3f0ce4d44fe94f3d,content_e6b4725527e78c62,0.6782138024357239,Medium priority,low CTR,802.0,0.0024937655860349127,4.953865336658354,4.0
1892,client_3f0ce4d44fe94f3d,content_81df1644de1ec3cc,0.6782138024357239,Medium priority,low CTR,799.0,0.0025031289111389237,4.787234042553192,1.0
1893,client_3f0ce4d44fe94f3d,content_ecfa509a86c59495,0.6782138024357239,Medium priority,low CTR,799.0,0.0037546933667083854,5.14017521902378,1.0
1894,client_3f0ce4d44fe94f3d,content_6c17b05d2b85128d,0.6782138024357239,Medium priority,low CTR,799.0,0.0012515644555694619,7.732165206508135,
1895,client_3f0ce4d44fe94f3d,content_4166c190899ceb04,0.6782138024357239,Medium priority,low CTR,798.0,0.0037593984962406013,4.829573934837093,1.0
1896,client_2094c6eb080311d5,content_6b74421c7942f1bc,0.6782138024357239,Medium priority,low CTR,797.0,0.002509410288582183,7.264742785445421,11.0
1897,client_9958f0a7ae1df715,content_24d04ab3e5c628e0,0.6782138024357239,Medium priority,low CTR,797.0,0.0012547051442910915,7.590966122961104,5.0
1898,client_0fa64a184f18a4a0,content_d52de1fa13ecf58d,0.6782138024357239,Medium priority,low CTR; weak average position,792.0,0.0012626262626262627,16.73989898989899,1.0
1899,client_3f0ce4d44fe94f3d,content_becf47037d34ae21,0.6782138024357239,Medium priority,low CTR; weak average position,792.0,0.003787878787878788,21.38888888888889,
1900,client_3f0ce4d44fe94f3d,content_3cd6f0e5e47989cf,0.6782138024357239,Medium priority,low CTR,791.0,0.0037926675094816687,0.95448798988622,4.0
1901,client_3f0ce4d44fe94f3d,content_9a3fb670c45de8e2,0.6782138024357239,Medium priority,low CTR; weak average position,790.0,0.0037974683544303796,12.278481012658228,1.0
1902,client_3f0ce4d44fe94f3d,content_bbb4bbebb307b348,0.6782138024357239,Medium priority,low CTR; weak average position,789.0,0.0012674271229404308,24.425855513307983,2.0
1903,client_3f0ce4d44fe94f3d,content_d37a75630f7e09f7,0.6782138024357239,Medium priority,low CTR,789.0,0.0012674271229404308,9.432192648922687,2.0
1904,client_9958f0a7ae1df715,content_492a13ae33d48800,0.6782138024357239,Medium priority,low CTR,788.0,0.0012690355329949238,6.91751269035533,2.0
1905,client_3f0ce4d44fe94f3d,content_12cf780af24cf6cf,0.6782138024357239,Medium priority,low CTR; weak average position,787.0,0.0012706480304955528,37.026683608640404,
1906,client_0fa64a184f18a4a0,content_367611bf1c6ff718,0.6782138024357239,Medium priority,low CTR,786.0,0.002544529262086514,2.38676844783715,3.0
1907,client_f623b01661d4bfe4,content_f6b05c2d4a4f89f8,0.6782138024357239,Medium priority,low CTR; weak average position,785.0,0.0012738853503184713,66.1031847133758,1.0
1908,client_3f0ce4d44fe94f3d,content_f7f3b240aeae412d,0.6782138024357239,Medium priority,low CTR,785.0,0.003821656050955414,4.946496815286624,4.0
1909,client_9958f0a7ae1df715,content_fa31c71bd6723fcc,0.6782138024357239,Medium priority,low CTR,785.0,0.0025477707006369425,8.6,2.0
1910,client_3f0ce4d44fe94f3d,content_a38694cb17d44190,0.6782138024357239,Medium priority,low CTR,782.0,0.0038363171355498722,5.70076726342711,4.0
1911,client_0fa64a184f18a4a0,content_f05c425fac6bc630,0.6782138024357239,Medium priority,low CTR,781.0,0.002560819462227913,3.5108834827144686,2.0
1912,client_3f0ce4d44fe94f3d,content_0e4edd1107d2867b,0.6782138024357239,Medium priority,low CTR,781.0,0.002560819462227913,5.409731113956466,
1913,client_0fa64a184f18a4a0,content_4f7e7542474781d1,0.6782138024357239,Medium priority,low CTR,780.0,0.0038461538461538464,9.675641025641026,3.0
1914,client_3f0ce4d44fe94f3d,content_2ddd66195562dc02,0.6782138024357239,Medium priority,low CTR,780.0,0.001282051282051282,6.593589743589743,
1915,client_3f0ce4d44fe94f3d,content_51bb5c98acb71cc2,0.6782138024357239,Medium priority,low CTR; weak average position,780.0,0.002564102564102564,15.501282051282052,3.0
1916,client_3f0ce4d44fe94f3d,content_847001df207f313f,0.6782138024357239,Medium priority,low CTR,778.0,0.0038560411311053984,6.482005141388175,2.0
1917,client_3f0ce4d44fe94f3d,content_b04aa62982a38d55,0.6782138024357239,Medium priority,low CTR,778.0,0.0038560411311053984,5.426735218508997,3.0
1918,client_3f0ce4d44fe94f3d,content_b448182b8cd49145,0.6782138024357239,Medium priority,low CTR,778.0,0.0012853470437017994,8.417737789203084,3.0
1919,client_cd12bcfd98942aa1,content_dd5365f591846617,0.6782138024357239,Medium priority,low CTR; weak average position,776.0,0.001288659793814433,20.980670103092784,2.0
1920,client_2094c6eb080311d5,content_a5d03543a4b08a32,0.6782138024357239,Medium priority,low CTR; weak average position,776.0,0.001288659793814433,23.864690721649485,2.0
1921,client_3f0ce4d44fe94f3d,content_95f55d8980f87e7e,0.6782138024357239,Medium priority,low CTR,776.0,0.001288659793814433,3.181701030927835,1.0
1922,client_2094c6eb080311d5,content_7ec6b369551255d7,0.6782138024357239,Medium priority,low CTR,773.0,0.00258732212160414,7.468305304010349,3.0
1923,client_3f0ce4d44fe94f3d,content_c86050b03d380741,0.6782138024357239,Medium priority,low CTR; weak average position,773.0,0.00129366106080207,24.58732212160414,
1924,client_3f0ce4d44fe94f3d,content_e62b67e209536063,0.6782138024357239,Medium priority,low CTR; weak average position,772.0,0.0038860103626943004,15.080310880829016,1.0
1925,client_3f0ce4d44fe94f3d,content_58bcd0c003169c27,0.6782138024357239,Medium priority,low CTR,771.0,0.0038910505836575876,2.9105058365758754,2.0
1926,client_9958f0a7ae1df715,content_c6702cb22a2c4c56,0.6782138024357239,Medium priority,low CTR,771.0,0.0012970168612191958,8.924773022049287,1.0
1927,client_3f0ce4d44fe94f3d,content_ba9fc97a8cf2f09a,0.6782138024357239,Medium priority,low CTR,769.0,0.0039011703511053317,5.576072821846554,5.0
1928,client_9958f0a7ae1df715,content_e6befb699b9fce12,0.6782138024357239,Medium priority,low CTR; weak average position,769.0,0.0013003901170351106,11.754226267880364,1.0
1929,client_3f0ce4d44fe94f3d,content_8f489461968581b5,0.6782138024357239,Medium priority,low CTR,767.0,0.001303780964797914,9.297262059973924,1.0
1930,client_cd12bcfd98942aa1,content_21e7efdafd5e2286,0.6782138024357239,Medium priority,low CTR; weak average position,766.0,0.0026109660574412533,20.357702349869452,2.0
1931,client_3f0ce4d44fe94f3d,content_a2f7d29ee67cd74f,0.6782138024357239,Medium priority,low CTR,765.0,0.00392156862745098,9.06797385620915,
1932,client_9958f0a7ae1df715,content_c54c74753e9284e0,0.6782138024357239,Medium priority,low CTR,762.0,0.003937007874015748,9.116797900262467,6.0
1933,client_2094c6eb080311d5,content_c7f67c5e6d2e6b8e,0.6782138024357239,Medium priority,low CTR; weak average position,762.0,0.003937007874015748,13.409448818897637,8.0
1934,client_2094c6eb080311d5,content_9d21595ee121a09c,0.6782138024357239,Medium priority,low CTR,761.0,0.003942181340341655,5.455978975032852,3.0
1935,client_2094c6eb080311d5,content_0653d528d08f90f6,0.6782138024357239,Medium priority,low CTR; weak average position,759.0,0.003952569169960474,18.353096179183137,4.0
1936,client_3f0ce4d44fe94f3d,content_5dba3e86838c9270,0.6782138024357239,Medium priority,low CTR; weak average position,758.0,0.00395778364116095,13.275725593667547,1.0
1937,client_2094c6eb080311d5,content_27a25fee9b54bb72,0.6782138024357239,Medium priority,low CTR; weak average position,756.0,0.0026455026455026454,22.23941798941799,5.0
1938,client_2094c6eb080311d5,content_89bdfb8521fa6955,0.6782138024357239,Medium priority,low CTR,755.0,0.0013245033112582781,7.622516556291391,4.0
1939,client_3f0ce4d44fe94f3d,content_658d89b647251cde,0.6782138024357239,Medium priority,low CTR,753.0,0.0026560424966799467,7.6879150066401065,1.0
1940,client_3f0ce4d44fe94f3d,content_ac8dbc47dd4d5a9c,0.6782138024357239,Medium priority,low CTR,752.0,0.003989361702127659,4.526595744680851,2.0
1941,client_3f0ce4d44fe94f3d,content_39f86d2479d777c0,0.6782138024357239,Medium priority,low CTR; weak average position,752.0,0.003989361702127659,17.215425531914892,1.0
1942,client_2094c6eb080311d5,content_96477c8ce9ee1e76,0.6782138024357239,Medium priority,low CTR,752.0,0.0026595744680851063,9.361702127659575,4.0
1943,client_2094c6eb080311d5,content_2eaacf79b60dc644,0.6782138024357239,Medium priority,low CTR; weak average position,750.0,0.004,11.545333333333334,7.0
1944,client_3f0ce4d44fe94f3d,content_efbaf02b4acd907d,0.6782138024357239,Medium priority,low CTR; weak average position,750.0,0.004,20.609333333333332,2.0
1945,client_3f0ce4d44fe94f3d,content_1aa191a48f7101f0,0.6782138024357239,Medium priority,low CTR,749.0,0.0013351134846461949,4.7236315086782374,2.0
1946,client_3f0ce4d44fe94f3d,content_8736f9a7fb00565d,0.6782138024357239,Medium priority,low CTR,747.0,0.002677376171352075,3.389558232931727,1.0
1947,client_3f0ce4d44fe94f3d,content_c603b48aa5322cfe,0.6782138024357239,Medium priority,low CTR; weak average position,745.0,0.0013422818791946308,21.72080536912752,2.0
1948,client_9958f0a7ae1df715,content_d4120db11a16a5f1,0.6782138024357239,Medium priority,low CTR; weak average position,745.0,0.0013422818791946308,13.271140939597315,2.0
1949,client_2094c6eb080311d5,content_b78cd16af3950565,0.6782138024357239,Medium priority,low CTR; weak average position,745.0,0.0026845637583892616,27.98255033557047,8.0
1950,client_3f0ce4d44fe94f3d,content_781e4db36332184b,0.6782138024357239,Medium priority,low CTR,744.0,0.002688172043010753,7.294354838709677,2.0
1951,client_3f0ce4d44fe94f3d,content_e50136e6b99563f1,0.6782138024357239,Medium priority,low CTR,744.0,0.004032258064516129,3.407258064516129,5.0
1952,client_3f0ce4d44fe94f3d,content_63689171016c4987,0.6782138024357239,Medium priority,low CTR,743.0,0.0026917900403768506,6.174966352624495,
1953,client_3f0ce4d44fe94f3d,content_db660b9f274e8735,0.6782138024357239,Medium priority,low CTR; weak average position,741.0,0.001349527665317139,11.318488529014845,
1954,client_0fa64a184f18a4a0,content_2a3e1d67e558541d,0.6782138024357239,Medium priority,low CTR,739.0,0.0040595399188092015,2.162381596752368,3.0
1955,client_3f0ce4d44fe94f3d,content_390de3704bde8f38,0.6782138024357239,Medium priority,low CTR; weak average position,738.0,0.0013550135501355014,13.853658536585366,
1956,client_3f0ce4d44fe94f3d,content_5229ada797a9d878,0.6782138024357239,Medium priority,low CTR,738.0,0.0013550135501355014,6.508130081300813,1.0
1957,client_9958f0a7ae1df715,content_56e7528db9ec1ab0,0.6782138024357239,Medium priority,low CTR; weak average position,738.0,0.0013550135501355014,29.039295392953928,8.0
1958,client_2094c6eb080311d5,content_b043ca866eb28b06,0.6782138024357239,Medium priority,low CTR,737.0,0.0013568521031207597,5.82225237449118,9.0
1959,client_2094c6eb080311d5,content_b21a80828ab0376b,0.6782138024357239,Medium priority,low CTR; weak average position,737.0,0.0027137042062415195,18.187245590230663,5.0
1960,client_2094c6eb080311d5,content_c38d87531dbbc4d1,0.6782138024357239,Medium priority,low CTR,736.0,0.004076086956521739,7.0978260869565215,11.0
1961,client_3f0ce4d44fe94f3d,content_dfa55ff1b1c7ab00,0.6782138024357239,Medium priority,low CTR,736.0,0.002717391304347826,2.6684782608695654,1.0
1962,client_9958f0a7ae1df715,content_b9044c4c558301c6,0.6782138024357239,Medium priority,low CTR; weak average position,736.0,0.001358695652173913,53.10326086956522,2.0
1963,client_2094c6eb080311d5,content_6efa00e5d56ab4ca,0.6782138024357239,Medium priority,low CTR,733.0,0.001364256480218281,5.414733969986357,3.0
1964,client_3f0ce4d44fe94f3d,content_124dee4aa1293569,0.6782138024357239,Medium priority,low CTR; weak average position,733.0,0.001364256480218281,11.266030013642565,
1965,client_0fa64a184f18a4a0,content_9db4c0ec23a49c4d,0.6782138024357239,Medium priority,low CTR,733.0,0.002728512960436562,4.125511596180082,3.0
1966,client_3f0ce4d44fe94f3d,content_924fccf06337940d,0.6782138024357239,Medium priority,low CTR; weak average position,729.0,0.00411522633744856,12.344307270233196,4.0
1967,client_9958f0a7ae1df715,content_cfcc23808002fb32,0.6782138024357239,Medium priority,low CTR; weak average position,729.0,0.0013717421124828531,11.242798353909466,3.0
1968,client_2094c6eb080311d5,content_8b6469eeb8a3b7a5,0.6782138024357239,Medium priority,low CTR,729.0,0.00411522633744856,6.1920438957476,7.0
1969,client_2094c6eb080311d5,content_515936a2434106d1,0.6782138024357239,Medium priority,low CTR; weak average position,729.0,0.0027434842249657062,29.039780521262003,3.0
1970,client_3f0ce4d44fe94f3d,content_d797d47ac99b184a,0.6782138024357239,Medium priority,low CTR,727.0,0.001375515818431912,6.160935350756533,1.0
1971,client_9958f0a7ae1df715,content_fb61c888f78b143f,0.6782138024357239,Medium priority,low CTR; weak average position,726.0,0.0013774104683195593,51.53030303030303,14.0
1972,client_0fa64a184f18a4a0,content_e25c4e2d7165868a,0.6782138024357239,Medium priority,low CTR,725.0,0.002758620689655172,3.16,2.0
1973,client_3f0ce4d44fe94f3d,content_e304c4f3799aeee8,0.6782138024357239,Medium priority,low CTR; weak average position,722.0,0.0013850415512465374,11.954293628808864,1.0
1974,client_9958f0a7ae1df715,content_0fc7c1dc243a23a1,0.6782138024357239,Medium priority,low CTR; weak average position,722.0,0.002770083102493075,31.854570637119114,2.0
1975,client_9958f0a7ae1df715,content_b813c73d7000b3b1,0.6782138024357239,Medium priority,low CTR,720.0,0.004166666666666667,9.133333333333333,7.0
1976,client_3f0ce4d44fe94f3d,content_4c289791504770df,0.6782138024357239,Medium priority,low CTR; weak average position,718.0,0.001392757660167131,12.083565459610028,1.0
1977,client_3f0ce4d44fe94f3d,content_cb62468b948da81e,0.6782138024357239,Medium priority,low CTR; weak average position,716.0,0.002793296089385475,20.60754189944134,2.0
1978,client_0fa64a184f18a4a0,content_a98c49af3882b12c,0.6782138024357239,Medium priority,low CTR,715.0,0.004195804195804196,5.6797202797202795,5.0
1979,client_9958f0a7ae1df715,content_6fe13b6f0ecc6607,0.6782138024357239,Medium priority,low CTR; weak average position,714.0,0.004201680672268907,12.571428571428571,3.0
1980,client_3f0ce4d44fe94f3d,content_149d6d3e73dd95f9,0.6782138024357239,Medium priority,low CTR,714.0,0.0014005602240896359,7.850140056022409,1.0
1981,client_cd12bcfd98942aa1,content_ffb125afa16bb473,0.6782138024357239,Medium priority,low CTR,713.0,0.001402524544179523,9.314165497896214,1.0
1982,client_3f0ce4d44fe94f3d,content_7a0a5dcfa835e863,0.6782138024357239,Medium priority,low CTR,712.0,0.004213483146067416,5.731741573033708,1.0
1983,client_2094c6eb080311d5,content_5727565e31dd6759,0.6782138024357239,Medium priority,low CTR,711.0,0.0028129395218002813,7.766526019690577,6.0
1984,client_3f0ce4d44fe94f3d,content_b9379ed6098d470d,0.6782138024357239,Medium priority,low CTR; weak average position,710.0,0.0028169014084507044,16.666197183098593,3.0
1985,client_2094c6eb080311d5,content_16c9e8971bd737c3,0.6782138024357239,Medium priority,low CTR,709.0,0.004231311706629055,5.086036671368124,15.0
1986,client_2094c6eb080311d5,content_e5aef403754d26f5,0.6782138024357239,Medium priority,low CTR,708.0,0.002824858757062147,5.406779661016949,6.0
1987,client_cd12bcfd98942aa1,content_0ad5d50d65baddc2,0.6782138024357239,Medium priority,low CTR; weak average position,708.0,0.0014124293785310734,11.497175141242938,6.0
1988,client_0fa64a184f18a4a0,content_e78b04912cda2967,0.6782138024357239,Medium priority,low CTR; weak average position,706.0,0.00141643059490085,21.172804532577903,1.0
1989,client_2094c6eb080311d5,content_6936562f5519ffd0,0.6782138024357239,Medium priority,low CTR,705.0,0.0028368794326241137,9.887943262411348,2.0
1990,client_0fa64a184f18a4a0,content_118fa5ec66318a59,0.6782138024357239,Medium priority,low CTR,702.0,0.004273504273504274,2.6452991452991452,4.0
1991,client_0fa64a184f18a4a0,content_d07c6945860fb464,0.6782138024357239,Medium priority,low CTR,702.0,0.0014245014245014246,2.7364672364672367,
1992,client_2094c6eb080311d5,content_aa21ab9a042e198c,0.6782138024357239,Medium priority,low CTR; weak average position,700.0,0.004285714285714286,22.65714285714286,3.0
1993,client_9958f0a7ae1df715,content_513ebecf48db98b0,0.6782138024357239,Medium priority,low CTR; weak average position,700.0,0.0014285714285714286,19.481428571428573,
1994,client_2094c6eb080311d5,content_5c35b46bffa05c32,0.6782138024357239,Medium priority,low CTR; weak average position,700.0,0.002857142857142857,46.135714285714286,3.0
1995,client_2094c6eb080311d5,content_c5e8c11f0c6255be,0.6782138024357239,Medium priority,low CTR; weak average position,699.0,0.002861230329041488,22.031473533619458,5.0
1996,client_3f0ce4d44fe94f3d,content_938d6a56cfa3165b,0.6782138024357239,Medium priority,low CTR,698.0,0.004297994269340974,1.997134670487106,4.0
1997,client_2094c6eb080311d5,content_ea0a0eee916d7ccf,0.6782138024357239,Medium priority,low CTR; weak average position,697.0,0.00430416068866571,23.24103299856528,3.0
1998,client_9958f0a7ae1df715,content_d18b0265046ac49a,0.6782138024357239,Medium priority,low CTR,696.0,0.004310344827586207,7.150862068965517,14.0
1999,client_2094c6eb080311d5,content_33cd97b50f017386,0.6782138024357239,Medium priority,low CTR,695.0,0.0028776978417266188,8.39136690647482,2.0
2000,client_f623b01661d4bfe4,content_515056ad0b0ea335,0.6782138024357239,Medium priority,low CTR; weak average position,695.0,0.0028776978417266188,74.50071942446043,3.0
2001,client_3f0ce4d44fe94f3d,content_ca797a5879e6510e,0.6782138024357239,Medium priority,low CTR; weak average position,692.0,0.001445086705202312,10.486994219653178,
2002,client_3f0ce4d44fe94f3d,content_bb41166e3f6153c3,0.6782138024357239,Medium priority,low CTR; weak average position,692.0,0.002890173410404624,11.166184971098266,1.0
2003,client_3f0ce4d44fe94f3d,content_c529dcafe92dfb97,0.6782138024357239,Medium priority,low CTR,692.0,0.001445086705202312,9.329479768786127,1.0
2004,client_2094c6eb080311d5,content_b65ff56e60469e7c,0.6782138024357239,Medium priority,low CTR,692.0,0.001445086705202312,7.59393063583815,1.0
2005,client_9958f0a7ae1df715,content_b98230b04b2a964f,0.6782138024357239,Medium priority,low CTR; weak average position,690.0,0.002898550724637681,12.002898550724638,6.0
2006,client_9958f0a7ae1df715,content_4dede5f4383aaf01,0.6782138024357239,Medium priority,low CTR; weak average position,689.0,0.002902757619738752,14.808417997097242,3.0
2007,client_f623b01661d4bfe4,content_cc6d4508f540a6fa,0.6782138024357239,Medium priority,low CTR; weak average position,689.0,0.001451378809869376,59.53410740203193,1.0
2008,client_2094c6eb080311d5,content_84e8cca76d031a09,0.6782138024357239,Medium priority,low CTR; weak average position,687.0,0.001455604075691412,13.234352256186318,6.0
2009,client_2094c6eb080311d5,content_693ba82cb285d875,0.6782138024357239,Medium priority,low CTR; weak average position,686.0,0.0029154518950437317,17.00728862973761,2.0
2010,client_9958f0a7ae1df715,content_f70e22b3dcc80ca1,0.6782138024357239,Medium priority,low CTR; weak average position,685.0,0.00145985401459854,42.39124087591241,1.0
2011,client_0fa64a184f18a4a0,content_7e36a059f964d955,0.6782138024357239,Medium priority,low CTR,684.0,0.0014619883040935672,6.590643274853801,2.0
2012,client_9958f0a7ae1df715,content_e8979037f9e19cde,0.6782138024357239,Medium priority,low CTR; weak average position,683.0,0.0014641288433382138,15.790629575402635,1.0
2013,client_2094c6eb080311d5,content_8db9ef70e2e123cb,0.6782138024357239,Medium priority,low CTR; weak average position,683.0,0.004392386530014641,10.547584187408493,5.0
2014,client_3f0ce4d44fe94f3d,content_844e58091c042c9c,0.6782138024357239,Medium priority,low CTR,682.0,0.004398826979472141,3.5850439882697946,1.0
2015,client_3f0ce4d44fe94f3d,content_36ef4b1aa91b7910,0.6782138024357239,Medium priority,low CTR,682.0,0.002932551319648094,6.2082111436950145,4.0
2016,client_3f0ce4d44fe94f3d,content_b552755d664cde44,0.6782138024357239,Medium priority,low CTR,681.0,0.002936857562408223,5.340675477239354,2.0
2017,client_3f0ce4d44fe94f3d,content_4260308541ea1f2e,0.6782138024357239,Medium priority,low CTR,681.0,0.002936857562408223,2.0704845814977975,2.0
2018,client_3f0ce4d44fe94f3d,content_fb1deba0924a64af,0.6782138024357239,Medium priority,low CTR; weak average position,680.0,0.0029411764705882353,12.516176470588235,1.0
2019,client_9958f0a7ae1df715,content_6f5cc2a41d94e372,0.6782138024357239,Medium priority,low CTR; weak average position,679.0,0.0014727540500736377,50.424153166421206,1.0
2020,client_3f0ce4d44fe94f3d,content_2cea774f643570c4,0.6782138024357239,Medium priority,low CTR,678.0,0.0029498525073746312,5.958702064896755,1.0
2021,client_2094c6eb080311d5,content_db114ab196ec79a7,0.6782138024357239,Medium priority,low CTR; weak average position,677.0,0.0029542097488921715,14.409158050221565,2.0
2022,client_9958f0a7ae1df715,content_232aa83d13706e4b,0.6782138024357239,Medium priority,low CTR; weak average position,677.0,0.0014771048744460858,15.508124076809453,9.0
2023,client_9958f0a7ae1df715,content_f2225ccab5ca49c4,0.6782138024357239,Medium priority,low CTR,676.0,0.0029585798816568047,5.806213017751479,8.0
2024,client_0fa64a184f18a4a0,content_8ee5bbc2dcdb4f4f,0.6782138024357239,Medium priority,low CTR,676.0,0.0014792899408284023,4.029585798816568,2.0
2025,client_f623b01661d4bfe4,content_cbff21b87e6892da,0.6782138024357239,Medium priority,low CTR; weak average position,674.0,0.001483679525222552,77.76261127596439,2.0
2026,client_3f0ce4d44fe94f3d,content_cbd2e6fd47ebbf3c,0.6782138024357239,Medium priority,low CTR,673.0,0.0029717682020802376,5.6255572065378905,3.0
2027,client_f623b01661d4bfe4,content_adf670cc06cba5e2,0.6782138024357239,Medium priority,low CTR; weak average position,672.0,0.001488095238095238,40.614583333333336,2.0
2028,client_2094c6eb080311d5,content_3e4f7ab2b3878cfc,0.6782138024357239,Medium priority,low CTR,672.0,0.001488095238095238,5.738095238095238,2.0
2029,client_3f0ce4d44fe94f3d,content_aaf9d147b802fd2a,0.6782138024357239,Medium priority,low CTR,672.0,0.002976190476190476,8.494047619047619,4.0
2030,client_2094c6eb080311d5,content_8cac378b1189b821,0.6782138024357239,Medium priority,low CTR,672.0,0.002976190476190476,7.6086309523809526,4.0
2031,client_3f0ce4d44fe94f3d,content_f9f9a37b2d9c7b3a,0.6782138024357239,Medium priority,low CTR,670.0,0.0014925373134328358,9.98955223880597,2.0
2032,client_9958f0a7ae1df715,content_52d6e0ecebc50434,0.6782138024357239,Medium priority,low CTR; weak average position,669.0,0.0014947683109118087,79.2526158445441,3.0
2033,client_3f0ce4d44fe94f3d,content_1f3f6a662e0836a6,0.6782138024357239,Medium priority,low CTR,668.0,0.0014970059880239522,6.889221556886228,
2034,client_0fa64a184f18a4a0,content_3c487318d36c72cf,0.6782138024357239,Medium priority,low CTR,667.0,0.0029985007496251873,6.27136431784108,2.0
2035,client_3f0ce4d44fe94f3d,content_cef2cdd08f6a07a0,0.6782138024357239,Medium priority,low CTR,666.0,0.003003003003003003,3.340840840840841,1.0
2036,client_2094c6eb080311d5,content_d9ad1a47310f9517,0.6782138024357239,Medium priority,low CTR,666.0,0.0015015015015015015,4.208708708708708,1.0
2037,client_3f0ce4d44fe94f3d,content_1c62e6cb4443a446,0.6782138024357239,Medium priority,low CTR; weak average position,664.0,0.0015060240963855422,71.98343373493977,
2038,client_9958f0a7ae1df715,content_e4517d2252616e0d,0.6782138024357239,Medium priority,low CTR; weak average position,664.0,0.0015060240963855422,49.881024096385545,1.0
2039,client_0fa64a184f18a4a0,content_d86ce1e616de32ea,0.6782138024357239,Medium priority,low CTR,663.0,0.0030165912518853697,3.9019607843137254,4.0
2040,client_9958f0a7ae1df715,content_ebe765f2af3f6214,0.6782138024357239,Medium priority,low CTR,662.0,0.0015105740181268882,6.811178247734139,1.0
2041,client_9958f0a7ae1df715,content_0b498f9d5f5c371e,0.6782138024357239,Medium priority,low CTR; weak average position,661.0,0.0015128593040847202,47.892586989409985,3.0
2042,client_3f0ce4d44fe94f3d,content_599a69a205132619,0.6782138024357239,Medium priority,low CTR; weak average position,660.0,0.0015151515151515152,10.083333333333334,1.0
2043,client_3f0ce4d44fe94f3d,content_14baa9a2ae3669ea,0.6782138024357239,Medium priority,low CTR,657.0,0.0030441400304414,1.4733637747336377,2.0
2044,client_3f0ce4d44fe94f3d,content_08cdc2ab73148a06,0.6782138024357239,Medium priority,low CTR,656.0,0.001524390243902439,7.588414634146342,6.0
2045,client_2094c6eb080311d5,content_9f42578678a8ab75,0.6782138024357239,Medium priority,low CTR,656.0,0.001524390243902439,7.553353658536586,3.0
2046,client_2094c6eb080311d5,content_3b662affcd342dea,0.6782138024357239,Medium priority,low CTR,655.0,0.0030534351145038168,9.429007633587787,3.0
2047,client_9958f0a7ae1df715,content_a9fc4fb0511b6ba6,0.6782138024357239,Medium priority,low CTR; weak average position,653.0,0.0030627871362940277,10.47166921898928,6.0
2048,client_3f0ce4d44fe94f3d,content_f829839e6501674e,0.6782138024357239,Medium priority,low CTR,653.0,0.0030627871362940277,5.996937212863706,6.0
2049,client_3f0ce4d44fe94f3d,content_c312ba49c0c58448,0.6782138024357239,Medium priority,low CTR,653.0,0.0015313935681470138,9.312404287901991,1.0
2050,client_3f0ce4d44fe94f3d,content_c20c8cae63f24bd4,0.6782138024357239,Medium priority,low CTR,651.0,0.0030721966205837174,2.791090629800307,
2051,client_3f0ce4d44fe94f3d,content_693292b54984c224,0.6782138024357239,Medium priority,low CTR; weak average position,651.0,0.0015360983102918587,14.692780337941628,1.0
2052,client_9958f0a7ae1df715,content_6c30de80cd5c5056,0.6782138024357239,Medium priority,low CTR; weak average position,651.0,0.0015360983102918587,23.28878648233487,2.0
2053,client_3f0ce4d44fe94f3d,content_54caca7a08e56541,0.6782138024357239,Medium priority,low CTR,650.0,0.0015384615384615385,6.672307692307692,1.0
2054,client_3f0ce4d44fe94f3d,content_7a9a06752b9d6a4b,0.6782138024357239,Medium priority,low CTR,648.0,0.0015432098765432098,4.407407407407407,1.0
2055,client_3f0ce4d44fe94f3d,content_45eddc0916a56b71,0.6782138024357239,Medium priority,low CTR,648.0,0.0015432098765432098,3.720679012345679,1.0
2056,client_9958f0a7ae1df715,content_db160c0dff25cb74,0.6782138024357239,Medium priority,low CTR; weak average position,648.0,0.0015432098765432098,60.60648148148148,1.0
2057,client_2094c6eb080311d5,content_5772b88c5c9a9be9,0.6782138024357239,Medium priority,low CTR; weak average position,647.0,0.0030911901081916537,14.857805255023184,6.0
2058,client_0fa64a184f18a4a0,content_5ab2e2344214214b,0.6782138024357239,Medium priority,low CTR,645.0,0.0031007751937984496,3.3069767441860467,3.0
2059,client_f623b01661d4bfe4,content_000e39543d74fd89,0.6782138024357239,Medium priority,low CTR; weak average position,644.0,0.0015527950310559005,65.32608695652173,1.0
2060,client_0fa64a184f18a4a0,content_36ce16237926c3eb,0.6782138024357239,Medium priority,low CTR; weak average position,642.0,0.003115264797507788,15.02803738317757,3.0
2061,client_9958f0a7ae1df715,content_71a9abb2b10feaf0,0.6782138024357239,Medium priority,low CTR; weak average position,640.0,0.0015625,11.23125,3.0
2062,client_0fa64a184f18a4a0,content_54ccffc699ba563a,0.6782138024357239,Medium priority,low CTR,638.0,0.003134796238244514,2.6426332288401255,1.0
2063,client_3f0ce4d44fe94f3d,content_302ec4da585c050e,0.6782138024357239,Medium priority,low CTR,638.0,0.003134796238244514,7.307210031347962,1.0
2064,client_9958f0a7ae1df715,content_36418ee748e8ac61,0.6782138024357239,Medium priority,low CTR,638.0,0.003134796238244514,9.047021943573668,3.0
2065,client_3f0ce4d44fe94f3d,content_e0259ab88cd596e8,0.6782138024357239,Medium priority,low CTR; weak average position,637.0,0.0015698587127158557,11.714285714285714,1.0
2066,client_3f0ce4d44fe94f3d,content_9efdac424a18a771,0.6782138024357239,Medium priority,low CTR,636.0,0.0031446540880503146,6.668238993710692,
2067,client_2094c6eb080311d5,content_daa6d02a24c2272e,0.6782138024357239,Medium priority,low CTR,635.0,0.0015748031496062992,7.3354330708661415,
2068,client_2094c6eb080311d5,content_288c786eb71823a1,0.6782138024357239,Medium priority,low CTR; weak average position,634.0,0.0015772870662460567,22.682965299684543,8.0
2069,client_3f0ce4d44fe94f3d,content_6112dfcb7c693fa6,0.6782138024357239,Medium priority,low CTR; weak average position,634.0,0.0015772870662460567,13.257097791798108,1.0
2070,client_0fa64a184f18a4a0,content_b1abf146ad4c62b2,0.6782138024357239,Medium priority,low CTR,633.0,0.00315955766192733,2.7851500789889414,
2071,client_3f0ce4d44fe94f3d,content_4cc97da05413077f,0.6782138024357239,Medium priority,low CTR,631.0,0.001584786053882726,5.876386687797147,
2072,client_2094c6eb080311d5,content_0186cb1e4bbdf070,0.6782138024357239,Medium priority,low CTR,630.0,0.0015873015873015873,6.253968253968254,1.0
2073,client_0fa64a184f18a4a0,content_03d6be8c2d9db902,0.6782138024357239,Medium priority,low CTR,630.0,0.0031746031746031746,1.5682539682539682,4.0
2074,client_9958f0a7ae1df715,content_4bbd5d36c652553c,0.6782138024357239,Medium priority,low CTR; weak average position,630.0,0.0031746031746031746,10.122222222222222,2.0
2075,client_9958f0a7ae1df715,content_9b3decff0d7e6690,0.6782138024357239,Medium priority,low CTR; weak average position,630.0,0.0015873015873015873,12.474603174603175,2.0
2076,client_2094c6eb080311d5,content_33764416851cbf7d,0.6782138024357239,Medium priority,low CTR; weak average position,630.0,0.0031746031746031746,23.706349206349206,6.0
2077,client_2094c6eb080311d5,content_92bd5c90164d9a73,0.6782138024357239,Medium priority,low CTR,629.0,0.003179650238473768,8.211446740858506,12.0
2078,client_2094c6eb080311d5,content_1940aa3dc3f2ec2b,0.6782138024357239,Medium priority,low CTR,626.0,0.003194888178913738,5.645367412140575,5.0
2079,client_3f0ce4d44fe94f3d,content_8085963e175f4ee3,0.6782138024357239,Medium priority,low CTR,626.0,0.001597444089456869,6.535143769968051,
2080,client_2094c6eb080311d5,content_a93046a72946d30e,0.6782138024357239,Medium priority,low CTR,626.0,0.001597444089456869,6.268370607028754,4.0
2081,client_9958f0a7ae1df715,content_a386a977ce507782,0.6782138024357239,Medium priority,low CTR; weak average position,625.0,0.0032,15.1232,2.0
2082,client_2094c6eb080311d5,content_e0fe59710214bb09,0.6782138024357239,Medium priority,low CTR,622.0,0.001607717041800643,6.827974276527331,3.0
2083,client_9958f0a7ae1df715,content_c1d7772eada473df,0.6782138024357239,Medium priority,low CTR; weak average position,619.0,0.0032310177705977385,27.523424878836835,15.0
2084,client_2094c6eb080311d5,content_ae76809bb6dfd472,0.6782138024357239,Medium priority,low CTR; weak average position,618.0,0.003236245954692557,37.09870550161812,2.0
2085,client_9958f0a7ae1df715,content_21112affdd60e279,0.6782138024357239,Medium priority,low CTR,617.0,0.0016207455429497568,7.594813614262561,1.0
2086,client_3f0ce4d44fe94f3d,content_4e752102f177b108,0.6782138024357239,Medium priority,low CTR; weak average position,617.0,0.0016207455429497568,11.26418152350081,1.0
2087,client_3f0ce4d44fe94f3d,content_f331f02a9bd7f71c,0.6782138024357239,Medium priority,low CTR; weak average position,617.0,0.0016207455429497568,20.13128038897893,1.0
2088,client_def0955f7a377868,content_ccb14d584952acf8,0.6782138024357239,Medium priority,low CTR,616.0,0.0016233766233766235,8.767857142857142,1.0
2089,client_0fa64a184f18a4a0,content_7f5317c95ab71b51,0.6782138024357239,Medium priority,low CTR,615.0,0.0016260162601626016,3.791869918699187,1.0
2090,client_9958f0a7ae1df715,content_8564544097d10803,0.6782138024357239,Medium priority,low CTR; weak average position,615.0,0.0016260162601626016,25.180487804878048,3.0
2091,client_3f0ce4d44fe94f3d,content_0792e732f421e16a,0.6782138024357239,Medium priority,low CTR,613.0,0.0016313213703099511,6.8123980424143555,
2092,client_3f0ce4d44fe94f3d,content_bfed815bfe095cfd,0.6782138024357239,Medium priority,low CTR; weak average position,610.0,0.003278688524590164,23.049180327868854,3.0
2093,client_2094c6eb080311d5,content_3c1db7331a271bb2,0.6782138024357239,Medium priority,low CTR; weak average position,609.0,0.0016420361247947454,15.22495894909688,1.0
2094,client_3f0ce4d44fe94f3d,content_a07f8009deb34a6a,0.6782138024357239,Medium priority,low CTR,609.0,0.003284072249589491,6.403940886699507,1.0
2095,client_3f0ce4d44fe94f3d,content_745f6664c46eccdb,0.6782138024357239,Medium priority,low CTR,606.0,0.0016501650165016502,3.4702970297029703,1.0
2096,client_3f0ce4d44fe94f3d,content_3a8f0bd303d3c73d,0.6782138024357239,Medium priority,low CTR; weak average position,606.0,0.0016501650165016502,27.435643564356436,2.0
2097,client_2094c6eb080311d5,content_a7ace75017ff97dd,0.6782138024357239,Medium priority,low CTR,605.0,0.001652892561983471,6.654545454545454,4.0
2098,client_0fa64a184f18a4a0,content_ee840d7511877ebb,0.6782138024357239,Medium priority,low CTR,605.0,0.003305785123966942,5.714049586776859,1.0
2099,client_9958f0a7ae1df715,content_8f1b2d32208ac26c,0.6782138024357239,Medium priority,low CTR; weak average position,604.0,0.0016556291390728477,12.074503311258278,4.0
2100,client_2094c6eb080311d5,content_babafa0e36227be7,0.6782138024357239,Medium priority,low CTR,604.0,0.0016556291390728477,6.76158940397351,5.0
2101,client_f623b01661d4bfe4,content_ae665eeb5855eec1,0.6782138024357239,Medium priority,low CTR; weak average position,603.0,0.003316749585406302,42.49751243781095,2.0
2102,client_2094c6eb080311d5,content_bbc9cfce5a133df7,0.6782138024357239,Medium priority,low CTR,603.0,0.003316749585406302,8.759535655058043,5.0
2103,client_9958f0a7ae1df715,content_06869bd701e9a6fb,0.6782138024357239,Medium priority,low CTR; weak average position,603.0,0.001658374792703151,27.993366500829186,1.0
2104,client_3f0ce4d44fe94f3d,content_c98c139e9ec37325,0.6782138024357239,Medium priority,low CTR,602.0,0.0033222591362126247,4.54983388704319,1.0
2105,client_2094c6eb080311d5,content_d73e7a2e245052ca,0.6782138024357239,Medium priority,low CTR,602.0,0.0016611295681063123,9.812292358803987,5.0
2106,client_3f0ce4d44fe94f3d,content_b920a3d5cc6c7fae,0.6782138024357239,Medium priority,low CTR; weak average position,600.0,0.0016666666666666668,19.465,1.0
2107,client_9958f0a7ae1df715,content_e3b81250e78e73c1,0.6782138024357239,Medium priority,low CTR,599.0,0.00333889816360601,4.689482470784641,2.0
2108,client_0fa64a184f18a4a0,content_fde854d58f98fff2,0.6782138024357239,Medium priority,low CTR,599.0,0.001669449081803005,5.008347245409015,2.0
2109,client_3f0ce4d44fe94f3d,content_3be6f5acd1b86630,0.6782138024357239,Medium priority,low CTR,599.0,0.00333889816360601,7.559265442404007,1.0
2110,client_0fa64a184f18a4a0,content_78d53eab4a10e44a,0.6782138024357239,Medium priority,low CTR,599.0,0.00333889816360601,4.203672787979967,1.0
2111,client_2094c6eb080311d5,content_72cc0038d96b6b04,0.6782138024357239,Medium priority,low CTR,598.0,0.0033444816053511705,5.078595317725752,2.0
2112,client_3f0ce4d44fe94f3d,content_1cc60105b373b440,0.6782138024357239,Medium priority,low CTR,598.0,0.0033444816053511705,8.933110367892976,4.0
2113,client_3f0ce4d44fe94f3d,content_697bd8bcb5f7a800,0.6782138024357239,Medium priority,low CTR,597.0,0.0033500837520938024,3.695142378559464,
2114,client_3f0ce4d44fe94f3d,content_f9b19289dbb065a3,0.6782138024357239,Medium priority,low CTR,596.0,0.0016778523489932886,8.520134228187919,1.0
2115,client_2094c6eb080311d5,content_d5f70465186f173a,0.6782138024357239,Medium priority,low CTR; weak average position,596.0,0.003355704697986577,11.080536912751677,3.0
2116,client_2094c6eb080311d5,content_213f023796593b77,0.6782138024357239,Medium priority,low CTR,596.0,0.003355704697986577,8.21979865771812,2.0
2117,client_0fa64a184f18a4a0,content_f3ef589bb0a911eb,0.6782138024357239,Medium priority,low CTR,596.0,0.0016778523489932886,0.8758389261744967,1.0
2118,client_2094c6eb080311d5,content_78f295cf1a145300,0.6782138024357239,Medium priority,low CTR,595.0,0.0033613445378151263,6.492436974789916,1.0
2119,client_0fa64a184f18a4a0,content_1b291f3adceaacf5,0.6782138024357239,Medium priority,low CTR,595.0,0.0033613445378151263,5.746218487394958,1.0
2120,client_0fa64a184f18a4a0,content_d6af7af3ce261100,0.6782138024357239,Medium priority,low CTR,595.0,0.0033613445378151263,1.4554621848739495,3.0
2121,client_3f0ce4d44fe94f3d,content_97a5a2fa495ce129,0.6782138024357239,Medium priority,low CTR,594.0,0.003367003367003367,8.739057239057239,3.0
2122,client_0fa64a184f18a4a0,content_23d63034714ef0ab,0.6782138024357239,Medium priority,low CTR; weak average position,593.0,0.0016863406408094434,10.617200674536257,1.0
2123,client_f623b01661d4bfe4,content_e8966f23d1c717e8,0.6782138024357239,Medium priority,low CTR; weak average position,593.0,0.0016863406408094434,71.63575042158516,1.0
2124,client_3f0ce4d44fe94f3d,content_46127d93373e0228,0.6782138024357239,Medium priority,low CTR,591.0,0.001692047377326565,3.3451776649746194,
2125,client_9958f0a7ae1df715,content_0c36f1893a466556,0.6782138024357239,Medium priority,low CTR; weak average position,590.0,0.001694915254237288,11.610169491525424,8.0
2126,client_3f0ce4d44fe94f3d,content_9a3f6836774d7355,0.6782138024357239,Medium priority,low CTR,588.0,0.0017006802721088435,6.214285714285714,1.0
2127,client_2094c6eb080311d5,content_2b8368c1450d32f4,0.6782138024357239,Medium priority,low CTR,587.0,0.0034071550255536627,5.2998296422487225,5.0
2128,client_3f0ce4d44fe94f3d,content_d38bee94b7058320,0.6782138024357239,Medium priority,low CTR,587.0,0.0017035775127768314,6.339011925042589,
2129,client_3f0ce4d44fe94f3d,content_6be134cb71c5ae00,0.6782138024357239,Medium priority,low CTR,583.0,0.0017152658662092624,3.4939965694682678,4.0
2130,client_9958f0a7ae1df715,content_f2621ec8afa053df,0.6782138024357239,Medium priority,low CTR,582.0,0.003436426116838488,7.446735395189004,10.0
2131,client_9958f0a7ae1df715,content_036fa67259494cb3,0.6782138024357239,Medium priority,low CTR,580.0,0.0034482758620689655,7.089655172413793,3.0
2132,client_9958f0a7ae1df715,content_4e39cf1aaec9f7cb,0.6782138024357239,Medium priority,low CTR,577.0,0.0017331022530329288,7.637781629116118,5.0
2133,client_2094c6eb080311d5,content_816b3144da84eae5,0.6782138024357239,Medium priority,low CTR,577.0,0.0034662045060658577,8.930675909878683,1.0
2134,client_2094c6eb080311d5,content_c3b89d4b22688c7b,0.6782138024357239,Medium priority,low CTR,577.0,0.0017331022530329288,9.048526863084922,2.0
2135,client_3f0ce4d44fe94f3d,content_a1250da34ed95131,0.6782138024357239,Medium priority,low CTR; weak average position,575.0,0.0017391304347826088,12.441739130434783,1.0
2136,client_3f0ce4d44fe94f3d,content_aad37df8f4a671ee,0.6782138024357239,Medium priority,low CTR; weak average position,574.0,0.0017421602787456446,12.506968641114982,
2137,client_3f0ce4d44fe94f3d,content_74f4b30acaa8a706,0.6782138024357239,Medium priority,low CTR,574.0,0.003484320557491289,2.6445993031358883,1.0
2138,client_0fa64a184f18a4a0,content_c2ed3b73c9024928,0.6782138024357239,Medium priority,low CTR,572.0,0.0034965034965034965,1.5961538461538463,
2139,client_2094c6eb080311d5,content_a1a3c378c0a2418d,0.6782138024357239,Medium priority,low CTR; weak average position,571.0,0.0035026269702276708,47.2276707530648,3.0
2140,client_9958f0a7ae1df715,content_d4411158e5c57b17,0.6782138024357239,Medium priority,low CTR; weak average position,570.0,0.0035087719298245615,21.11578947368421,42.0
2141,client_3f0ce4d44fe94f3d,content_d99fe5808644f78a,0.6782138024357239,Medium priority,low CTR,569.0,0.0017574692442882249,8.509666080843585,1.0
2142,client_9958f0a7ae1df715,content_e7fb359db2570d11,0.6782138024357239,Medium priority,low CTR,567.0,0.001763668430335097,6.169312169312169,5.0
2143,client_9958f0a7ae1df715,content_48c17cbb3c985b17,0.6782138024357239,Medium priority,low CTR,567.0,0.001763668430335097,6.606701940035274,1.0
2144,client_3f0ce4d44fe94f3d,content_02702b0ff54a29e5,0.6782138024357239,Medium priority,low CTR; weak average position,566.0,0.0017667844522968198,10.590106007067138,
2145,client_3f0ce4d44fe94f3d,content_840eff5877245f31,0.6782138024357239,Medium priority,low CTR; weak average position,566.0,0.0035335689045936395,19.508833922261484,3.0
2146,client_2094c6eb080311d5,content_b29c814579483fe9,0.6782138024357239,Medium priority,low CTR,565.0,0.0035398230088495575,6.658407079646017,10.0
2147,client_9958f0a7ae1df715,content_f449b8cd5c70445a,0.6782138024357239,Medium priority,low CTR; weak average position,563.0,0.0017761989342806395,11.22380106571936,2.0
2148,client_2094c6eb080311d5,content_7cecba52fde4a605,0.6782138024357239,Medium priority,low CTR; weak average position,563.0,0.0017761989342806395,25.911190053285967,5.0
2149,client_0fa64a184f18a4a0,content_2a4d3697e596478b,0.6782138024357239,Medium priority,low CTR,563.0,0.0017761989342806395,8.733570159857905,1.0
2150,client_3f0ce4d44fe94f3d,content_ec21b401284ce9ee,0.6782138024357239,Medium priority,low CTR; weak average position,562.0,0.0017793594306049821,13.313167259786477,1.0
2151,client_3f0ce4d44fe94f3d,content_2a85038acd2fbd9f,0.6782138024357239,Medium priority,low CTR; weak average position,559.0,0.0017889087656529517,11.726296958855098,
2152,client_3f0ce4d44fe94f3d,content_cd730373633f79b7,0.6782138024357239,Medium priority,low CTR; weak average position,556.0,0.0017985611510791368,14.41906474820144,1.0
2153,client_0fa64a184f18a4a0,content_c8a8e12c827b62f6,0.6782138024357239,Medium priority,low CTR,556.0,0.0035971223021582736,3.7428057553956835,1.0
2154,client_3f0ce4d44fe94f3d,content_d3b8155fd053aaa3,0.6782138024357239,Medium priority,low CTR; weak average position,555.0,0.0018018018018018018,15.154954954954954,1.0
2155,client_9958f0a7ae1df715,content_d1e09bff6984b314,0.6782138024357239,Medium priority,low CTR; weak average position,555.0,0.0018018018018018018,10.113513513513514,4.0
2156,client_0fa64a184f18a4a0,content_20134dcb7c305b88,0.6782138024357239,Medium priority,low CTR,555.0,0.0018018018018018018,5.153153153153153,
2157,client_3f0ce4d44fe94f3d,content_e42df522b9d15d2b,0.6782138024357239,Medium priority,low CTR; weak average position,553.0,0.003616636528028933,11.37251356238698,1.0
2158,client_9958f0a7ae1df715,content_b782f9a938ff2e4d,0.6782138024357239,Medium priority,low CTR; weak average position,550.0,0.0018181818181818182,49.765454545454546,1.0
2159,client_2094c6eb080311d5,content_ed75d3438223d110,0.6782138024357239,Medium priority,low CTR; weak average position,550.0,0.0018181818181818182,16.1,1.0
2160,client_2094c6eb080311d5,content_f4c0b30d31305bbf,0.6782138024357239,Medium priority,low CTR,550.0,0.0036363636363636364,5.1872727272727275,3.0
2161,client_3f0ce4d44fe94f3d,content_64c86ea41cf1c488,0.6782138024357239,Medium priority,low CTR,549.0,0.0036429872495446266,8.229508196721312,
2162,client_3f0ce4d44fe94f3d,content_f13a3fdb912e6c5b,0.6782138024357239,Medium priority,low CTR,549.0,0.0018214936247723133,5.307832422586521,1.0
2163,client_def0955f7a377868,content_ef6f1889190b1ffd,0.6782138024357239,Medium priority,low CTR,549.0,0.0036429872495446266,9.78688524590164,7.0
2164,client_f623b01661d4bfe4,content_e829a6421c2dc0c8,0.6782138024357239,Medium priority,low CTR; weak average position,547.0,0.003656307129798903,29.246800731261427,4.0
2165,client_3f0ce4d44fe94f3d,content_0dd225bd4dccbf4b,0.6782138024357239,Medium priority,low CTR,546.0,0.003663003663003663,5.481684981684982,1.0
2166,client_3f0ce4d44fe94f3d,content_5c962e4f98a2b69e,0.6782138024357239,Medium priority,low CTR; weak average position,545.0,0.003669724770642202,12.409174311926606,
2167,client_3f0ce4d44fe94f3d,content_f44f4257c5117aef,0.6782138024357239,Medium priority,low CTR,544.0,0.001838235294117647,5.53125,1.0
2168,client_2094c6eb080311d5,content_2463809b94c44e33,0.6782138024357239,Medium priority,low CTR,544.0,0.001838235294117647,7.882352941176471,5.0
2169,client_0fa64a184f18a4a0,content_b4b95e7bf46cb262,0.6782138024357239,Medium priority,low CTR,543.0,0.003683241252302026,5.917127071823204,2.0
2170,client_2094c6eb080311d5,content_51c53ccf82a14e3e,0.6782138024357239,Medium priority,low CTR; weak average position,543.0,0.001841620626151013,12.941068139963168,1.0
2171,client_9958f0a7ae1df715,content_cf83c6742807692e,0.6782138024357239,Medium priority,low CTR,543.0,0.003683241252302026,8.0902394106814,4.0
2172,client_3f0ce4d44fe94f3d,content_5fbabb468dadfb31,0.6782138024357239,Medium priority,low CTR; weak average position,542.0,0.0018450184501845018,29.813653136531364,2.0
2173,client_9958f0a7ae1df715,content_c59edeefd6387661,0.6782138024357239,Medium priority,low CTR; weak average position,540.0,0.001851851851851852,11.8,2.0
2174,client_9958f0a7ae1df715,content_3f0074d571ba65a8,0.6782138024357239,Medium priority,low CTR; weak average position,539.0,0.0018552875695732839,11.860853432282005,4.0
2175,client_3f0ce4d44fe94f3d,content_aa8e95300b081581,0.6782138024357239,Medium priority,low CTR,538.0,0.0018587360594795538,5.282527881040892,1.0
2176,client_2094c6eb080311d5,content_16459ed7545d1aee,0.6782138024357239,Medium priority,low CTR,536.0,0.0037313432835820895,9.171641791044776,2.0
2177,client_0fa64a184f18a4a0,content_497c364b576bfaf5,0.6782138024357239,Medium priority,low CTR,536.0,0.0018656716417910447,3.2332089552238807,1.0
2178,client_3f0ce4d44fe94f3d,content_a3389947f3894a2a,0.6782138024357239,Medium priority,low CTR; weak average position,534.0,0.003745318352059925,21.823970037453183,2.0
2179,client_9958f0a7ae1df715,content_e819a76f8434a765,0.6782138024357239,Medium priority,low CTR; weak average position,533.0,0.00375234521575985,12.73358348968105,1.0
2180,client_0fa64a184f18a4a0,content_7e1cde0195cf043e,0.6782138024357239,Medium priority,low CTR,531.0,0.0018832391713747645,3.7570621468926553,1.0
2181,client_3f0ce4d44fe94f3d,content_4a558633bfb5186a,0.6782138024357239,Medium priority,low CTR,531.0,0.0018832391713747645,4.190207156308851,1.0
2182,client_2094c6eb080311d5,content_3d6b39b0f06ae823,0.6782138024357239,Medium priority,low CTR; weak average position,528.0,0.003787878787878788,16.075757575757574,3.0
2183,client_0fa64a184f18a4a0,content_9f8c9daa881241c7,0.6782138024357239,Medium priority,low CTR,528.0,0.003787878787878788,4.056818181818182,2.0
2184,client_2094c6eb080311d5,content_5147d91b695afcba,0.6782138024357239,Medium priority,low CTR,527.0,0.0018975332068311196,6.9146110056926,9.0
2185,client_2094c6eb080311d5,content_1165c67dbf262d12,0.6782138024357239,Medium priority,low CTR,526.0,0.0019011406844106464,7.347908745247148,1.0
2186,client_3f0ce4d44fe94f3d,content_9624745f9984b0cf,0.6782138024357239,Medium priority,low CTR,526.0,0.0019011406844106464,4.395437262357414,1.0
2187,client_0fa64a184f18a4a0,content_307a6953bc5d6f3c,0.6782138024357239,Medium priority,low CTR,524.0,0.003816793893129771,3.0019083969465647,4.0
2188,client_3f0ce4d44fe94f3d,content_461a70b69fc0d1cb,0.6782138024357239,Medium priority,low CTR,524.0,0.003816793893129771,7.047709923664122,
2189,client_2094c6eb080311d5,content_bd7f4edf5ae91246,0.6782138024357239,Medium priority,low CTR,524.0,0.0019083969465648854,8.435114503816793,2.0
2190,client_2094c6eb080311d5,content_aaa8f28875908d5e,0.6782138024357239,Medium priority,low CTR; weak average position,522.0,0.0019157088122605363,45.4367816091954,
2191,client_3f0ce4d44fe94f3d,content_5ba9b5dbcda91613,0.6782138024357239,Medium priority,low CTR,521.0,0.003838771593090211,7.211132437619962,2.0
2192,client_2094c6eb080311d5,content_c6bf2ea3d44bc528,0.6782138024357239,Medium priority,low CTR; weak average position,521.0,0.0019193857965451055,11.786948176583493,7.0
2193,client_3f0ce4d44fe94f3d,content_e1f7f4a9031a08dd,0.6782138024357239,Medium priority,low CTR; weak average position,520.0,0.0038461538461538464,10.926923076923076,1.0
2194,client_9958f0a7ae1df715,content_dade093b61df1b5c,0.6782138024357239,Medium priority,low CTR; weak average position,518.0,0.0019305019305019305,53.44208494208494,1.0
2195,client_9958f0a7ae1df715,content_cbb4f1a5e74d1dc0,0.6782138024357239,Medium priority,low CTR; weak average position,517.0,0.0019342359767891683,35.214700193423596,
2196,client_3f0ce4d44fe94f3d,content_0e2b474c4ab3d9ac,0.6782138024357239,Medium priority,low CTR,516.0,0.003875968992248062,6.932170542635659,2.0
2197,client_3f0ce4d44fe94f3d,content_391df01cef325185,0.6782138024357239,Medium priority,low CTR,516.0,0.001937984496124031,7.955426356589148,1.0
2198,client_3f0ce4d44fe94f3d,content_b2409fbc0ff55dbf,0.6782138024357239,Medium priority,low CTR; weak average position,516.0,0.001937984496124031,21.78875968992248,
2199,client_9958f0a7ae1df715,content_8e2128e1a7b98adb,0.6782138024357239,Medium priority,low CTR; weak average position,514.0,0.0038910505836575876,17.08365758754864,3.0
2200,client_9958f0a7ae1df715,content_c2a07b7592401492,0.6782138024357239,Medium priority,low CTR,514.0,0.0019455252918287938,7.591439688715953,2.0
2201,client_9958f0a7ae1df715,content_40a5242bbe6dcab9,0.6782138024357239,Medium priority,low CTR; weak average position,514.0,0.0019455252918287938,45.083657587548636,1.0
2202,client_3f0ce4d44fe94f3d,content_e01c5e6523c579bd,0.6782138024357239,Medium priority,low CTR,513.0,0.003898635477582846,4.855750487329435,1.0
2203,client_2094c6eb080311d5,content_fc541f4c34a44c6c,0.6782138024357239,Medium priority,low CTR,512.0,0.001953125,9.80078125,2.0
2204,client_3f0ce4d44fe94f3d,content_6f229b181418196d,0.6782138024357239,Medium priority,low CTR; weak average position,511.0,0.0019569471624266144,10.708414872798434,1.0
2205,client_3f0ce4d44fe94f3d,content_133d9c985fcf3d6b,0.6782138024357239,Medium priority,low CTR,511.0,0.0019569471624266144,5.522504892367906,2.0
2206,client_0fa64a184f18a4a0,content_dce358dc100e158d,0.6782138024357239,Medium priority,low CTR,509.0,0.003929273084479371,5.31630648330059,3.0
2207,client_0fa64a184f18a4a0,content_67f93c6f8529d482,0.6782138024357239,Medium priority,low CTR; weak average position,508.0,0.001968503937007874,21.257874015748033,1.0
2208,client_0fa64a184f18a4a0,content_e373abed3d226cfe,0.6782138024357239,Medium priority,low CTR,508.0,0.001968503937007874,7.899606299212598,1.0
2209,client_3f0ce4d44fe94f3d,content_91024b120e968db8,0.6782138024357239,Medium priority,low CTR; weak average position,508.0,0.003937007874015748,18.641732283464567,3.0
2210,client_3f0ce4d44fe94f3d,content_c240c924902c6ce2,0.6782138024357239,Medium priority,low CTR,508.0,0.003937007874015748,5.094488188976378,1.0
2211,client_3f0ce4d44fe94f3d,content_7e2d5b6eae7815d5,0.6782138024357239,Medium priority,low CTR,508.0,0.001968503937007874,1.7322834645669292,1.0
2212,client_9958f0a7ae1df715,content_5fd64c7c54afc6af,0.6782138024357239,Medium priority,low CTR; weak average position,507.0,0.0019723865877712033,13.909270216962526,5.0
2213,client_f623b01661d4bfe4,content_8a3901a8dc5e364d,0.6782138024357239,Medium priority,low CTR; weak average position,505.0,0.0019801980198019802,60.8,1.0
2214,client_0fa64a184f18a4a0,content_44537c717ae0a157,0.6782138024357239,Medium priority,low CTR,503.0,0.003976143141153081,4.916500994035785,1.0
2215,client_3f0ce4d44fe94f3d,content_989938cfa107fc6d,0.6782138024357239,Medium priority,low CTR; weak average position,502.0,0.00199203187250996,14.713147410358566,
2216,client_3f0ce4d44fe94f3d,content_c98df6bbdeece1a5,0.6782138024357239,Medium priority,low CTR; weak average position,501.0,0.001996007984031936,45.77245508982036,1.0
2217,client_9958f0a7ae1df715,content_6f98614699e680e9,0.6782138024357239,Medium priority,low CTR; weak average position,501.0,0.003992015968063872,15.936127744510978,7.0
2218,client_3f0ce4d44fe94f3d,content_bed8486b1ec960cf,0.6782138024357239,Medium priority,low CTR,499.0,0.004008016032064128,8.490981963927856,5.0
2219,client_3f0ce4d44fe94f3d,content_c6a126693e61e162,0.6782138024357239,Medium priority,low CTR,498.0,0.002008032128514056,5.981927710843373,2.0
2220,client_3f0ce4d44fe94f3d,content_8b3ad79e130538a8,0.6782138024357239,Medium priority,low CTR,498.0,0.004016064257028112,5.779116465863454,
2221,client_9958f0a7ae1df715,content_5d517fe3bd29e6b3,0.6782138024357239,Medium priority,low CTR; weak average position,497.0,0.002012072434607646,10.490945674044266,14.0
2222,client_9958f0a7ae1df715,content_5231b5bb7e4a5aae,0.6782138024357239,Medium priority,low CTR; weak average position,497.0,0.004024144869215292,36.2112676056338,2.0
2223,client_2094c6eb080311d5,content_e0789477b83584a5,0.6782138024357239,Medium priority,low CTR,496.0,0.0020161290322580645,7.048387096774194,5.0
2224,client_2094c6eb080311d5,content_fb0da0c2260af393,0.6782138024357239,Medium priority,low CTR,496.0,0.0020161290322580645,3.9778225806451615,2.0
2225,client_0fa64a184f18a4a0,content_8994a9750b6aa65b,0.6782138024357239,Medium priority,low CTR,496.0,0.0020161290322580645,4.965725806451613,2.0
2226,client_3f0ce4d44fe94f3d,content_137c93f12588c4a2,0.6782138024357239,Medium priority,low CTR; weak average position,495.0,0.00404040404040404,19.161616161616163,1.0
2227,client_3f0ce4d44fe94f3d,content_b424421dacd44876,0.6782138024357239,Medium priority,low CTR,495.0,0.00404040404040404,6.098989898989899,1.0
2228,client_2094c6eb080311d5,content_aef4f32dc6613413,0.6782138024357239,Medium priority,low CTR,495.0,0.00202020202020202,5.3232323232323235,6.0
2229,client_3f0ce4d44fe94f3d,content_d1e580d755c6bcba,0.6782138024357239,Medium priority,low CTR,494.0,0.0020242914979757085,7.425101214574899,1.0
2230,client_3f0ce4d44fe94f3d,content_9fcaa08190428df1,0.6782138024357239,Medium priority,low CTR; weak average position,494.0,0.0020242914979757085,26.611336032388664,1.0
2231,client_0fa64a184f18a4a0,content_2306d516366a26f7,0.6782138024357239,Medium priority,low CTR; weak average position,494.0,0.0020242914979757085,11.267206477732794,1.0
2232,client_2094c6eb080311d5,content_11d40255e3034de1,0.6782138024357239,Medium priority,low CTR,494.0,0.0020242914979757085,6.5465587044534415,2.0
2233,client_3f0ce4d44fe94f3d,content_cd31b9027af43847,0.6782138024357239,Medium priority,low CTR,493.0,0.002028397565922921,6.085192697768763,2.0
2234,client_9958f0a7ae1df715,content_a3576b4ae02818fb,0.6782138024357239,Medium priority,low CTR,493.0,0.004056795131845842,9.969574036511156,8.0
2235,client_3f0ce4d44fe94f3d,content_d2e2e51802239b93,0.6782138024357239,Medium priority,low CTR,493.0,0.002028397565922921,6.105476673427992,
2236,client_3f0ce4d44fe94f3d,content_2b8699d1578050ba,0.6782138024357239,Medium priority,low CTR; weak average position,492.0,0.0020325203252032522,11.91260162601626,
2237,client_3f0ce4d44fe94f3d,content_10043fbd09f6d832,0.6782138024357239,Medium priority,low CTR; weak average position,492.0,0.0020325203252032522,21.711382113821138,
2238,client_9958f0a7ae1df715,content_019b9a8f4e71aa0f,0.6782138024357239,Medium priority,low CTR,492.0,0.0040650406504065045,6.987804878048781,5.0
2239,client_3f0ce4d44fe94f3d,content_a633a53d1d8038b0,0.6782138024357239,Medium priority,low CTR,491.0,0.002036659877800407,4.735234215885947,1.0
2240,client_0fa64a184f18a4a0,content_93d5579831a30cd8,0.6782138024357239,Medium priority,low CTR,491.0,0.004073319755600814,2.8676171079429733,3.0
2241,client_2094c6eb080311d5,content_a0abf03abddc30a9,0.6782138024357239,Medium priority,low CTR,491.0,0.002036659877800407,4.912423625254583,1.0
2242,client_2094c6eb080311d5,content_3b4ce7a3af8cc33b,0.6782138024357239,Medium priority,low CTR,490.0,0.0020408163265306124,7.236734693877551,6.0
2243,client_2094c6eb080311d5,content_1ff7b4242122c933,0.6782138024357239,Medium priority,low CTR,490.0,0.004081632653061225,5.238775510204082,3.0
2244,client_0fa64a184f18a4a0,content_8ca38e726d794592,0.6782138024357239,Medium priority,low CTR,490.0,0.004081632653061225,2.8122448979591836,1.0
2245,client_3f0ce4d44fe94f3d,content_13aa78d3cd2503b8,0.6782138024357239,Medium priority,low CTR; weak average position,490.0,0.0020408163265306124,28.73469387755102,
2246,client_3f0ce4d44fe94f3d,content_4b33ba0d1448ea80,0.6782138024357239,Medium priority,low CTR; weak average position,489.0,0.00408997955010225,39.43353783231084,1.0
2247,client_2094c6eb080311d5,content_ed9a364c1b030931,0.6782138024357239,Medium priority,low CTR; weak average position,488.0,0.0020491803278688526,35.85040983606557,2.0
2248,client_3f0ce4d44fe94f3d,content_7a1adcdfc0e84bb4,0.6782138024357239,Medium priority,low CTR,488.0,0.0020491803278688526,4.301229508196721,1.0
2249,client_3f0ce4d44fe94f3d,content_129d651ebcda7696,0.6782138024357239,Medium priority,low CTR; weak average position,488.0,0.0020491803278688526,15.454918032786885,1.0
2250,client_2094c6eb080311d5,content_daa1778bf1a364a1,0.6782138024357239,Medium priority,low CTR; weak average position,488.0,0.004098360655737705,17.487704918032787,2.0
2251,client_3f0ce4d44fe94f3d,content_b273fe16e3354d05,0.6782138024357239,Medium priority,low CTR,487.0,0.004106776180698152,6.8028747433264884,1.0
2252,client_3f0ce4d44fe94f3d,content_c638b8b49c0dac93,0.6782138024357239,Medium priority,low CTR,487.0,0.002053388090349076,3.940451745379877,1.0
2253,client_0fa64a184f18a4a0,content_5e720393e44e3031,0.6782138024357239,Medium priority,low CTR; weak average position,487.0,0.004106776180698152,18.659137577002053,
2254,client_3f0ce4d44fe94f3d,content_84e951c659c7a459,0.6782138024357239,Medium priority,low CTR,486.0,0.00205761316872428,3.0699588477366255,
2255,client_9958f0a7ae1df715,content_53d4ded552027e83,0.6782138024357239,Medium priority,low CTR; weak average position,486.0,0.00411522633744856,13.816872427983538,5.0
2256,client_3f0ce4d44fe94f3d,content_a470a0664d62e5c7,0.6782138024357239,Medium priority,low CTR,486.0,0.00205761316872428,8.748971193415638,2.0
2257,client_2094c6eb080311d5,content_e047ccca4b6bbb66,0.6782138024357239,Medium priority,low CTR; weak average position,485.0,0.002061855670103093,17.171134020618556,1.0
2258,client_3f0ce4d44fe94f3d,content_a117f6478e860021,0.6782138024357239,Medium priority,low CTR,484.0,0.002066115702479339,7.390495867768595,1.0
2259,client_3f0ce4d44fe94f3d,content_964f45597522705a,0.6782138024357239,Medium priority,low CTR,484.0,0.002066115702479339,2.572314049586777,
2260,client_3f0ce4d44fe94f3d,content_dd989a934572eedb,0.6782138024357239,Medium priority,low CTR,483.0,0.002070393374741201,7.995859213250518,1.0
2261,client_3f0ce4d44fe94f3d,content_3e412b1d5bc18ef8,0.6782138024357239,Medium priority,low CTR,482.0,0.004149377593360996,2.9730290456431536,
2262,client_3f0ce4d44fe94f3d,content_6920476ada210c81,0.6782138024357239,Medium priority,low CTR; weak average position,480.0,0.004166666666666667,18.554166666666667,2.0
2263,client_0fa64a184f18a4a0,content_a6e2640fb685fc71,0.6782138024357239,Medium priority,low CTR,479.0,0.0041753653444676405,5.3215031315240084,
2264,client_3f0ce4d44fe94f3d,content_ce080e06a0f7e08c,0.6782138024357239,Medium priority,low CTR,478.0,0.0020920502092050207,4.048117154811716,1.0
2265,client_0fa64a184f18a4a0,content_ce1ffa3b0104fb71,0.6782138024357239,Medium priority,low CTR; weak average position,477.0,0.0041928721174004195,10.566037735849056,1.0
2266,client_2094c6eb080311d5,content_d51e62247b27a1ec,0.6782138024357239,Medium priority,low CTR,476.0,0.004201680672268907,8.59873949579832,5.0
2267,client_0fa64a184f18a4a0,content_eae14065e676d3b7,0.6782138024357239,Medium priority,low CTR,475.0,0.002105263157894737,2.345263157894737,1.0
2268,client_0fa64a184f18a4a0,content_50b363f9bdd26b5e,0.6782138024357239,Medium priority,low CTR,474.0,0.004219409282700422,2.5928270042194095,3.0
2269,client_3f0ce4d44fe94f3d,content_aa2f2d208d721acb,0.6782138024357239,Medium priority,low CTR,474.0,0.004219409282700422,7.238396624472574,1.0
2270,client_3f0ce4d44fe94f3d,content_1184f37ecf409cbb,0.6782138024357239,Medium priority,low CTR; weak average position,474.0,0.002109704641350211,35.16877637130802,1.0
2271,client_0fa64a184f18a4a0,content_2b7d06046c20f975,0.6782138024357239,Medium priority,low CTR,473.0,0.0021141649048625794,0.5856236786469344,1.0
2272,client_2094c6eb080311d5,content_2d1c43f36268cc76,0.6782138024357239,Medium priority,low CTR; weak average position,473.0,0.004228329809725159,13.553911205073996,1.0
2273,client_3f0ce4d44fe94f3d,content_d5324acc9d1d7693,0.6782138024357239,Medium priority,low CTR,473.0,0.0021141649048625794,7.788583509513742,4.0
2274,client_2094c6eb080311d5,content_be9c98794ce4dbfc,0.6782138024357239,Medium priority,low CTR; weak average position,472.0,0.00423728813559322,12.75,5.0
2275,client_9958f0a7ae1df715,content_a3305a194d185303,0.6782138024357239,Medium priority,low CTR; weak average position,472.0,0.00211864406779661,32.32415254237288,2.0
2276,client_0fa64a184f18a4a0,content_b022a6171490c894,0.6782138024357239,Medium priority,low CTR,471.0,0.004246284501061571,4.063694267515924,2.0
2277,client_9958f0a7ae1df715,content_4cfee21dfadec4af,0.6782138024357239,Medium priority,low CTR,471.0,0.0021231422505307855,7.946921443736731,5.0
2278,client_2094c6eb080311d5,content_581f07174d06ffa9,0.6782138024357239,Medium priority,low CTR; weak average position,470.0,0.00425531914893617,21.138297872340427,1.0
2279,client_2094c6eb080311d5,content_8963c526191792a2,0.6782138024357239,Medium priority,low CTR,470.0,0.00425531914893617,8.985106382978723,10.0
2280,client_3f0ce4d44fe94f3d,content_9fad401f0be515fb,0.6782138024357239,Medium priority,low CTR,469.0,0.0042643923240938165,6.452025586353945,
2281,client_3f0ce4d44fe94f3d,content_f80802b56b0c3645,0.6782138024357239,Medium priority,low CTR; weak average position,468.0,0.002136752136752137,35.824786324786324,1.0
2282,client_9958f0a7ae1df715,content_d8db126f8f3148ea,0.6782138024357239,Medium priority,low CTR,468.0,0.002136752136752137,8.557692307692308,14.0
2283,client_2094c6eb080311d5,content_a4358af024086286,0.6782138024357239,Medium priority,low CTR,467.0,0.004282655246252677,8.635974304068522,3.0
2284,client_9958f0a7ae1df715,content_ab7747aa4c264b41,0.6782138024357239,Medium priority,low CTR,466.0,0.002145922746781116,7.545064377682404,4.0
2285,client_3f0ce4d44fe94f3d,content_516bd661af1f6f9e,0.6782138024357239,Medium priority,low CTR,466.0,0.002145922746781116,6.463519313304721,1.0
2286,client_9958f0a7ae1df715,content_17e582ef471f7c8b,0.6782138024357239,Medium priority,low CTR; weak average position,466.0,0.002145922746781116,14.027896995708154,22.0
2287,client_f623b01661d4bfe4,content_f80839c5e08e8591,0.6782138024357239,Medium priority,low CTR; weak average position,466.0,0.002145922746781116,70.20815450643777,0.0
2288,client_9958f0a7ae1df715,content_169bd92bd3bd9a79,0.6782138024357239,Medium priority,low CTR,465.0,0.002150537634408602,9.32258064516129,11.0
2289,client_2094c6eb080311d5,content_514988d823959574,0.6782138024357239,Medium priority,low CTR,464.0,0.004310344827586207,9.969827586206897,3.0
2290,client_0fa64a184f18a4a0,content_8bb5bd365de16fd1,0.6782138024357239,Medium priority,low CTR; weak average position,464.0,0.0021551724137931034,27.872844827586206,1.0
2291,client_0fa64a184f18a4a0,content_003959d7e5063269,0.6782138024357239,Medium priority,low CTR; weak average position,464.0,0.0021551724137931034,10.25,1.0
2292,client_2094c6eb080311d5,content_92fe0cbab4e697af,0.6782138024357239,Medium priority,low CTR,464.0,0.004310344827586207,9.297413793103448,2.0
2293,client_3f0ce4d44fe94f3d,content_df5b13f0002328d8,0.6782138024357239,Medium priority,low CTR,463.0,0.0021598272138228943,9.93304535637149,2.0
2294,client_9958f0a7ae1df715,content_b5491e512f7ce8e9,0.6782138024357239,Medium priority,low CTR; weak average position,463.0,0.0021598272138228943,21.323974082073434,6.0
2295,client_2094c6eb080311d5,content_a10c6637feeef610,0.6782138024357239,Medium priority,low CTR,462.0,0.0021645021645021645,6.203463203463204,7.0
2296,client_2094c6eb080311d5,content_bb2ef52f8487415e,0.6782138024357239,Medium priority,low CTR,462.0,0.004329004329004329,7.731601731601732,4.0
2297,client_9958f0a7ae1df715,content_ed2fde28a6e2f08a,0.6782138024357239,Medium priority,low CTR,462.0,0.0021645021645021645,8.727272727272727,6.0
2298,client_2094c6eb080311d5,content_6e9754792c1bbd7c,0.6782138024357239,Medium priority,low CTR,462.0,0.0021645021645021645,4.852813852813853,1.0
2299,client_2094c6eb080311d5,content_be29a3d31f206c29,0.6782138024357239,Medium priority,low CTR,460.0,0.002173913043478261,7.821739130434783,1.0
2300,client_3f0ce4d44fe94f3d,content_899d1cfeab441a54,0.6782138024357239,Medium priority,low CTR,459.0,0.004357298474945534,5.793028322440088,2.0
2301,client_3f0ce4d44fe94f3d,content_409c320951f4530b,0.6782138024357239,Medium priority,low CTR; weak average position,459.0,0.002178649237472767,11.427015250544663,1.0
2302,client_9958f0a7ae1df715,content_4e2075ce500c657b,0.6782138024357239,Medium priority,low CTR,458.0,0.004366812227074236,7.75764192139738,9.0
2303,client_2094c6eb080311d5,content_5a991a11f3e43860,0.6782138024357239,Medium priority,low CTR; weak average position,458.0,0.004366812227074236,23.683406113537117,5.0
2304,client_3f0ce4d44fe94f3d,content_5cbf9b8194138297,0.6782138024357239,Medium priority,low CTR; weak average position,456.0,0.0021929824561403508,14.960526315789474,1.0
2305,client_2094c6eb080311d5,content_4ceef8d6a429f57b,0.6782138024357239,Medium priority,low CTR; weak average position,456.0,0.0021929824561403508,40.530701754385966,2.0
2306,client_3f0ce4d44fe94f3d,content_8a54555d48ac565c,0.6782138024357239,Medium priority,low CTR; weak average position,455.0,0.004395604395604396,18.25934065934066,2.0
2307,client_2094c6eb080311d5,content_e05bf069aba844f8,0.6782138024357239,Medium priority,low CTR,454.0,0.0022026431718061676,8.93612334801762,1.0
2308,client_2094c6eb080311d5,content_58e7f66f8594bcb1,0.6782138024357239,Medium priority,low CTR,454.0,0.0022026431718061676,6.096916299559472,1.0
2309,client_3f0ce4d44fe94f3d,content_dea04e9b78fd14cb,0.6782138024357239,Medium priority,low CTR,453.0,0.002207505518763797,4.339955849889625,
2310,client_9958f0a7ae1df715,content_d2d13fb0f0dd11c2,0.6782138024357239,Medium priority,low CTR,451.0,0.0022172949002217295,8.560975609756097,1.0
2311,client_2094c6eb080311d5,content_e0ddb025dd377cbd,0.6782138024357239,Medium priority,low CTR,451.0,0.0022172949002217295,5.64079822616408,7.0
2312,client_0fa64a184f18a4a0,content_a494462e8da37fae,0.6782138024357239,Medium priority,low CTR,450.0,0.0022222222222222222,0.8688888888888889,1.0
2313,client_2094c6eb080311d5,content_cbd9116c36a45e5d,0.6782138024357239,Medium priority,low CTR,449.0,0.0022271714922048997,4.997772828507795,1.0
2314,client_9958f0a7ae1df715,content_88180b9798e157df,0.6782138024357239,Medium priority,low CTR; weak average position,449.0,0.0022271714922048997,29.58129175946548,3.0
2315,client_3f0ce4d44fe94f3d,content_dcb0732b0b0121e2,0.6782138024357239,Medium priority,low CTR; weak average position,446.0,0.002242152466367713,24.143497757847534,1.0
2316,client_9958f0a7ae1df715,content_eaac9687d24be91c,0.6782138024357239,Medium priority,low CTR; weak average position,446.0,0.002242152466367713,32.91031390134529,7.0
2317,client_9958f0a7ae1df715,content_5c1369b3c2d0c232,0.6782138024357239,Medium priority,low CTR; weak average position,445.0,0.0022471910112359553,16.21123595505618,5.0
2318,client_f623b01661d4bfe4,content_f380491a7d7a78f8,0.6782138024357239,Medium priority,low CTR; weak average position,444.0,0.0022522522522522522,79.24549549549549,
2319,client_2094c6eb080311d5,content_777c34bb1a4277c8,0.6782138024357239,Medium priority,low CTR; weak average position,442.0,0.0022624434389140274,11.993212669683258,7.0
2320,client_9958f0a7ae1df715,content_c8d419a3d150d491,0.6782138024357239,Medium priority,low CTR; weak average position,442.0,0.0022624434389140274,14.15158371040724,3.0
2321,client_2094c6eb080311d5,content_8a733e5fc55f659d,0.6782138024357239,Medium priority,low CTR; weak average position,441.0,0.0022675736961451248,23.75283446712018,1.0
2322,client_9958f0a7ae1df715,content_063b75a468ef5008,0.6782138024357239,Medium priority,low CTR; weak average position,440.0,0.0022727272727272726,68.01818181818182,2.0
2323,client_2094c6eb080311d5,content_acb7f07572988a6b,0.6782138024357239,Medium priority,low CTR; weak average position,440.0,0.0022727272727272726,21.9,1.0
2324,client_2094c6eb080311d5,content_928a7bacbcc9bcc5,0.6782138024357239,Medium priority,low CTR,440.0,0.0022727272727272726,8.25,1.0
2325,client_2094c6eb080311d5,content_8760a115ec6f8ad4,0.6782138024357239,Medium priority,low CTR; weak average position,438.0,0.00228310502283105,15.9337899543379,4.0
2326,client_2094c6eb080311d5,content_43e3009ba26002bb,0.6782138024357239,Medium priority,low CTR; weak average position,437.0,0.002288329519450801,23.185354691075514,3.0
2327,client_cd12bcfd98942aa1,content_8a8b003f473ac726,0.6782138024357239,Medium priority,low CTR; weak average position,436.0,0.0022935779816513763,17.05045871559633,4.0
2328,client_2094c6eb080311d5,content_1fb1834c3e131456,0.6782138024357239,Medium priority,low CTR; weak average position,436.0,0.0022935779816513763,18.94724770642202,1.0
2329,client_2094c6eb080311d5,content_f939d2e7b317cf8c,0.6782138024357239,Medium priority,low CTR,436.0,0.0022935779816513763,7.947247706422019,1.0
2330,client_9958f0a7ae1df715,content_86774b4c0dd2f85a,0.6782138024357239,Medium priority,low CTR; weak average position,435.0,0.0022988505747126436,48.38850574712644,3.0
2331,client_3f0ce4d44fe94f3d,content_8bb4e8914e0a2e68,0.6782138024357239,Medium priority,low CTR; weak average position,434.0,0.002304147465437788,10.352534562211982,
2332,client_9958f0a7ae1df715,content_177be726f90042e7,0.6782138024357239,Medium priority,low CTR; weak average position,433.0,0.0023094688221709007,13.360277136258661,1.0
2333,client_9958f0a7ae1df715,content_3deea2a8508b9f89,0.6782138024357239,Medium priority,low CTR,432.0,0.0023148148148148147,8.215277777777779,1.0
2334,client_3f0ce4d44fe94f3d,content_ff601e57d8549518,0.6782138024357239,Medium priority,low CTR,431.0,0.002320185614849188,4.5011600928074245,1.0
2335,client_2094c6eb080311d5,content_3e1def226725f0ae,0.6782138024357239,Medium priority,low CTR,425.0,0.002352941176470588,7.016470588235294,3.0
2336,client_9958f0a7ae1df715,content_643b3af178302578,0.6782138024357239,Medium priority,low CTR; weak average position,425.0,0.002352941176470588,11.571764705882353,3.0
2337,client_2094c6eb080311d5,content_0f4833084db5b943,0.6782138024357239,Medium priority,low CTR; weak average position,425.0,0.002352941176470588,35.22352941176471,1.0
2338,client_3f0ce4d44fe94f3d,content_30842ac1fe531b13,0.6782138024357239,Medium priority,low CTR,424.0,0.0023584905660377358,6.160377358490566,1.0
2339,client_3f0ce4d44fe94f3d,content_a1f604bb2d48cf22,0.6782138024357239,Medium priority,low CTR; weak average position,423.0,0.002364066193853428,22.120567375886523,1.0
2340,client_0fa64a184f18a4a0,content_e8bfa62808415bb9,0.6782138024357239,Medium priority,low CTR,421.0,0.0023752969121140144,5.453681710213777,1.0
2341,client_2094c6eb080311d5,content_3fcbb0d60163fe10,0.6782138024357239,Medium priority,low CTR,421.0,0.0023752969121140144,5.852731591448931,4.0
2342,client_0fa64a184f18a4a0,content_47a7a2ee1b8d7a80,0.6782138024357239,Medium priority,low CTR,419.0,0.002386634844868735,2.954653937947494,1.0
2343,client_2094c6eb080311d5,content_a59e3ab3e9a65295,0.6782138024357239,Medium priority,low CTR,419.0,0.002386634844868735,7.780429594272077,7.0
2344,client_0fa64a184f18a4a0,content_635e55adc59538e6,0.6782138024357239,Medium priority,low CTR,417.0,0.002398081534772182,4.014388489208633,2.0
2345,client_2094c6eb080311d5,content_687f73d14b881e2e,0.6782138024357239,Medium priority,low CTR,416.0,0.002403846153846154,6.735576923076923,1.0
2346,client_9958f0a7ae1df715,content_4a07a5c6fe91eddc,0.6782138024357239,Medium priority,low CTR; weak average position,416.0,0.002403846153846154,10.23798076923077,3.0
2347,client_3f0ce4d44fe94f3d,content_1581f68268506eb4,0.6782138024357239,Medium priority,low CTR,415.0,0.0024096385542168677,3.5156626506024096,
2348,client_3f0ce4d44fe94f3d,content_fda50643d38fe61e,0.6782138024357239,Medium priority,low CTR,415.0,0.0024096385542168677,9.951807228915662,1.0
2349,client_2094c6eb080311d5,content_0af1e3ac05ef110a,0.6782138024357239,Medium priority,low CTR,413.0,0.002421307506053269,6.075060532687651,2.0
2350,client_f623b01661d4bfe4,content_69ed5aaa4b13da18,0.6782138024357239,Medium priority,low CTR; weak average position,412.0,0.0024271844660194173,83.34223300970874,4.0
2351,client_9958f0a7ae1df715,content_0885f56fe7bf6787,0.6782138024357239,Medium priority,low CTR,410.0,0.0024390243902439024,7.070731707317073,2.0
2352,client_0fa64a184f18a4a0,content_db142527dbbdf4f3,0.6782138024357239,Medium priority,low CTR,409.0,0.0024449877750611247,2.513447432762836,1.0
2353,client_3f0ce4d44fe94f3d,content_7291c163cadba899,0.6782138024357239,Medium priority,low CTR; weak average position,409.0,0.0024449877750611247,13.515892420537897,1.0
2354,client_9958f0a7ae1df715,content_5c90e6f8148027ea,0.6782138024357239,Medium priority,low CTR; weak average position,409.0,0.0024449877750611247,16.381418092909534,5.0
2355,client_2094c6eb080311d5,content_610b0c06170b2b65,0.6782138024357239,Medium priority,low CTR,408.0,0.0024509803921568627,6.96078431372549,12.0
2356,client_2094c6eb080311d5,content_e3bb3585d31ca1a5,0.6782138024357239,Medium priority,low CTR; weak average position,408.0,0.0024509803921568627,21.193627450980394,2.0
2357,client_3f0ce4d44fe94f3d,content_f760bf0a2daba5c5,0.6782138024357239,Medium priority,low CTR; weak average position,407.0,0.002457002457002457,30.742014742014742,1.0
2358,client_3f0ce4d44fe94f3d,content_dba9bc8579ad7406,0.6782138024357239,Medium priority,low CTR,406.0,0.0024630541871921183,3.70935960591133,
2359,client_9958f0a7ae1df715,content_8b1f6d79ddf1281d,0.6782138024357239,Medium priority,low CTR,405.0,0.0024691358024691358,7.362962962962963,2.0
2360,client_3f0ce4d44fe94f3d,content_464d06a4eca99f9a,0.6782138024357239,Medium priority,low CTR,404.0,0.0024752475247524753,5.621287128712871,1.0
2361,client_2094c6eb080311d5,content_3c62c335c94863a9,0.6782138024357239,Medium priority,low CTR,404.0,0.0024752475247524753,6.767326732673268,5.0
2362,client_9958f0a7ae1df715,content_9758aa1eda8d549c,0.6782138024357239,Medium priority,low CTR; weak average position,404.0,0.0024752475247524753,30.326732673267326,1.0
2363,client_9958f0a7ae1df715,content_8121838afece1c44,0.6782138024357239,Medium priority,low CTR,404.0,0.0024752475247524753,8.455445544554456,4.0
2364,client_9958f0a7ae1df715,content_940c172c4ef7f82e,0.6782138024357239,Medium priority,low CTR; weak average position,403.0,0.0024813895781637717,19.31017369727047,1.0
2365,client_2094c6eb080311d5,content_cf0115fe509e3fe2,0.6782138024357239,Medium priority,low CTR,403.0,0.0024813895781637717,9.513647642679901,1.0
2366,client_2094c6eb080311d5,content_057297aba3b40b25,0.6782138024357239,Medium priority,low CTR,401.0,0.0024937655860349127,6.127182044887781,4.0
2367,client_3f0ce4d44fe94f3d,content_ce6d18b62c6979ea,0.6782138024357239,Medium priority,low CTR; weak average position,401.0,0.0024937655860349127,10.897755610972569,1.0
2368,client_3f0ce4d44fe94f3d,content_0bf78188b3ec638b,0.6782138024357239,Medium priority,low CTR,400.0,0.0025,5.31,
2369,client_3f0ce4d44fe94f3d,content_c46601f2575d7f36,0.6782138024357239,Medium priority,low CTR,400.0,0.0025,4.7825,
2370,client_3f0ce4d44fe94f3d,content_6708878ebc237e87,0.6782138024357239,Medium priority,low CTR,398.0,0.002512562814070352,4.449748743718593,1.0
2371,client_9958f0a7ae1df715,content_1f077db9c1147785,0.6782138024357239,Medium priority,low CTR; weak average position,398.0,0.002512562814070352,16.77889447236181,2.0
2372,client_cd12bcfd98942aa1,content_40eaf0c0f38f2d3d,0.6782138024357239,Medium priority,low CTR,397.0,0.0025188916876574307,4.7707808564231735,2.0
2373,client_9958f0a7ae1df715,content_810cf06597918291,0.6782138024357239,Medium priority,low CTR,397.0,0.0025188916876574307,9.690176322418136,42.0
2374,client_3f0ce4d44fe94f3d,content_b86c908b8a7db3e1,0.6782138024357239,Medium priority,low CTR; weak average position,397.0,0.0025188916876574307,22.292191435768263,1.0
2375,client_9958f0a7ae1df715,content_31cfac2a93601558,0.6782138024357239,Medium priority,low CTR; weak average position,397.0,0.0025188916876574307,36.16372795969773,11.0
2376,client_3f0ce4d44fe94f3d,content_7e2baa4d988841bb,0.6782138024357239,Medium priority,low CTR,396.0,0.0025252525252525255,6.325757575757576,3.0
2377,client_9958f0a7ae1df715,content_0c1b7037604ed7ff,0.6782138024357239,Medium priority,low CTR; weak average position,396.0,0.0025252525252525255,15.984848484848484,1.0
2378,client_9958f0a7ae1df715,content_069657bc07b267d2,0.6782138024357239,Medium priority,low CTR; weak average position,396.0,0.0025252525252525255,30.944444444444443,1.0
2379,client_2094c6eb080311d5,content_26c54e5d43405dab,0.6782138024357239,Medium priority,low CTR; weak average position,395.0,0.002531645569620253,13.686075949367089,3.0
2380,client_3f0ce4d44fe94f3d,content_099b23765f35da16,0.6782138024357239,Medium priority,low CTR,395.0,0.002531645569620253,6.351898734177215,1.0
2381,client_3f0ce4d44fe94f3d,content_2f7a46ca399a7361,0.6782138024357239,Medium priority,low CTR,393.0,0.002544529262086514,8.768447837150127,1.0
2382,client_3f0ce4d44fe94f3d,content_b2a54c7fb9d2f50a,0.6782138024357239,Medium priority,low CTR,392.0,0.002551020408163265,4.375,1.0
2383,client_3f0ce4d44fe94f3d,content_24273148fdd605f2,0.6782138024357239,Medium priority,low CTR,389.0,0.002570694087403599,3.5167095115681235,
2384,client_3f0ce4d44fe94f3d,content_c84277a453ecdb0a,0.6782138024357239,Medium priority,low CTR; weak average position,389.0,0.002570694087403599,14.591259640102828,1.0
2385,client_9958f0a7ae1df715,content_19a6c7dcd3783003,0.6782138024357239,Medium priority,low CTR; weak average position,388.0,0.002577319587628866,52.670103092783506,1.0
2386,client_cd12bcfd98942aa1,content_020fd3cf066c4b36,0.6782138024357239,Medium priority,low CTR; weak average position,386.0,0.0025906735751295338,11.349740932642487,12.0
2387,client_2094c6eb080311d5,content_1457fb756d00e3ca,0.6782138024357239,Medium priority,low CTR; weak average position,386.0,0.0025906735751295338,24.318652849740932,1.0
2388,client_3f0ce4d44fe94f3d,content_37e726d584de0401,0.6782138024357239,Medium priority,low CTR,386.0,0.0025906735751295338,4.9404145077720205,1.0
2389,client_3f0ce4d44fe94f3d,content_48b240bf5ff5420e,0.6782138024357239,Medium priority,low CTR; weak average position,386.0,0.0025906735751295338,30.264248704663213,1.0
2390,client_2094c6eb080311d5,content_b2e4a8131bf90741,0.6782138024357239,Medium priority,low CTR,385.0,0.0025974025974025974,7.761038961038961,13.0
2391,client_3f0ce4d44fe94f3d,content_fc6b2dd5353d0efb,0.6782138024357239,Medium priority,low CTR; weak average position,384.0,0.0026041666666666665,14.7578125,
2392,client_2094c6eb080311d5,content_6807a758bd0affa1,0.6782138024357239,Medium priority,low CTR; weak average position,384.0,0.0026041666666666665,28.119791666666668,2.0
2393,client_3f0ce4d44fe94f3d,content_4b5ae25e18fcb56b,0.6782138024357239,Medium priority,low CTR,383.0,0.0026109660574412533,7.164490861618799,2.0
2394,client_9958f0a7ae1df715,content_020a413eb0875550,0.6782138024357239,Medium priority,low CTR; weak average position,380.0,0.002631578947368421,12.044736842105262,1.0
2395,client_0fa64a184f18a4a0,content_bf39f92679b651c3,0.6782138024357239,Medium priority,low CTR,380.0,0.002631578947368421,1.605263157894737,2.0
2396,client_0fa64a184f18a4a0,content_f0a77d6d043c30b5,0.6782138024357239,Medium priority,low CTR,380.0,0.002631578947368421,0.631578947368421,2.0
2397,client_f623b01661d4bfe4,content_e7141763349a9caa,0.6782138024357239,Medium priority,low CTR; weak average position,379.0,0.002638522427440633,62.65171503957784,1.0
2398,client_2094c6eb080311d5,content_b7a25aa0c54b1640,0.6782138024357239,Medium priority,low CTR; weak average position,378.0,0.0026455026455026454,21.246031746031747,7.0
2399,client_3f0ce4d44fe94f3d,content_729c6fd7c5fdfe03,0.6782138024357239,Medium priority,low CTR,378.0,0.0026455026455026454,6.923280423280423,3.0
2400,client_3f0ce4d44fe94f3d,content_6f51482da57ad9aa,0.6782138024357239,Medium priority,low CTR,377.0,0.002652519893899204,6.665782493368701,
2401,client_e00b29e582949543,content_39a626f10d9b47ef,0.6782138024357239,Medium priority,low CTR,374.0,0.00267379679144385,4.922459893048129,3.0
2402,client_2094c6eb080311d5,content_aa5ee31fd8433a5e,0.6782138024357239,Medium priority,low CTR,373.0,0.002680965147453083,6.498659517426273,4.0
2403,client_9958f0a7ae1df715,content_41d9b34d6018c8e2,0.6782138024357239,Medium priority,low CTR; weak average position,373.0,0.002680965147453083,20.013404825737265,1.0
2404,client_2094c6eb080311d5,content_ab5fd8b8d772cd66,0.6782138024357239,Medium priority,low CTR; weak average position,373.0,0.002680965147453083,15.5656836461126,
2405,client_9958f0a7ae1df715,content_0bc14e913229b647,0.6782138024357239,Medium priority,low CTR; weak average position,373.0,0.002680965147453083,17.040214477211798,2.0
2406,client_3f0ce4d44fe94f3d,content_4a4baafc23414034,0.6782138024357239,Medium priority,low CTR; weak average position,371.0,0.0026954177897574125,11.768194070080863,2.0
2407,client_2094c6eb080311d5,content_787adf943f433e48,0.6782138024357239,Medium priority,low CTR,370.0,0.002702702702702703,7.791891891891892,1.0
2408,client_3f0ce4d44fe94f3d,content_c260e679141556ca,0.6782138024357239,Medium priority,low CTR,369.0,0.0027100271002710027,7.257452574525745,
2409,client_3f0ce4d44fe94f3d,content_33c3bd11f62dfe60,0.6782138024357239,Medium priority,low CTR,367.0,0.0027247956403269754,2.302452316076294,
2410,client_3f0ce4d44fe94f3d,content_0bbd0a4a57654b85,0.6782138024357239,Medium priority,low CTR,367.0,0.0027247956403269754,7.002724795640327,1.0
2411,client_9958f0a7ae1df715,content_990dbbdad4276706,0.6782138024357239,Medium priority,low CTR,367.0,0.0027247956403269754,9.103542234332425,5.0
2412,client_2094c6eb080311d5,content_0c7c1ef8d79e8cce,0.6782138024357239,Medium priority,low CTR,366.0,0.00273224043715847,6.573770491803279,1.0
2413,client_9958f0a7ae1df715,content_f2b741f092b30220,0.6782138024357239,Medium priority,low CTR; weak average position,366.0,0.00273224043715847,74.09562841530055,2.0
2414,client_3f0ce4d44fe94f3d,content_1088d3afc8021482,0.6782138024357239,Medium priority,low CTR; weak average position,366.0,0.00273224043715847,14.778688524590164,
2415,client_2094c6eb080311d5,content_63e481aff9c16210,0.6782138024357239,Medium priority,low CTR,365.0,0.0027397260273972603,7.1726027397260275,2.0
2416,client_9958f0a7ae1df715,content_5fe659b4f91d41fa,0.6782138024357239,Medium priority,low CTR; weak average position,365.0,0.0027397260273972603,13.487671232876712,9.0
2417,client_2094c6eb080311d5,content_2c7c861312733f6f,0.6782138024357239,Medium priority,low CTR; weak average position,365.0,0.0027397260273972603,13.901369863013699,9.0
2418,client_9958f0a7ae1df715,content_e3be602f8a77cdb2,0.6782138024357239,Medium priority,low CTR; weak average position,365.0,0.0027397260273972603,10.002739726027396,2.0
2419,client_2094c6eb080311d5,content_105c5ccf15503807,0.6782138024357239,Medium priority,low CTR,364.0,0.0027472527472527475,8.45054945054945,1.0
2420,client_0fa64a184f18a4a0,content_6b15d9fd888e7652,0.6782138024357239,Medium priority,low CTR,363.0,0.0027548209366391185,5.881542699724518,1.0
2421,client_0fa64a184f18a4a0,content_b854c298da5c507d,0.6782138024357239,Medium priority,low CTR,363.0,0.0027548209366391185,7.6005509641873275,1.0
2422,client_2094c6eb080311d5,content_357c40ba158f8f27,0.6782138024357239,Medium priority,low CTR,361.0,0.002770083102493075,7.157894736842105,3.0
2423,client_0fa64a184f18a4a0,content_8c5db86ba61cc764,0.6782138024357239,Medium priority,low CTR,361.0,0.002770083102493075,4.429362880886426,1.0
2424,client_f623b01661d4bfe4,content_b0f41291e0e01001,0.6782138024357239,Medium priority,low CTR; weak average position,360.0,0.002777777777777778,65.16388888888889,1.0
2425,client_2094c6eb080311d5,content_7bc10bedd4712d7f,0.6782138024357239,Medium priority,low CTR,359.0,0.002785515320334262,8.682451253481894,1.0
2426,client_9958f0a7ae1df715,content_875ebebd0b4b106d,0.6782138024357239,Medium priority,low CTR; weak average position,359.0,0.002785515320334262,20.21727019498607,1.0
2427,client_3f0ce4d44fe94f3d,content_bc6fd296afcfd317,0.6782138024357239,Medium priority,low CTR; weak average position,358.0,0.002793296089385475,20.737430167597765,
2428,client_3f0ce4d44fe94f3d,content_e8ad0a0909d96fad,0.6782138024357239,Medium priority,low CTR,358.0,0.002793296089385475,7.4692737430167595,1.0
2429,client_3f0ce4d44fe94f3d,content_fcd168592f4dbcb7,0.6782138024357239,Medium priority,low CTR; weak average position,358.0,0.002793296089385475,12.935754189944134,1.0
2430,client_3f0ce4d44fe94f3d,content_fae201c0aae26ddf,0.6782138024357239,Medium priority,low CTR; weak average position,358.0,0.002793296089385475,19.287709497206706,2.0
2431,client_3f0ce4d44fe94f3d,content_50fb762a84d8e339,0.6782138024357239,Medium priority,low CTR; weak average position,357.0,0.0028011204481792717,19.92997198879552,1.0
2432,client_9958f0a7ae1df715,content_00d12fab87754f25,0.6782138024357239,Medium priority,low CTR; weak average position,356.0,0.0028089887640449437,15.985955056179776,1.0
2433,client_0fa64a184f18a4a0,content_3551581474bd2901,0.6782138024357239,Medium priority,low CTR,356.0,0.0028089887640449437,1.9353932584269662,3.0
2434,client_2094c6eb080311d5,content_c2bf56ae81ced21a,0.6782138024357239,Medium priority,low CTR,356.0,0.0028089887640449437,8.97191011235955,1.0
2435,client_2094c6eb080311d5,content_ffc9d88c003aa1ab,0.6782138024357239,Medium priority,low CTR,356.0,0.0028089887640449437,7.432584269662922,3.0
2436,client_def0955f7a377868,content_7a683f62a416b984,0.6782138024357239,Medium priority,low CTR; weak average position,355.0,0.0028169014084507044,11.969014084507043,8.0
2437,client_3f0ce4d44fe94f3d,content_797ab2e4b11230bc,0.6782138024357239,Medium priority,low CTR,354.0,0.002824858757062147,3.194915254237288,1.0
2438,client_2094c6eb080311d5,content_7892f3abe126b99b,0.6782138024357239,Medium priority,low CTR; weak average position,354.0,0.002824858757062147,13.293785310734464,1.0
2439,client_3f0ce4d44fe94f3d,content_39a99e7a9957dfc2,0.6782138024357239,Medium priority,low CTR; weak average position,353.0,0.0028328611898017,12.640226628895185,
2440,client_2094c6eb080311d5,content_e4ed6479a3364782,0.6782138024357239,Medium priority,low CTR,351.0,0.002849002849002849,9.17094017094017,1.0
2441,client_9958f0a7ae1df715,content_2fc9da08b8e10033,0.6782138024357239,Medium priority,low CTR; weak average position,351.0,0.002849002849002849,13.216524216524217,3.0
2442,client_3f0ce4d44fe94f3d,content_2d3d149e1a1ba549,0.6782138024357239,Medium priority,low CTR; weak average position,350.0,0.002857142857142857,11.134285714285713,1.0
2443,client_3f0ce4d44fe94f3d,content_1fb701963d15a3f3,0.6782138024357239,Medium priority,low CTR; weak average position,350.0,0.002857142857142857,11.065714285714286,1.0
2444,client_0fa64a184f18a4a0,content_749707468d418010,0.6782138024357239,Medium priority,low CTR,349.0,0.0028653295128939827,4.074498567335244,2.0
2445,client_9958f0a7ae1df715,content_71132c19c1c953fb,0.6782138024357239,Medium priority,low CTR,348.0,0.0028735632183908046,7.445402298850575,8.0
2446,client_0fa64a184f18a4a0,content_ebd699088ccf7224,0.6782138024357239,Medium priority,low CTR,347.0,0.002881844380403458,2.599423631123919,1.0
2447,client_2094c6eb080311d5,content_f8346ea0e228e6f4,0.6782138024357239,Medium priority,low CTR,347.0,0.002881844380403458,6.438040345821325,
2448,client_3f0ce4d44fe94f3d,content_cf7dfa6d00a485f0,0.6782138024357239,Medium priority,low CTR; weak average position,346.0,0.002890173410404624,23.01156069364162,
2449,client_3f0ce4d44fe94f3d,content_ab62f7bd76a9cc0b,0.6782138024357239,Medium priority,low CTR; weak average position,345.0,0.002898550724637681,13.289855072463768,1.0
2450,client_9958f0a7ae1df715,content_8ae03a83cd746bf5,0.6782138024357239,Medium priority,low CTR; weak average position,345.0,0.002898550724637681,23.765217391304347,1.0
2451,client_9958f0a7ae1df715,content_e4851c3e05ab75db,0.6782138024357239,Medium priority,low CTR; weak average position,345.0,0.002898550724637681,12.63768115942029,6.0
2452,client_2094c6eb080311d5,content_b8a5e2e5bfa3f6c6,0.6782138024357239,Medium priority,low CTR,344.0,0.0029069767441860465,7.520348837209302,1.0
2453,client_2094c6eb080311d5,content_d9b3d2809c421db1,0.6782138024357239,Medium priority,low CTR; weak average position,343.0,0.0029154518950437317,53.42565597667638,2.0
2454,client_2094c6eb080311d5,content_383bfdae7593966a,0.6782138024357239,Medium priority,low CTR; weak average position,343.0,0.0029154518950437317,15.542274052478135,9.0
2455,client_3f0ce4d44fe94f3d,content_26357cf5cbc1046a,0.6782138024357239,Medium priority,low CTR,342.0,0.0029239766081871343,8.02046783625731,
2456,client_3f0ce4d44fe94f3d,content_704cd65b0be2194c,0.6782138024357239,Medium priority,low CTR,342.0,0.0029239766081871343,5.286549707602339,1.0
2457,client_2094c6eb080311d5,content_8557ae31cc53d861,0.6782138024357239,Medium priority,low CTR,342.0,0.0029239766081871343,8.75438596491228,1.0
2458,client_9958f0a7ae1df715,content_e14fb9fa5f5d3d3c,0.6782138024357239,Medium priority,low CTR; weak average position,342.0,0.0029239766081871343,13.801169590643275,1.0
2459,client_3f0ce4d44fe94f3d,content_da32f26e8dda56d5,0.6782138024357239,Medium priority,low CTR,342.0,0.0029239766081871343,7.3011695906432745,
2460,client_9958f0a7ae1df715,content_d8373e9f4778b28f,0.6782138024357239,Medium priority,low CTR; weak average position,342.0,0.0029239766081871343,15.312865497076023,5.0
2461,client_2094c6eb080311d5,content_0c92a815f181c521,0.6782138024357239,Medium priority,low CTR,340.0,0.0029411764705882353,7.064705882352941,1.0
2462,client_0fa64a184f18a4a0,content_d60315dd30922a2e,0.6782138024357239,Medium priority,low CTR,340.0,0.0029411764705882353,2.052941176470588,
2463,client_f623b01661d4bfe4,content_c8766d90e10f5c17,0.6782138024357239,Medium priority,low CTR; weak average position,340.0,0.0029411764705882353,84.49411764705883,1.0
2464,client_2094c6eb080311d5,content_2a6f1a73384128db,0.6782138024357239,Medium priority,low CTR; weak average position,339.0,0.0029498525073746312,23.542772861356934,4.0
2465,client_3f0ce4d44fe94f3d,content_06e53096f0631d5e,0.6782138024357239,Medium priority,low CTR,338.0,0.0029585798816568047,5.994082840236686,
2466,client_2094c6eb080311d5,content_cd1a62e174a32802,0.6782138024357239,Medium priority,low CTR,338.0,0.0029585798816568047,9.2396449704142,7.0
2467,client_3f0ce4d44fe94f3d,content_3364db56dce0f8bd,0.6782138024357239,Medium priority,low CTR,338.0,0.0029585798816568047,9.281065088757396,1.0
2468,client_9958f0a7ae1df715,content_2a66a0be615b7f46,0.6782138024357239,Medium priority,low CTR; weak average position,337.0,0.002967359050445104,26.73887240356083,16.0
2469,client_2094c6eb080311d5,content_d7dca536f327eb2f,0.6782138024357239,Medium priority,low CTR,337.0,0.002967359050445104,3.516320474777448,2.0
2470,client_9958f0a7ae1df715,content_c782fa8abd4fce5e,0.6782138024357239,Medium priority,low CTR; weak average position,337.0,0.002967359050445104,62.632047477744806,3.0
2471,client_9958f0a7ae1df715,content_f1ae44fa7ba4ebc0,0.6782138024357239,Medium priority,low CTR; weak average position,337.0,0.002967359050445104,22.931750741839764,1.0
2472,client_9958f0a7ae1df715,content_a499c6a696819aed,0.6782138024357239,Medium priority,low CTR,337.0,0.002967359050445104,9.510385756676557,2.0
2473,client_9958f0a7ae1df715,content_ece73a0cde53ecee,0.6782138024357239,Medium priority,low CTR; weak average position,336.0,0.002976190476190476,15.791666666666666,26.0
2474,client_cd12bcfd98942aa1,content_f589b8ecbec25583,0.6782138024357239,Medium priority,low CTR; weak average position,334.0,0.0029940119760479044,16.802395209580837,4.0
2475,client_2094c6eb080311d5,content_6ed0846738de9190,0.6782138024357239,Medium priority,low CTR; weak average position,334.0,0.0029940119760479044,14.952095808383234,2.0
2476,client_9958f0a7ae1df715,content_1d5fb7350f7e799b,0.6782138024357239,Medium priority,low CTR; weak average position,334.0,0.0029940119760479044,54.73652694610779,3.0
2477,client_9958f0a7ae1df715,content_3a3e193ec1e76e3b,0.6782138024357239,Medium priority,low CTR; weak average position,333.0,0.003003003003003003,12.594594594594595,7.0
2478,client_f623b01661d4bfe4,content_7f8cc7138bd7d149,0.6782138024357239,Medium priority,low CTR,332.0,0.0030120481927710845,7.891566265060241,1.0
2479,client_2094c6eb080311d5,content_d0adf93d84631010,0.6782138024357239,Medium priority,low CTR,332.0,0.0030120481927710845,7.195783132530121,1.0
2480,client_2094c6eb080311d5,content_f6a1ac2609e28c1f,0.6782138024357239,Medium priority,low CTR; weak average position,331.0,0.0030211480362537764,18.65558912386707,4.0
2481,client_9958f0a7ae1df715,content_4ded62082a1e9229,0.6782138024357239,Medium priority,low CTR; weak average position,330.0,0.0030303030303030303,27.884848484848487,7.0
2482,client_3f0ce4d44fe94f3d,content_f55ba99600aa224d,0.6782138024357239,Medium priority,low CTR; weak average position,328.0,0.003048780487804878,17.740853658536587,1.0
2483,client_2094c6eb080311d5,content_2f9332e963472d95,0.6782138024357239,Medium priority,low CTR,328.0,0.003048780487804878,5.054878048780488,7.0
2484,client_2094c6eb080311d5,content_b82733b6a90287c0,0.6782138024357239,Medium priority,low CTR,328.0,0.003048780487804878,5.911585365853658,1.0
2485,client_2094c6eb080311d5,content_4dd766271405aed3,0.6782138024357239,Medium priority,low CTR,327.0,0.0030581039755351682,5.07645259938838,1.0
2486,client_2094c6eb080311d5,content_1f75c2563ed7dad5,0.6782138024357239,Medium priority,low CTR; weak average position,327.0,0.0030581039755351682,40.47094801223242,1.0
2487,client_3f0ce4d44fe94f3d,content_532ea29038ed1212,0.6782138024357239,Medium priority,low CTR,326.0,0.003067484662576687,3.165644171779141,1.0
2488,client_0fa64a184f18a4a0,content_32ffa78134f6ad30,0.6782138024357239,Medium priority,low CTR; weak average position,326.0,0.003067484662576687,31.432515337423315,1.0
2489,client_0fa64a184f18a4a0,content_5252800616f5e984,0.6782138024357239,Medium priority,low CTR,326.0,0.003067484662576687,6.021472392638037,2.0
2490,client_3f0ce4d44fe94f3d,content_6b3f21c5102498fc,0.6782138024357239,Medium priority,low CTR; weak average position,326.0,0.003067484662576687,13.156441717791411,1.0
2491,client_3f0ce4d44fe94f3d,content_a3f66fea00e19080,0.6782138024357239,Medium priority,low CTR,326.0,0.003067484662576687,8.420245398773005,
2492,client_2094c6eb080311d5,content_e4a37ad024a88f05,0.6782138024357239,Medium priority,low CTR,326.0,0.003067484662576687,6.217791411042945,2.0
2493,client_9958f0a7ae1df715,content_203733aa8732019e,0.6782138024357239,Medium priority,low CTR; weak average position,325.0,0.003076923076923077,32.88307692307692,3.0
2494,client_3f0ce4d44fe94f3d,content_a7818c498863ba97,0.6782138024357239,Medium priority,low CTR,324.0,0.0030864197530864196,3.8641975308641974,
2495,client_3f0ce4d44fe94f3d,content_13c48938dae3d1ac,0.6782138024357239,Medium priority,low CTR,324.0,0.0030864197530864196,6.947530864197531,1.0
2496,client_3f0ce4d44fe94f3d,content_06e09bbe26790df1,0.6782138024357239,Medium priority,low CTR,324.0,0.0030864197530864196,7.324074074074074,
2497,client_0fa64a184f18a4a0,content_6636729f3eeb0cf6,0.6782138024357239,Medium priority,low CTR; weak average position,321.0,0.003115264797507788,16.735202492211837,1.0
2498,client_2094c6eb080311d5,content_79946f59c3b99af9,0.6782138024357239,Medium priority,low CTR; weak average position,321.0,0.003115264797507788,22.65109034267913,1.0
2499,client_0fa64a184f18a4a0,content_8a01b976ba602fae,0.6782138024357239,Medium priority,low CTR,321.0,0.003115264797507788,2.292834890965732,1.0
2500,client_0fa64a184f18a4a0,content_8a0fa2253a6d070c,0.6782138024357239,Medium priority,low CTR,321.0,0.003115264797507788,3.470404984423676,
2501,client_2094c6eb080311d5,content_60b09cf2dd8307af,0.6782138024357239,Medium priority,low CTR,320.0,0.003125,6.35625,3.0
2502,client_3f0ce4d44fe94f3d,content_de5bcfd2ddcedde6,0.6782138024357239,Medium priority,low CTR,320.0,0.003125,3.8625,
2503,client_3f0ce4d44fe94f3d,content_53b92f6a974d6b71,0.6782138024357239,Medium priority,low CTR; weak average position,319.0,0.003134796238244514,10.74294670846395,2.0
2504,client_9958f0a7ae1df715,content_116ac514666551c4,0.6782138024357239,Medium priority,low CTR; weak average position,319.0,0.003134796238244514,26.786833855799372,
2505,client_9958f0a7ae1df715,content_56176a74187b0d49,0.6782138024357239,Medium priority,low CTR; weak average position,319.0,0.003134796238244514,10.021943573667711,1.0
2506,client_0fa64a184f18a4a0,content_d9c2baa93324926d,0.6782138024357239,Medium priority,low CTR,319.0,0.003134796238244514,4.70846394984326,1.0
2507,client_2094c6eb080311d5,content_31f1e2f18be3bbae,0.6782138024357239,Medium priority,low CTR,318.0,0.0031446540880503146,9.160377358490566,4.0
2508,client_2094c6eb080311d5,content_7494bafedf712322,0.6782138024357239,Medium priority,low CTR; weak average position,317.0,0.0031545741324921135,10.482649842271293,2.0
2509,client_9958f0a7ae1df715,content_dad1cc1e69479055,0.6782138024357239,Medium priority,low CTR; weak average position,316.0,0.0031645569620253164,15.158227848101266,5.0
2510,client_3f0ce4d44fe94f3d,content_fccc8c9773873a4b,0.6782138024357239,Medium priority,low CTR,316.0,0.0031645569620253164,4.686708860759493,1.0
2511,client_2094c6eb080311d5,content_98e0e4e1a8ae7216,0.6782138024357239,Medium priority,low CTR; weak average position,315.0,0.0031746031746031746,14.012698412698413,4.0
2512,client_9958f0a7ae1df715,content_da74c130c656e16c,0.6782138024357239,Medium priority,low CTR; weak average position,315.0,0.0031746031746031746,15.501587301587302,41.0
2513,client_9958f0a7ae1df715,content_d8d76176124db181,0.6782138024357239,Medium priority,low CTR; weak average position,315.0,0.0031746031746031746,22.082539682539682,1.0
2514,client_3f0ce4d44fe94f3d,content_d217fafaa6fa5173,0.6782138024357239,Medium priority,low CTR; weak average position,315.0,0.0031746031746031746,11.053968253968254,
2515,client_3f0ce4d44fe94f3d,content_61c6277c0bd9adc4,0.6782138024357239,Medium priority,low CTR; weak average position,315.0,0.0031746031746031746,16.057142857142857,1.0
2516,client_2094c6eb080311d5,content_d7d5659bb9263038,0.6782138024357239,Medium priority,low CTR; weak average position,315.0,0.0031746031746031746,13.761904761904763,4.0
2517,client_0fa64a184f18a4a0,content_444930ca44985369,0.6782138024357239,Medium priority,low CTR,314.0,0.0031847133757961785,1.394904458598726,
2518,client_2094c6eb080311d5,content_73f34228f637733e,0.6782138024357239,Medium priority,low CTR; weak average position,313.0,0.003194888178913738,16.64856230031949,6.0
2519,client_9958f0a7ae1df715,content_04435f1d09c82232,0.6782138024357239,Medium priority,low CTR; weak average position,313.0,0.003194888178913738,26.399361022364218,11.0
2520,client_9958f0a7ae1df715,content_08973b85bda54cb0,0.6782138024357239,Medium priority,low CTR; weak average position,312.0,0.003205128205128205,13.487179487179487,5.0
2521,client_0fa64a184f18a4a0,content_ae08e2ad6a416f08,0.6782138024357239,Medium priority,low CTR,311.0,0.003215434083601286,3.594855305466238,1.0
2522,client_3f0ce4d44fe94f3d,content_af98328b0f29cf7b,0.6782138024357239,Medium priority,low CTR; weak average position,311.0,0.003215434083601286,13.562700964630226,
2523,client_9958f0a7ae1df715,content_aea7898a8aa3d31d,0.6782138024357239,Medium priority,low CTR; weak average position,310.0,0.0032258064516129032,21.106451612903225,11.0
2524,client_9958f0a7ae1df715,content_f38580a7a1316122,0.6782138024357239,Medium priority,low CTR; weak average position,310.0,0.0032258064516129032,28.941935483870967,1.0
2525,client_2094c6eb080311d5,content_efc7f414aed10c51,0.6782138024357239,Medium priority,low CTR,309.0,0.003236245954692557,9.177993527508091,4.0
2526,client_2094c6eb080311d5,content_94e80bb8f70ad55c,0.6782138024357239,Medium priority,low CTR,307.0,0.003257328990228013,7.596091205211726,1.0
2527,client_0fa64a184f18a4a0,content_6d009d557c277905,0.6782138024357239,Medium priority,low CTR,307.0,0.003257328990228013,3.791530944625407,1.0
2528,client_2094c6eb080311d5,content_d536329d95c9f3e8,0.6782138024357239,Medium priority,low CTR; weak average position,306.0,0.0032679738562091504,33.431372549019606,2.0
2529,client_0fa64a184f18a4a0,content_7d1f557162587ae7,0.6782138024357239,Medium priority,low CTR,306.0,0.0032679738562091504,0.9705882352941176,1.0
2530,client_2094c6eb080311d5,content_839724890d9498b7,0.6782138024357239,Medium priority,low CTR; weak average position,306.0,0.0032679738562091504,12.516339869281046,
2531,client_3f0ce4d44fe94f3d,content_eb306c8c63fc5101,0.6782138024357239,Medium priority,low CTR,306.0,0.0032679738562091504,9.356209150326798,1.0
2532,client_3f0ce4d44fe94f3d,content_ecc1bd52a173afba,0.6782138024357239,Medium priority,low CTR; weak average position,305.0,0.003278688524590164,22.40327868852459,1.0
2533,client_9958f0a7ae1df715,content_11b184f179dd014a,0.6782138024357239,Medium priority,low CTR; weak average position,305.0,0.003278688524590164,32.072131147540986,1.0
2534,client_9958f0a7ae1df715,content_651b8ba180f9beff,0.6782138024357239,Medium priority,low CTR; weak average position,305.0,0.003278688524590164,13.521311475409837,14.0
2535,client_3f0ce4d44fe94f3d,content_44ca43af5acb9341,0.6782138024357239,Medium priority,low CTR,304.0,0.003289473684210526,8.490131578947368,2.0
2536,client_2094c6eb080311d5,content_5fc1a32e08c9e256,0.6782138024357239,Medium priority,low CTR; weak average position,304.0,0.003289473684210526,10.74671052631579,1.0
2537,client_9958f0a7ae1df715,content_71861be71a5097f7,0.6782138024357239,Medium priority,low CTR; weak average position,303.0,0.0033003300330033004,30.844884488448844,15.0
2538,client_2094c6eb080311d5,content_47bea968d304c369,0.6782138024357239,Medium priority,low CTR; weak average position,303.0,0.0033003300330033004,30.303630363036305,
2539,client_3f0ce4d44fe94f3d,content_feef2fa75aa9bdf9,0.6782138024357239,Medium priority,low CTR; weak average position,302.0,0.0033112582781456954,16.337748344370862,
2540,client_2094c6eb080311d5,content_3f8b71fd8a5c0f56,0.6782138024357239,Medium priority,low CTR; weak average position,302.0,0.0033112582781456954,12.47682119205298,4.0
2541,client_0fa64a184f18a4a0,content_933afefaf4340d06,0.6782138024357239,Medium priority,low CTR,301.0,0.0033222591362126247,3.6843853820598005,1.0
2542,client_2094c6eb080311d5,content_9436d3a4dd6a7ade,0.6782138024357239,Medium priority,low CTR; weak average position,301.0,0.0033222591362126247,20.88704318936877,1.0
2543,client_9958f0a7ae1df715,content_0ac4667ae556e0ec,0.6782138024357239,Medium priority,low CTR; weak average position,301.0,0.0033222591362126247,19.35548172757475,1.0
2544,client_0fa64a184f18a4a0,content_40c8b8a52e6b36da,0.6782138024357239,Medium priority,low CTR,299.0,0.0033444816053511705,6.678929765886288,2.0
2545,client_2094c6eb080311d5,content_e9738423c158a0ce,0.6782138024357239,Medium priority,low CTR; weak average position,299.0,0.0033444816053511705,17.02006688963211,6.0
2546,client_2094c6eb080311d5,content_8d2728393c54bb17,0.6782138024357239,Medium priority,low CTR; weak average position,299.0,0.0033444816053511705,12.066889632107024,2.0
2547,client_2094c6eb080311d5,content_7bf97a7053bd69ef,0.6782138024357239,Medium priority,low CTR; weak average position,298.0,0.003355704697986577,12.741610738255034,1.0
2548,client_3f0ce4d44fe94f3d,content_91e8c090a0be842a,0.6782138024357239,Medium priority,low CTR; weak average position,298.0,0.003355704697986577,36.560402684563755,1.0
2549,client_2094c6eb080311d5,content_c50096a5363504cb,0.6782138024357239,Medium priority,low CTR; weak average position,298.0,0.003355704697986577,11.463087248322148,1.0
2550,client_3f0ce4d44fe94f3d,content_8c34a607dd5eee18,0.6782138024357239,Medium priority,low CTR; weak average position,297.0,0.003367003367003367,14.851851851851851,1.0
2551,client_9958f0a7ae1df715,content_89dc4cff4cd21245,0.6782138024357239,Medium priority,low CTR; weak average position,297.0,0.003367003367003367,43.84511784511785,3.0
2552,client_2094c6eb080311d5,content_b9d9335a73c80e4f,0.6782138024357239,Medium priority,low CTR; weak average position,296.0,0.0033783783783783786,12.493243243243244,11.0
2553,client_0fa64a184f18a4a0,content_812372d7b9eb73e3,0.6782138024357239,Medium priority,low CTR,296.0,0.0033783783783783786,4.283783783783784,1.0
2554,client_9958f0a7ae1df715,content_9ce18dcf8eaa85a8,0.6782138024357239,Medium priority,low CTR; weak average position,296.0,0.0033783783783783786,22.68581081081081,12.0
2555,client_9958f0a7ae1df715,content_ba36170e1c340257,0.6782138024357239,Medium priority,low CTR,296.0,0.0033783783783783786,7.489864864864865,2.0
2556,client_3f0ce4d44fe94f3d,content_487e77455ed36d71,0.6782138024357239,Medium priority,low CTR,295.0,0.003389830508474576,9.60677966101695,2.0
2557,client_0fa64a184f18a4a0,content_e86caf9c15c6f228,0.6782138024357239,Medium priority,low CTR,295.0,0.003389830508474576,6.915254237288136,
2558,client_3f0ce4d44fe94f3d,content_ba70fae5b2222090,0.6782138024357239,Medium priority,low CTR; weak average position,295.0,0.003389830508474576,31.277966101694915,1.0
2559,client_2094c6eb080311d5,content_8ce2eb87bd9c997d,0.6782138024357239,Medium priority,low CTR; weak average position,295.0,0.003389830508474576,38.067796610169495,1.0
2560,client_3f0ce4d44fe94f3d,content_2ef7fa6b770ef8e2,0.6782138024357239,Medium priority,low CTR,294.0,0.003401360544217687,2.95578231292517,
2561,client_3f0ce4d44fe94f3d,content_6c589a6c7158482e,0.6782138024357239,Medium priority,low CTR,293.0,0.0034129692832764505,3.1399317406143346,1.0
2562,client_9958f0a7ae1df715,content_3fa89de2020a2373,0.6782138024357239,Medium priority,low CTR; weak average position,293.0,0.0034129692832764505,14.662116040955631,4.0
2563,client_2094c6eb080311d5,content_66d5bba795f7db41,0.6782138024357239,Medium priority,low CTR; weak average position,292.0,0.003424657534246575,31.10958904109589,2.0
2564,client_cd12bcfd98942aa1,content_9691825b5818081f,0.6782138024357239,Medium priority,low CTR,292.0,0.003424657534246575,9.633561643835616,2.0
2565,client_9958f0a7ae1df715,content_b97d1ab78f73776f,0.6782138024357239,Medium priority,low CTR; weak average position,292.0,0.003424657534246575,20.75,3.0
2566,client_2094c6eb080311d5,content_5a9515c9e50cf068,0.6782138024357239,Medium priority,low CTR,291.0,0.003436426116838488,8.048109965635739,6.0
2567,client_3f0ce4d44fe94f3d,content_ce6b883a62e41163,0.6782138024357239,Medium priority,low CTR,290.0,0.0034482758620689655,5.665517241379311,
2568,client_9958f0a7ae1df715,content_97c66358395d31a8,0.6782138024357239,Medium priority,low CTR; weak average position,290.0,0.0034482758620689655,22.224137931034484,6.0
2569,client_9958f0a7ae1df715,content_f44004e3a32dd118,0.6782138024357239,Medium priority,low CTR; weak average position,289.0,0.0034602076124567475,40.844290657439444,3.0
2570,client_9958f0a7ae1df715,content_72c75707d1121d5a,0.6782138024357239,Medium priority,low CTR; weak average position,289.0,0.0034602076124567475,52.1280276816609,4.0
2571,client_3f0ce4d44fe94f3d,content_76992b12c5291d5c,0.6782138024357239,Medium priority,low CTR; weak average position,289.0,0.0034602076124567475,16.121107266435985,
2572,client_3f0ce4d44fe94f3d,content_d367c674e912e24b,0.6782138024357239,Medium priority,low CTR,289.0,0.0034602076124567475,7.671280276816609,1.0
2573,client_2094c6eb080311d5,content_b8aa7aa352862921,0.6782138024357239,Medium priority,low CTR; weak average position,288.0,0.003472222222222222,22.899305555555557,2.0
2574,client_0fa64a184f18a4a0,content_0ad14779c5439484,0.6782138024357239,Medium priority,low CTR,288.0,0.003472222222222222,4.145833333333333,1.0
2575,client_3f0ce4d44fe94f3d,content_34aae0ff3f4b41c9,0.6782138024357239,Medium priority,low CTR,288.0,0.003472222222222222,3.6909722222222223,
2576,client_3f0ce4d44fe94f3d,content_ea57ddc067408d30,0.6782138024357239,Medium priority,low CTR; weak average position,288.0,0.003472222222222222,62.52777777777778,
2577,client_cd12bcfd98942aa1,content_035437f98a644a1f,0.6782138024357239,Medium priority,low CTR; weak average position,287.0,0.003484320557491289,28.10452961672474,22.0
2578,client_3f0ce4d44fe94f3d,content_049c3cea3e9178ea,0.6782138024357239,Medium priority,low CTR,287.0,0.003484320557491289,1.1986062717770034,1.0
2579,client_9958f0a7ae1df715,content_d515e7f6f85979d9,0.6782138024357239,Medium priority,low CTR; weak average position,285.0,0.0035087719298245615,10.849122807017544,3.0
2580,client_3f0ce4d44fe94f3d,content_b934f7186ff4c33b,0.6782138024357239,Medium priority,low CTR; weak average position,285.0,0.0035087719298245615,18.673684210526314,1.0
2581,client_9958f0a7ae1df715,content_47a1383f047d0f05,0.6782138024357239,Medium priority,low CTR; weak average position,284.0,0.0035211267605633804,41.65492957746479,2.0
2582,client_2094c6eb080311d5,content_7ce18e325095c12b,0.6782138024357239,Medium priority,low CTR,284.0,0.0035211267605633804,9.933098591549296,9.0
2583,client_2094c6eb080311d5,content_84d3be4efb4da3c9,0.6782138024357239,Medium priority,low CTR,284.0,0.0035211267605633804,9.954225352112676,
2584,client_9958f0a7ae1df715,content_20975b17f15c504a,0.6782138024357239,Medium priority,low CTR,284.0,0.0035211267605633804,9.161971830985916,2.0
2585,client_9958f0a7ae1df715,content_31aea7d663b28cef,0.6782138024357239,Medium priority,low CTR; weak average position,283.0,0.0035335689045936395,27.480565371024735,1.0
2586,client_0fa64a184f18a4a0,content_4708f61a9564142a,0.6782138024357239,Medium priority,low CTR; weak average position,283.0,0.0035335689045936395,44.10600706713781,
2587,client_3f0ce4d44fe94f3d,content_40d1ed9eb36a431e,0.6782138024357239,Medium priority,low CTR,282.0,0.0035460992907801418,1.797872340425532,
2588,client_2094c6eb080311d5,content_d176138f1429de59,0.6782138024357239,Medium priority,low CTR,282.0,0.0035460992907801418,2.7092198581560285,
2589,client_0fa64a184f18a4a0,content_87f02a40c8d3b122,0.6782138024357239,Medium priority,low CTR,282.0,0.0035460992907801418,3.549645390070922,1.0
2590,client_def0955f7a377868,content_2c797512681d9fe0,0.6782138024357239,Medium priority,low CTR,281.0,0.0035587188612099642,5.935943060498221,6.0
2591,client_0fa64a184f18a4a0,content_e043e0fba3e4ad96,0.6782138024357239,Medium priority,low CTR,280.0,0.0035714285714285713,4.675,1.0
2592,client_2094c6eb080311d5,content_cf1bf04e78b2470e,0.6782138024357239,Medium priority,low CTR,280.0,0.0035714285714285713,5.103571428571429,10.0
2593,client_2094c6eb080311d5,content_f2a7626050761327,0.6782138024357239,Medium priority,low CTR,280.0,0.0035714285714285713,9.332142857142857,1.0
2594,client_f623b01661d4bfe4,content_46ad753b44ed3c58,0.6782138024357239,Medium priority,low CTR; weak average position,279.0,0.0035842293906810036,72.41218637992831,1.0
2595,client_2094c6eb080311d5,content_5658ad56a7f4574a,0.6782138024357239,Medium priority,low CTR; weak average position,279.0,0.0035842293906810036,21.75627240143369,1.0
2596,client_9958f0a7ae1df715,content_57dcb1a1fdbefd16,0.6782138024357239,Medium priority,low CTR; weak average position,279.0,0.0035842293906810036,11.193548387096774,2.0
2597,client_0fa64a184f18a4a0,content_1a9e2918e930bd25,0.6782138024357239,Medium priority,low CTR; weak average position,277.0,0.0036101083032490976,20.223826714801444,1.0
2598,client_0fa64a184f18a4a0,content_9dc1790f19ce72e0,0.6782138024357239,Medium priority,low CTR,277.0,0.0036101083032490976,9.234657039711191,1.0
2599,client_0fa64a184f18a4a0,content_906936f888058022,0.6782138024357239,Medium priority,low CTR,277.0,0.0036101083032490976,1.2671480144404332,1.0
2600,client_0fa64a184f18a4a0,content_b2b887ddd2277769,0.6782138024357239,Medium priority,low CTR,276.0,0.0036231884057971015,3.9927536231884058,
2601,client_9958f0a7ae1df715,content_99ec93498fd2ac69,0.6782138024357239,Medium priority,low CTR; weak average position,276.0,0.0036231884057971015,24.579710144927535,1.0
2602,client_2094c6eb080311d5,content_95361fc574fea9ac,0.6782138024357239,Medium priority,low CTR,275.0,0.0036363636363636364,6.778181818181818,6.0
2603,client_2094c6eb080311d5,content_86e0a0412f8d82ff,0.6782138024357239,Medium priority,low CTR; weak average position,274.0,0.0036496350364963502,28.16058394160584,2.0
2604,client_2094c6eb080311d5,content_a3c1e1e17c773ef6,0.6782138024357239,Medium priority,low CTR,274.0,0.0036496350364963502,7.675182481751825,3.0
2605,client_0fa64a184f18a4a0,content_58c7a77f12d48fde,0.6782138024357239,Medium priority,low CTR,273.0,0.003663003663003663,2.89010989010989,
2606,client_9958f0a7ae1df715,content_bbde5a0113326711,0.6782138024357239,Medium priority,low CTR; weak average position,273.0,0.003663003663003663,15.175824175824175,1.0
2607,client_cd12bcfd98942aa1,content_455b053f5c655f15,0.6782138024357239,Medium priority,low CTR; weak average position,272.0,0.003676470588235294,28.448529411764707,2.0
2608,client_2094c6eb080311d5,content_06a03c262e45c808,0.6782138024357239,Medium priority,low CTR,272.0,0.003676470588235294,7.25,4.0
2609,client_3f0ce4d44fe94f3d,content_a67118a4f67f9d2d,0.6782138024357239,Medium priority,low CTR,272.0,0.003676470588235294,6.455882352941177,1.0
2610,client_2094c6eb080311d5,content_db87091fcb1453c2,0.6782138024357239,Medium priority,low CTR; weak average position,271.0,0.0036900369003690036,19.96678966789668,1.0
2611,client_3f0ce4d44fe94f3d,content_c18eb991923c9bcf,0.6782138024357239,Medium priority,low CTR; weak average position,271.0,0.0036900369003690036,22.084870848708487,
2612,client_2094c6eb080311d5,content_9edef400e28322a9,0.6782138024357239,Medium priority,low CTR,271.0,0.0036900369003690036,3.959409594095941,2.0
2613,client_9958f0a7ae1df715,content_579061061abdf187,0.6782138024357239,Medium priority,low CTR,270.0,0.003703703703703704,5.344444444444444,2.0
2614,client_9958f0a7ae1df715,content_bce2590d3ca7f1e6,0.6782138024357239,Medium priority,low CTR; weak average position,270.0,0.003703703703703704,37.78888888888889,1.0
2615,client_9958f0a7ae1df715,content_8fff79de5fe01f08,0.6782138024357239,Medium priority,low CTR; weak average position,270.0,0.003703703703703704,37.25185185185185,2.0
2616,client_0fa64a184f18a4a0,content_af78c68e18bc0fc8,0.6782138024357239,Medium priority,low CTR,270.0,0.003703703703703704,4.388888888888889,1.0
2617,client_2094c6eb080311d5,content_82f40eeb752f8763,0.6782138024357239,Medium priority,low CTR,270.0,0.003703703703703704,8.366666666666667,2.0
2618,client_9958f0a7ae1df715,content_d87acbcda869b801,0.6782138024357239,Medium priority,low CTR; weak average position,269.0,0.0037174721189591076,10.029739776951672,5.0
2619,client_2094c6eb080311d5,content_8a47a418c2fd9909,0.6782138024357239,Medium priority,low CTR,268.0,0.0037313432835820895,6.432835820895522,1.0
2620,client_3f0ce4d44fe94f3d,content_6ffc17cffca8f06b,0.6782138024357239,Medium priority,low CTR,267.0,0.003745318352059925,4.01123595505618,1.0
2621,client_2094c6eb080311d5,content_67906822bc257b22,0.6782138024357239,Medium priority,low CTR; weak average position,267.0,0.003745318352059925,10.393258426966293,1.0
2622,client_2094c6eb080311d5,content_6978011e4853dd91,0.6782138024357239,Medium priority,low CTR; weak average position,266.0,0.0037593984962406013,25.007518796992482,1.0
2623,client_3f0ce4d44fe94f3d,content_f475129e3382411d,0.6782138024357239,Medium priority,low CTR; weak average position,266.0,0.0037593984962406013,14.718045112781954,1.0
2624,client_2094c6eb080311d5,content_bea462dc91025782,0.6782138024357239,Medium priority,low CTR; weak average position,266.0,0.0037593984962406013,19.845864661654137,1.0
2625,client_2094c6eb080311d5,content_4f08aa5bd9e4975d,0.6782138024357239,Medium priority,low CTR,265.0,0.0037735849056603774,8.377358490566039,1.0
2626,client_0fa64a184f18a4a0,content_1f62afc174919e27,0.6782138024357239,Medium priority,low CTR,265.0,0.0037735849056603774,6.233962264150944,1.0
2627,client_9958f0a7ae1df715,content_c312bf288d781c2c,0.6782138024357239,Medium priority,low CTR; weak average position,265.0,0.0037735849056603774,15.520754716981132,11.0
2628,client_0fa64a184f18a4a0,content_ef1d8c67b7b5823b,0.6782138024357239,Medium priority,low CTR,264.0,0.003787878787878788,4.1856060606060606,1.0
2629,client_3f0ce4d44fe94f3d,content_17ff08f39d6515bd,0.6782138024357239,Medium priority,low CTR,264.0,0.003787878787878788,6.71969696969697,
2630,client_2094c6eb080311d5,content_874888be609441c4,0.6782138024357239,Medium priority,low CTR,263.0,0.0038022813688212928,5.7072243346007605,3.0
2631,client_3f0ce4d44fe94f3d,content_4f7ef0266d1a8cfc,0.6782138024357239,Medium priority,low CTR; weak average position,263.0,0.0038022813688212928,17.517110266159698,
2632,client_3f0ce4d44fe94f3d,content_c369b38a838982e5,0.6782138024357239,Medium priority,low CTR; weak average position,263.0,0.0038022813688212928,31.03422053231939,1.0
2633,client_9958f0a7ae1df715,content_a4629cbb558e1c4b,0.6782138024357239,Medium priority,low CTR; weak average position,263.0,0.0038022813688212928,10.425855513307985,11.0
2634,client_3f0ce4d44fe94f3d,content_645ff5473de948a6,0.6782138024357239,Medium priority,low CTR,262.0,0.003816793893129771,5.9961832061068705,
2635,client_3f0ce4d44fe94f3d,content_d9b59e5196e17f96,0.6782138024357239,Medium priority,low CTR,262.0,0.003816793893129771,6.683206106870229,
2636,client_2094c6eb080311d5,content_79a2eb519f1c5a45,0.6782138024357239,Medium priority,low CTR; weak average position,262.0,0.003816793893129771,12.473282442748092,4.0
2637,client_9958f0a7ae1df715,content_5afb331382134191,0.6782138024357239,Medium priority,low CTR; weak average position,262.0,0.003816793893129771,25.16793893129771,9.0
2638,client_2094c6eb080311d5,content_573b6cad0b62bac5,0.6782138024357239,Medium priority,low CTR; weak average position,262.0,0.003816793893129771,11.400763358778626,1.0
2639,client_2094c6eb080311d5,content_b81fa6e30d5abb9c,0.6782138024357239,Medium priority,low CTR; weak average position,261.0,0.0038314176245210726,13.18007662835249,3.0
2640,client_2094c6eb080311d5,content_28879f5bc10e4fbb,0.6782138024357239,Medium priority,low CTR,261.0,0.0038314176245210726,4.896551724137931,1.0
2641,client_3f0ce4d44fe94f3d,content_4ff22a883fea1856,0.6782138024357239,Medium priority,low CTR; weak average position,260.0,0.0038461538461538464,15.419230769230769,1.0
2642,client_9958f0a7ae1df715,content_926c8a88f5580f6c,0.6782138024357239,Medium priority,low CTR; weak average position,260.0,0.0038461538461538464,14.192307692307692,
2643,client_3f0ce4d44fe94f3d,content_b8bd509f42aba039,0.6782138024357239,Medium priority,low CTR,260.0,0.0038461538461538464,8.107692307692307,
2644,client_9958f0a7ae1df715,content_60381f357e6b5eb1,0.6782138024357239,Medium priority,low CTR; weak average position,259.0,0.003861003861003861,16.20849420849421,7.0
2645,client_9958f0a7ae1df715,content_bb6f8660cd42f866,0.6782138024357239,Medium priority,low CTR,259.0,0.003861003861003861,9.637065637065637,10.0
2646,client_2094c6eb080311d5,content_6262a31987c443c8,0.6782138024357239,Medium priority,low CTR; weak average position,258.0,0.003875968992248062,24.996124031007753,1.0
2647,client_9958f0a7ae1df715,content_209a18069caa69ba,0.6782138024357239,Medium priority,low CTR; weak average position,258.0,0.003875968992248062,38.31782945736434,4.0
2648,client_9958f0a7ae1df715,content_0d3ab712a41c6260,0.6782138024357239,Medium priority,low CTR,258.0,0.003875968992248062,7.813953488372093,1.0
2649,client_2094c6eb080311d5,content_83ff46a68cf6c75a,0.6782138024357239,Medium priority,low CTR,258.0,0.003875968992248062,9.127906976744185,5.0
2650,client_2094c6eb080311d5,content_d924e90ae98d02de,0.6782138024357239,Medium priority,low CTR,256.0,0.00390625,9.03515625,2.0
2651,client_2094c6eb080311d5,content_ad6a6f852cd18cc7,0.6782138024357239,Medium priority,low CTR; weak average position,255.0,0.00392156862745098,23.49411764705882,1.0
2652,client_0fa64a184f18a4a0,content_b5e01aec126f1d81,0.6782138024357239,Medium priority,low CTR,255.0,0.00392156862745098,6.988235294117647,1.0
2653,client_9958f0a7ae1df715,content_553df83995407c2e,0.6782138024357239,Medium priority,low CTR; weak average position,254.0,0.003937007874015748,11.377952755905511,3.0
2654,client_0fa64a184f18a4a0,content_38eff4c8a749de62,0.6782138024357239,Medium priority,low CTR,254.0,0.003937007874015748,4.192913385826771,2.0
2655,client_3f0ce4d44fe94f3d,content_ac78b20c9ea5b375,0.6782138024357239,Medium priority,low CTR,254.0,0.003937007874015748,7.125984251968504,2.0
2656,client_3f0ce4d44fe94f3d,content_a19ebfe81afe3f79,0.6782138024357239,Medium priority,low CTR; weak average position,254.0,0.003937007874015748,20.79527559055118,5.0
2657,client_9958f0a7ae1df715,content_0fc1ba8ef9db4854,0.6782138024357239,Medium priority,low CTR,254.0,0.003937007874015748,4.866141732283465,3.0
2658,client_3f0ce4d44fe94f3d,content_98776ac77ff4fb2c,0.6782138024357239,Medium priority,low CTR,253.0,0.003952569169960474,8.91699604743083,1.0
2659,client_3f0ce4d44fe94f3d,content_529b88e03bd8be1a,0.6782138024357239,Medium priority,low CTR,253.0,0.003952569169960474,4.264822134387352,1.0
2660,client_9958f0a7ae1df715,content_f05dfe60360a1166,0.6782138024357239,Medium priority,low CTR; weak average position,253.0,0.003952569169960474,17.91699604743083,7.0
2661,client_9958f0a7ae1df715,content_abee5803731e7a08,0.6782138024357239,Medium priority,low CTR,253.0,0.003952569169960474,5.628458498023716,1.0
2662,client_2094c6eb080311d5,content_c71e61674617b814,0.6782138024357239,Medium priority,low CTR; weak average position,252.0,0.003968253968253968,10.436507936507937,
2663,client_2094c6eb080311d5,content_d23116e3d1e61b77,0.6782138024357239,Medium priority,low CTR,252.0,0.003968253968253968,6.083333333333333,8.0
2664,client_2094c6eb080311d5,content_b5cee6e330d60a71,0.6782138024357239,Medium priority,low CTR,251.0,0.00398406374501992,3.8844621513944224,1.0
2665,client_2094c6eb080311d5,content_9228ed2b408bb887,0.6782138024357239,Medium priority,low CTR,251.0,0.00398406374501992,5.601593625498008,1.0
2666,client_f623b01661d4bfe4,content_fd499895590565e9,0.6782138024357239,Medium priority,low CTR; weak average position,251.0,0.00398406374501992,84.63346613545816,1.0
2667,client_2094c6eb080311d5,content_e531f56e2617a5a1,0.6782138024357239,Medium priority,low CTR,251.0,0.00398406374501992,6.418326693227091,5.0
2668,client_2094c6eb080311d5,content_b0ba2c069837a2ea,0.6782138024357239,Medium priority,low CTR; weak average position,251.0,0.00398406374501992,28.290836653386453,2.0
2669,client_9958f0a7ae1df715,content_83ea16ccc354b74a,0.6782138024357239,Medium priority,low CTR; weak average position,250.0,0.004,52.724,1.0
2670,client_9958f0a7ae1df715,content_5e72715edd823070,0.6782138024357239,Medium priority,low CTR; weak average position,250.0,0.004,59.872,1.0
2671,client_2094c6eb080311d5,content_9bef3b09b8237ee1,0.6782138024357239,Medium priority,low CTR,250.0,0.004,6.596,1.0
2672,client_cd12bcfd98942aa1,content_f0de342ce5e0a53d,0.6782138024357239,Medium priority,low CTR,249.0,0.004016064257028112,5.911646586345381,1.0
2673,client_3f0ce4d44fe94f3d,content_033697fe50ac5200,0.6782138024357239,Medium priority,low CTR; weak average position,249.0,0.004016064257028112,21.309236947791163,1.0
2674,client_0fa64a184f18a4a0,content_d5cb74c95efeb1c4,0.6782138024357239,Medium priority,low CTR,249.0,0.004016064257028112,3.891566265060241,1.0
2675,client_cd12bcfd98942aa1,content_069f59b304dd363a,0.6782138024357239,Medium priority,low CTR; weak average position,249.0,0.004016064257028112,12.369477911646586,3.0
2676,client_0fa64a184f18a4a0,content_f6404becfa266b9a,0.6782138024357239,Medium priority,low CTR,249.0,0.004016064257028112,2.5542168674698793,1.0
2677,client_2094c6eb080311d5,content_f29ba9caa28952b8,0.6782138024357239,Medium priority,low CTR,248.0,0.004032258064516129,5.318548387096774,3.0
2678,client_3f0ce4d44fe94f3d,content_bb9078ad7c76c0ac,0.6782138024357239,Medium priority,low CTR; weak average position,248.0,0.004032258064516129,31.592741935483872,
2679,client_2094c6eb080311d5,content_a41c3865df1101e8,0.6782138024357239,Medium priority,low CTR,248.0,0.004032258064516129,5.971774193548387,1.0
2680,client_2094c6eb080311d5,content_b874e4630b18056c,0.6782138024357239,Medium priority,low CTR; weak average position,247.0,0.004048582995951417,16.182186234817813,3.0
2681,client_2094c6eb080311d5,content_bed5bd5362579a92,0.6782138024357239,Medium priority,low CTR,247.0,0.004048582995951417,7.323886639676114,1.0
2682,client_0fa64a184f18a4a0,content_05aa46fa6fbdfa88,0.6782138024357239,Medium priority,low CTR,247.0,0.004048582995951417,5.178137651821863,1.0
2683,client_3f0ce4d44fe94f3d,content_f5a70f4899514f4e,0.6782138024357239,Medium priority,low CTR,246.0,0.0040650406504065045,3.930894308943089,2.0
2684,client_9958f0a7ae1df715,content_c4d4c5ea789255f5,0.6782138024357239,Medium priority,low CTR; weak average position,246.0,0.0040650406504065045,28.75609756097561,3.0
2685,client_3f0ce4d44fe94f3d,content_395f4bec5565cb86,0.6782138024357239,Medium priority,low CTR; weak average position,246.0,0.0040650406504065045,10.768292682926829,1.0
2686,client_9958f0a7ae1df715,content_d90e9f73a7c8770c,0.6782138024357239,Medium priority,low CTR; weak average position,246.0,0.0040650406504065045,58.23170731707317,1.0
2687,client_9958f0a7ae1df715,content_30da6651e2787dc0,0.6782138024357239,Medium priority,low CTR; weak average position,245.0,0.004081632653061225,13.240816326530613,1.0
2688,client_3f0ce4d44fe94f3d,content_4630ae52ed19d5f4,0.6782138024357239,Medium priority,low CTR; weak average position,245.0,0.004081632653061225,16.93469387755102,1.0
2689,client_2094c6eb080311d5,content_16d07d9e74068bae,0.6782138024357239,Medium priority,low CTR,245.0,0.004081632653061225,5.795918367346939,
2690,client_3f0ce4d44fe94f3d,content_1a2c92830b7c62cb,0.6782138024357239,Medium priority,low CTR,244.0,0.004098360655737705,7.262295081967213,3.0
2691,client_2094c6eb080311d5,content_9bb5c343d93a1755,0.6782138024357239,Medium priority,low CTR; weak average position,244.0,0.004098360655737705,16.450819672131146,3.0
2692,client_3f0ce4d44fe94f3d,content_3e8a2c27892fe75f,0.6782138024357239,Medium priority,low CTR,243.0,0.00411522633744856,7.991769547325103,3.0
2693,client_2094c6eb080311d5,content_5ea3a0e589afd814,0.6782138024357239,Medium priority,low CTR; weak average position,243.0,0.00411522633744856,37.732510288065846,4.0
2694,client_2094c6eb080311d5,content_912275c1b7abcbb1,0.6782138024357239,Medium priority,low CTR; weak average position,242.0,0.004132231404958678,70.1900826446281,2.0
2695,client_3f0ce4d44fe94f3d,content_422eaefcc65ccd94,0.6782138024357239,Medium priority,low CTR,242.0,0.004132231404958678,9.801652892561984,
2696,client_2094c6eb080311d5,content_b016dbd08f7e6a53,0.6782138024357239,Medium priority,low CTR; weak average position,241.0,0.004149377593360996,12.522821576763485,8.0
2697,client_2094c6eb080311d5,content_39e61c5df9843c7d,0.6782138024357239,Medium priority,low CTR,241.0,0.004149377593360996,5.269709543568465,
2698,client_9958f0a7ae1df715,content_14bda9405d7c7a7d,0.6782138024357239,Medium priority,low CTR; weak average position,241.0,0.004149377593360996,10.817427385892117,12.0
2699,client_9958f0a7ae1df715,content_affade085d1b7637,0.6782138024357239,Medium priority,low CTR,241.0,0.004149377593360996,8.12863070539419,1.0
2700,client_9958f0a7ae1df715,content_5177491e13f7b668,0.6782138024357239,Medium priority,low CTR; weak average position,240.0,0.004166666666666667,31.370833333333334,2.0
2701,client_cd12bcfd98942aa1,content_cfc9e3b1d403abd0,0.6782138024357239,Medium priority,low CTR,239.0,0.0041841004184100415,6.2635983263598325,8.0
2702,client_0fa64a184f18a4a0,content_05b00e380fe85f37,0.6782138024357239,Medium priority,low CTR,238.0,0.004201680672268907,2.9411764705882355,1.0
2703,client_9958f0a7ae1df715,content_0293d134383e487c,0.6782138024357239,Medium priority,low CTR,238.0,0.004201680672268907,9.512605042016807,3.0
2704,client_9958f0a7ae1df715,content_92c32d29eba44296,0.6782138024357239,Medium priority,low CTR; weak average position,237.0,0.004219409282700422,19.763713080168777,
2705,client_9958f0a7ae1df715,content_2349ee596974ba6c,0.6782138024357239,Medium priority,low CTR; weak average position,237.0,0.004219409282700422,28.48945147679325,
2706,client_9958f0a7ae1df715,content_24596c453886608e,0.6782138024357239,Medium priority,low CTR; weak average position,237.0,0.004219409282700422,15.632911392405063,5.0
2707,client_9958f0a7ae1df715,content_c0bb60993ae23a60,0.6782138024357239,Medium priority,low CTR; weak average position,237.0,0.004219409282700422,15.29957805907173,3.0
2708,client_9958f0a7ae1df715,content_31814ab23404bb9f,0.6782138024357239,Medium priority,low CTR,236.0,0.00423728813559322,7.5974576271186445,2.0
2709,client_3f0ce4d44fe94f3d,content_3f44714d7a67aae7,0.6782138024357239,Medium priority,low CTR,236.0,0.00423728813559322,3.4788135593220337,2.0
2710,client_3f0ce4d44fe94f3d,content_89242ffc7075c4be,0.6782138024357239,Medium priority,low CTR,236.0,0.00423728813559322,6.610169491525424,
2711,client_0fa64a184f18a4a0,content_c0c2d5ce6f78073c,0.6782138024357239,Medium priority,low CTR,236.0,0.00423728813559322,2.347457627118644,2.0
2712,client_0fa64a184f18a4a0,content_86655024f4af985e,0.6782138024357239,Medium priority,low CTR,235.0,0.00425531914893617,9.391489361702128,1.0
2713,client_3f0ce4d44fe94f3d,content_2c5c9e75190ae0a1,0.6782138024357239,Medium priority,low CTR; weak average position,235.0,0.00425531914893617,19.72340425531915,
2714,client_0fa64a184f18a4a0,content_938982e71a2c173d,0.6782138024357239,Medium priority,low CTR,235.0,0.00425531914893617,4.097872340425532,1.0
2715,client_0fa64a184f18a4a0,content_99ffe79e393286f5,0.6782138024357239,Medium priority,low CTR,234.0,0.004273504273504274,2.1452991452991452,1.0
2716,client_f623b01661d4bfe4,content_0c29f92ee0a6987f,0.6782138024357239,Medium priority,low CTR; weak average position,233.0,0.004291845493562232,65.00858369098712,2.0
2717,client_3f0ce4d44fe94f3d,content_1739182cebcde45b,0.6782138024357239,Medium priority,low CTR,233.0,0.004291845493562232,8.545064377682403,1.0
2718,client_2094c6eb080311d5,content_77bbd35a06f9d766,0.6782138024357239,Medium priority,low CTR,233.0,0.004291845493562232,7.978540772532189,1.0
2719,client_2094c6eb080311d5,content_7f68fc3215efd657,0.6782138024357239,Medium priority,low CTR; weak average position,232.0,0.004310344827586207,21.67241379310345,1.0
2720,client_2094c6eb080311d5,content_6dcd24f19fddfcde,0.6782138024357239,Medium priority,low CTR,232.0,0.004310344827586207,6.637931034482759,
2721,client_2094c6eb080311d5,content_cbea70baa53bf87c,0.6782138024357239,Medium priority,low CTR,232.0,0.004310344827586207,7.620689655172414,7.0
2722,client_9958f0a7ae1df715,content_63a1480f668b1038,0.6782138024357239,Medium priority,low CTR,230.0,0.004347826086956522,8.043478260869565,1.0
2723,client_0fa64a184f18a4a0,content_01e25b04679c58e1,0.6782138024357239,Medium priority,low CTR,228.0,0.0043859649122807015,4.25,
2724,client_3f0ce4d44fe94f3d,content_a92cc1e112fcd95f,0.6782138024357239,Medium priority,low CTR; weak average position,228.0,0.0043859649122807015,10.956140350877194,
2725,client_9958f0a7ae1df715,content_4998cd17a4ef254a,0.6782138024357239,Medium priority,low CTR; weak average position,228.0,0.0043859649122807015,13.478070175438596,4.0
2726,client_3f0ce4d44fe94f3d,content_bca31fd0bb006885,0.6782138024357239,Medium priority,low CTR; weak average position,228.0,0.0043859649122807015,24.68859649122807,1.0
2727,client_3f0ce4d44fe94f3d,content_52bdc3b61b314bba,0.6622596153846154,Medium priority,low CTR; high impressions,22327.0,0.0008957764142070139,8.31419357728311,19.0
2728,client_3f0ce4d44fe94f3d,content_453884ed468172d5,0.6622596153846154,Medium priority,low CTR; high impressions,16261.0,0.0010454461595227845,4.825471988192608,8.0
2729,client_3f0ce4d44fe94f3d,content_3b1aa1bff5199d75,0.6622596153846154,Medium priority,low CTR; high impressions,8982.0,0.00111333778668448,3.140948563794255,4.0
2730,client_3f0ce4d44fe94f3d,content_26f26310fb981bb3,0.6622596153846154,Medium priority,low CTR; high impressions,8775.0,0.0011396011396011395,5.3154415954415954,9.0
2731,client_3f0ce4d44fe94f3d,content_31ea2c45cdc6c46e,0.6622596153846154,Medium priority,low CTR; high impressions; weak average position,7713.0,0.000518604952677298,13.631012576170102,2.0
2732,client_3f0ce4d44fe94f3d,content_bf9b4314bafd390b,0.6622596153846154,Medium priority,low CTR; high impressions; weak average position,6682.0,0.0008979347500748278,15.24468721939539,11.0
2733,client_3f0ce4d44fe94f3d,content_8bcab47e9467f225,0.6622596153846154,Medium priority,low CTR; high impressions,6593.0,0.0009100561201274078,2.4406188381616865,8.0
2734,client_3f0ce4d44fe94f3d,content_4b5016b85e3720f9,0.6622596153846154,Medium priority,low CTR; high impressions; weak average position,6432.0,0.0006218905472636816,10.818252487562189,1.0
2735,client_3f0ce4d44fe94f3d,content_5928d395c7761a06,0.6622596153846154,Medium priority,low CTR; high impressions,5613.0,0.0007126313914127917,4.870657402458578,1.0
2736,client_3f0ce4d44fe94f3d,content_d56e5aa5e76fb768,0.6622596153846154,Medium priority,low CTR; high impressions,5364.0,0.0011185682326621924,4.990119313944818,8.0
2737,client_3f0ce4d44fe94f3d,content_8e1d3dd23977b701,0.6622596153846154,Medium priority,low CTR; high impressions,5027.0,0.0009946290033817386,5.975929978118162,3.0
2738,client_3f0ce4d44fe94f3d,content_6ff45823fa26108b,0.6622596153846154,Medium priority,low CTR; high impressions,4989.0,0.0008017638805371818,5.264982962517538,6.0
2739,client_3f0ce4d44fe94f3d,content_b457e5ac61a123a4,0.6622596153846154,Medium priority,low CTR; high impressions,4884.0,0.0010237510237510238,5.122440622440623,16.0
2740,client_3f0ce4d44fe94f3d,content_356b8a7971f42438,0.6622596153846154,Medium priority,low CTR; high impressions,4743.0,0.0010541851149061775,7.531098460889733,5.0
2741,client_0fa64a184f18a4a0,content_9a4459a8a3b7a514,0.6350155190251753,Medium priority,low CTR; high impressions,28337.0,0.028337509263507074,3.3470374422133604,743.0
2742,client_0fa64a184f18a4a0,content_1478ceb98c064458,0.6350155190251753,Medium priority,low CTR; high impressions,28204.0,0.012409587292582612,1.886611828109488,246.0
2743,client_0fa64a184f18a4a0,content_2db2a9dcb3b62a3a,0.6350155190251753,Medium priority,low CTR; high impressions,23876.0,0.019349974870162507,2.648768637962808,372.0
2744,client_0fa64a184f18a4a0,content_5ebc94f67db6f51c,0.6350155190251753,Medium priority,low CTR; high impressions,21923.0,0.019705332299411578,2.616156547917712,354.0
2745,client_9958f0a7ae1df715,content_5a77dbf5671c5a65,0.6350155190251753,Medium priority,low CTR; high impressions,19657.0,0.010123620084448288,4.559800579946075,168.0
2746,client_0fa64a184f18a4a0,content_bbc8345bb63436e1,0.6350155190251753,Medium priority,low CTR; high impressions,18972.0,0.008117225384777566,2.8458254269449714,135.0
2747,client_0fa64a184f18a4a0,content_e79f8b4c16bbb7e7,0.6350155190251753,Medium priority,low CTR; high impressions,16248.0,0.01864844903988183,2.4047267355982274,280.0
2748,client_f623b01661d4bfe4,content_b5bef91d1b43e20c,0.6350155190251753,Medium priority,low CTR; high impressions,14738.0,0.021373320667661826,8.702401954132176,303.0
2749,client_0fa64a184f18a4a0,content_809ab284e58267ee,0.6350155190251753,Medium priority,low CTR; high impressions,14360.0,0.007172701949860724,4.054735376044568,88.0
2750,client_0fa64a184f18a4a0,content_2bed2c9ce7808050,0.6350155190251753,Medium priority,low CTR; high impressions,13314.0,0.018627009163286766,3.3135796905512995,232.0
2751,client_3f0ce4d44fe94f3d,content_5b0577ed537797f2,0.6350155190251753,Medium priority,low CTR; high impressions,12661.0,0.005370823789590079,5.64860595529579,34.0
2752,client_0fa64a184f18a4a0,content_b8f5b8a603d7b793,0.6350155190251753,Medium priority,low CTR; high impressions,12155.0,0.005183052241875772,3.6965857671740023,54.0
2753,client_0fa64a184f18a4a0,content_1c2c41e319bb7a6a,0.6350155190251753,Medium priority,low CTR; high impressions,11636.0,0.009109659676864902,3.3083533860433136,92.0
2754,client_0fa64a184f18a4a0,content_1a9d67ca2fe0cd32,0.6350155190251753,Medium priority,low CTR; high impressions,11095.0,0.011987381703470032,2.109328526363227,94.0
2755,client_0fa64a184f18a4a0,content_3084163349f42c00,0.6350155190251753,Medium priority,low CTR; high impressions,10924.0,0.009245697546686195,2.71027096301721,81.0
2756,client_3f0ce4d44fe94f3d,content_6098011c8d0d4c01,0.6350155190251753,Medium priority,low CTR; high impressions,10243.0,0.01415600898174363,3.4585570633603435,60.0
2757,client_3f0ce4d44fe94f3d,content_ea56b0ee58a4b633,0.6350155190251753,Medium priority,low CTR; high impressions,10145.0,0.005519960571710202,3.4718580581567275,16.0
2758,client_3f0ce4d44fe94f3d,content_3a26efe9c2ea74b3,0.6350155190251753,Medium priority,low CTR; high impressions,9932.0,0.005436971405557793,3.9301248489730165,42.0
2759,client_2094c6eb080311d5,content_f211a5ac663eecfc,0.6350155190251753,Medium priority,low CTR; high impressions,9716.0,0.01543845203787567,3.40973651708522,179.0
2760,client_3f0ce4d44fe94f3d,content_b2347ac65344f8c0,0.6350155190251753,Medium priority,low CTR; high impressions,9630.0,0.009553478712357217,1.9453790238836968,49.0
2761,client_3f0ce4d44fe94f3d,content_add5631e266a59b6,0.6350155190251753,Medium priority,low CTR; high impressions,9267.0,0.0060429480953922525,4.757742527247221,30.0
2762,client_0fa64a184f18a4a0,content_3e512b141dbab791,0.6350155190251753,Medium priority,low CTR; high impressions,9038.0,0.007745076344323965,2.962712989599469,49.0
2763,client_0fa64a184f18a4a0,content_ccec911c8390e32c,0.6350155190251753,Medium priority,low CTR; high impressions,8795.0,0.013075611142694713,1.7365548607163162,93.0
2764,client_3f0ce4d44fe94f3d,content_9a13341d5adaea3a,0.6350155190251753,Medium priority,low CTR; high impressions,8794.0,0.01046167841710257,2.3062315214919265,19.0
2765,client_f623b01661d4bfe4,content_24a12e5e6a9fa69a,0.6350155190251753,Medium priority,low CTR; high impressions,8571.0,0.007933730019834325,5.3626181309065455,63.0
2766,client_3f0ce4d44fe94f3d,content_d5fa624ac053f599,0.6350155190251753,Medium priority,low CTR; high impressions,8555.0,0.005610753945061367,4.549503214494448,26.0
2767,client_3f0ce4d44fe94f3d,content_923ab6dff2287173,0.6350155190251753,Medium priority,low CTR; high impressions,8368.0,0.005258126195028681,5.295411089866157,31.0
2768,client_0fa64a184f18a4a0,content_b6ccc724dbf6b2f4,0.6350155190251753,Medium priority,low CTR; high impressions,8277.0,0.005074302283436027,3.305183037332367,36.0
2769,client_0fa64a184f18a4a0,content_41b74dfb36bb1dbf,0.6350155190251753,Medium priority,low CTR; high impressions,8075.0,0.006811145510835914,2.181424148606811,43.0
2770,client_0fa64a184f18a4a0,content_5f3d557da57b00eb,0.6350155190251753,Medium priority,low CTR; high impressions,7660.0,0.0195822454308094,1.6607049608355091,141.0
2771,client_0fa64a184f18a4a0,content_9d68b71d4db0feab,0.6350155190251753,Medium priority,low CTR; high impressions,7543.0,0.014052764152194088,2.9049449821026117,86.0
2772,client_0fa64a184f18a4a0,content_9adc0515f370d5e2,0.6350155190251753,Medium priority,low CTR; high impressions,7434.0,0.005246166263115416,1.5211191821361314,31.0
2773,client_0fa64a184f18a4a0,content_d013086a434f0189,0.6350155190251753,Medium priority,low CTR; high impressions,7384.0,0.01895991332611051,2.838163596966414,144.0
2774,client_f623b01661d4bfe4,content_30352f0b93c8b98d,0.6350155190251753,Medium priority,low CTR; high impressions,7238.0,0.015335728101685549,9.435479414202819,102.0
2775,client_0fa64a184f18a4a0,content_698b95593d4d901c,0.6350155190251753,Medium priority,low CTR; high impressions,6785.0,0.0075165806927044955,2.8067796610169493,50.0
2776,client_2094c6eb080311d5,content_c993e8321300464f,0.6350155190251753,Medium priority,low CTR; high impressions,6513.0,0.013818516812528788,5.796407185628743,102.0
2777,client_0fa64a184f18a4a0,content_8bb90978c0a15dfc,0.6350155190251753,Medium priority,low CTR; high impressions,6381.0,0.020059551794389594,1.7644569816643159,110.0
2778,client_3f0ce4d44fe94f3d,content_98340fc603ff3121,0.6350155190251753,Medium priority,low CTR; high impressions,6360.0,0.005974842767295598,4.82562893081761,25.0
2779,client_3f0ce4d44fe94f3d,content_fbd410a0ce9b6c3a,0.6350155190251753,Medium priority,low CTR; high impressions,6330.0,0.014849921011058451,4.6810426540284364,81.0
2780,client_0fa64a184f18a4a0,content_a22c4b10de544444,0.6350155190251753,Medium priority,low CTR; high impressions,6157.0,0.004710086080883547,5.71495858372584,23.0
2781,client_2094c6eb080311d5,content_63eb9381a2e8b5fc,0.6350155190251753,Medium priority,low CTR; high impressions,6051.0,0.006114691786481574,5.450338786977359,49.0
2782,client_0fa64a184f18a4a0,content_8a1803e7d3e159e7,0.6350155190251753,Medium priority,low CTR; high impressions,6037.0,0.015570647672685109,2.0558224283584563,75.0
2783,client_3f0ce4d44fe94f3d,content_bc281de7935e2145,0.6350155190251753,Medium priority,low CTR; high impressions,5956.0,0.008730691739422432,3.0779046339825387,37.0
2784,client_0fa64a184f18a4a0,content_912443e3eea6040a,0.6350155190251753,Medium priority,low CTR; high impressions,5828.0,0.0046328071379547016,2.5348318462594372,21.0
2785,client_f623b01661d4bfe4,content_f2e852c493baaa19,0.6350155190251753,Medium priority,low CTR; high impressions,5806.0,0.028074405787116775,4.824147433689287,152.0
2786,client_0fa64a184f18a4a0,content_2508333a2571c836,0.6350155190251753,Medium priority,low CTR; high impressions,5773.0,0.004503724233500779,3.298978001039321,27.0
2787,client_3f0ce4d44fe94f3d,content_b4bddd10fa21e479,0.6350155190251753,Medium priority,low CTR; high impressions,5747.0,0.009222202888463546,4.45258395684705,42.0
2788,client_0fa64a184f18a4a0,content_d96359f96552241b,0.6350155190251753,Medium priority,low CTR; high impressions,5696.0,0.007373595505617977,2.839712078651685,37.0
2789,client_0fa64a184f18a4a0,content_dcf0cce33f2a6ccb,0.6350155190251753,Medium priority,low CTR; high impressions,5386.0,0.004641663572224285,3.259561826958782,23.0
2790,client_0fa64a184f18a4a0,content_95270eb2dec20363,0.6350155190251753,Medium priority,low CTR; high impressions,5384.0,0.011144130757800892,2.1924219910846956,59.0
2791,client_3f0ce4d44fe94f3d,content_322123507238fc2a,0.6350155190251753,Medium priority,low CTR; high impressions,5366.0,0.008572493477450614,2.6442415206857994,34.0
2792,client_3f0ce4d44fe94f3d,content_ab58df6ca3d1890b,0.6350155190251753,Medium priority,low CTR; high impressions,5193.0,0.009050645099171962,7.42210668207202,25.0
2793,client_0fa64a184f18a4a0,content_38171ee40811d376,0.6350155190251753,Medium priority,low CTR; high impressions,5187.0,0.005590900327742433,1.247541931752458,20.0
2794,client_3f0ce4d44fe94f3d,content_25f1d3a13c966d96,0.6350155190251753,Medium priority,low CTR; high impressions,5110.0,0.005088062622309198,4.077886497064579,15.0
2795,client_3f0ce4d44fe94f3d,content_7020c8f8454d0b0a,0.6350155190251753,Medium priority,low CTR; high impressions,5101.0,0.011370319545187219,1.9325622426975102,49.0
2796,client_3f0ce4d44fe94f3d,content_04f91e333ec11a37,0.6350155190251753,Medium priority,low CTR; high impressions,5098.0,0.006669282071400549,2.019223224794037,22.0
2797,client_0fa64a184f18a4a0,content_6d13f72cb19f941f,0.6350155190251753,Medium priority,low CTR; high impressions,5062.0,0.00691426313709996,3.167325167917819,31.0
2798,client_3f0ce4d44fe94f3d,content_9531fd8ca44aa01f,0.6350155190251753,Medium priority,low CTR; high impressions,5010.0,0.007984031936127744,5.653892215568862,21.0
2799,client_3f0ce4d44fe94f3d,content_33ace637202da564,0.6350155190251753,Medium priority,low CTR; high impressions,4987.0,0.014036494886705435,6.004411469821536,56.0
2800,client_f623b01661d4bfe4,content_a47fd3545d1a68c6,0.6350155190251753,Medium priority,low CTR; high impressions,4925.0,0.018274111675126905,8.20751269035533,90.0
2801,client_3f0ce4d44fe94f3d,content_774f69ba206cc79b,0.6350155190251753,Medium priority,low CTR; high impressions,4856.0,0.005766062602965404,4.3892092257001645,11.0
2802,client_2094c6eb080311d5,content_f4e0818c879c1815,0.6350155190251753,Medium priority,low CTR; high impressions; weak average position,4852.0,0.010305028854080791,10.41323165704864,55.0
2803,client_0fa64a184f18a4a0,content_983ed79e35f71561,0.6350155190251753,Medium priority,low CTR; high impressions,4832.0,0.006622516556291391,7.603269867549669,29.0
2804,client_3f0ce4d44fe94f3d,content_4763ee697fbbff57,0.6350155190251753,Medium priority,low CTR; high impressions,4830.0,0.004968944099378882,3.858592132505176,17.0
2805,client_0fa64a184f18a4a0,content_6f3cec0d16e2df60,0.6350155190251753,Medium priority,low CTR; high impressions,4818.0,0.014113740141137402,1.6722706517227066,48.0
2806,client_2094c6eb080311d5,content_a3de5d2fdfae290d,0.6350155190251753,Medium priority,low CTR; high impressions,4814.0,0.006647278770253427,3.4640631491483176,41.0
2807,client_0fa64a184f18a4a0,content_f1ab7d3961758646,0.6350155190251753,Medium priority,low CTR; high impressions,4693.0,0.007244832729597273,3.1333901555508206,27.0
2808,client_f623b01661d4bfe4,content_ed1bd5af6c187f6f,0.6350155190251753,Medium priority,low CTR; high impressions; weak average position,4687.0,0.013654789844250054,15.640921698314488,60.0
2809,client_3f0ce4d44fe94f3d,content_b78bc913e7da8ebf,0.6350155190251753,Medium priority,low CTR; high impressions,4647.0,0.009898859479233914,1.327307940606843,35.0
2810,client_0fa64a184f18a4a0,content_f3610875912986d7,0.6350155190251753,Medium priority,low CTR; high impressions,4646.0,0.004520017219113216,5.329961256995265,14.0
2811,client_0fa64a184f18a4a0,content_675f171a6f2406d4,0.6350155190251753,Medium priority,low CTR; high impressions,4573.0,0.01137109118740433,2.546905751148043,37.0
2812,client_2094c6eb080311d5,content_b908ad70e6eed353,0.6350155190251753,Medium priority,low CTR; high impressions,4525.0,0.005303867403314917,6.321325966850829,30.0
2813,client_3f0ce4d44fe94f3d,content_5ba04992417e0c4a,0.6350155190251753,Medium priority,low CTR; high impressions,4393.0,0.00933302982016845,5.199863419075802,33.0
2814,client_2094c6eb080311d5,content_91d42f9fbe5b61dd,0.6350155190251753,Medium priority,low CTR; high impressions,4383.0,0.016883413187314626,5.411362080766598,76.0
2815,client_3f0ce4d44fe94f3d,content_4a707719917bae1b,0.6350155190251753,Medium priority,low CTR; high impressions,4341.0,0.0046072333563695,3.0594333102971665,13.0
2816,client_3f0ce4d44fe94f3d,content_7e18d6533b87824d,0.6350155190251753,Medium priority,low CTR; high impressions,4330.0,0.006004618937644342,3.9533487297921477,13.0
2817,client_3f0ce4d44fe94f3d,content_90285d64d16ab92c,0.6350155190251753,Medium priority,low CTR; high impressions,4284.0,0.005835667600373483,3.9166666666666665,13.0
2818,client_0fa64a184f18a4a0,content_50c98fc9745d64a3,0.6350155190251753,Medium priority,low CTR; high impressions; weak average position,4269.0,0.0053876786132583745,19.951510892480673,23.0
2819,client_2094c6eb080311d5,content_f056ea536054170b,0.6350155190251753,Medium priority,low CTR; high impressions,4232.0,0.0222117202268431,4.84617202268431,109.0
2820,client_0fa64a184f18a4a0,content_62e96ff6ad051269,0.6350155190251753,Medium priority,low CTR; high impressions,4145.0,0.005548854041013269,3.6400482509047043,23.0
2821,client_0fa64a184f18a4a0,content_315ed4718f79dac3,0.6350155190251753,Medium priority,low CTR; high impressions,4120.0,0.009951456310679611,3.17378640776699,37.0
2822,client_0fa64a184f18a4a0,content_97894d80f83cd424,0.6350155190251753,Medium priority,low CTR; high impressions,4093.0,0.011971658929880283,1.6320547275836794,44.0
2823,client_3f0ce4d44fe94f3d,content_8f4357cb98c1293a,0.6350155190251753,Medium priority,low CTR; high impressions,4080.0,0.009313725490196078,4.949509803921568,14.0
2824,client_3f0ce4d44fe94f3d,content_e7508b498832a32b,0.6350155190251753,Medium priority,low CTR; high impressions,4043.0,0.008656937917388079,5.434825624536235,22.0
2825,client_3f0ce4d44fe94f3d,content_5c6ea1edcf624d64,0.6350155190251753,Medium priority,low CTR; high impressions,3769.0,0.008490315733616343,6.028654815600955,25.0
2826,client_3f0ce4d44fe94f3d,content_95e01954621cfd20,0.6350155190251753,Medium priority,low CTR; high impressions,3724.0,0.00832438238453276,5.497583243823845,15.0
2827,client_2094c6eb080311d5,content_e8b027107e1c3772,0.6350155190251753,Medium priority,low CTR; high impressions,3691.0,0.009211595773503115,4.875372527770252,49.0
2828,client_3f0ce4d44fe94f3d,content_b238be9d1bfc170b,0.6350155190251753,Medium priority,low CTR; high impressions,3674.0,0.012248230811105062,3.2939575394665215,23.0
2829,client_0fa64a184f18a4a0,content_9b0219cbc64d9eb5,0.6350155190251753,Medium priority,low CTR; high impressions,3673.0,0.012251565477811054,3.954805336237408,37.0
2830,client_3f0ce4d44fe94f3d,content_9c4eebe535255c83,0.6350155190251753,Medium priority,low CTR; high impressions,3648.0,0.004660087719298245,5.610197368421052,11.0
2831,client_0fa64a184f18a4a0,content_899465201e0a703a,0.6350155190251753,Medium priority,low CTR; high impressions,3615.0,0.013831258644536652,2.5676348547717844,37.0
2832,client_3f0ce4d44fe94f3d,content_5ec9667d95093d70,0.6350155190251753,Medium priority,low CTR; high impressions,3594.0,0.0052865887590428495,1.7534780189204229,11.0
2833,client_0fa64a184f18a4a0,content_cd403e2ebcb3a5fe,0.6350155190251753,Medium priority,low CTR; high impressions,3572.0,0.013717805151175811,1.4109742441209407,38.0
2834,client_0fa64a184f18a4a0,content_5b2f41e90b437a45,0.6350155190251753,Medium priority,low CTR; high impressions,3565.0,0.01570827489481066,1.3929873772791024,46.0
2835,client_0fa64a184f18a4a0,content_73d721aab3491246,0.6350155190251753,Medium priority,low CTR; high impressions,3545.0,0.012129760225669958,4.9334273624823695,34.0
2836,client_0fa64a184f18a4a0,content_ce700a8b0edd51be,0.6350155190251753,Medium priority,low CTR; high impressions,3533.0,0.004528729125389187,1.583073874893858,14.0
2837,client_2094c6eb080311d5,content_197639e2f982c3e0,0.6350155190251753,Medium priority,low CTR; high impressions,3530.0,0.00821529745042493,5.288385269121813,39.0
2838,client_0fa64a184f18a4a0,content_4cbcce5ed9efede4,0.6350155190251753,Medium priority,low CTR; high impressions,3442.0,0.018593840790238233,5.039802440441604,55.0
2839,client_2094c6eb080311d5,content_46e82220bfdd3b24,0.6350155190251753,Medium priority,low CTR; high impressions,3439.0,0.004652515266065717,5.740040709508578,20.0
2840,client_0fa64a184f18a4a0,content_d7554fbb856d7d2f,0.6350155190251753,Medium priority,low CTR; high impressions,3402.0,0.013227513227513227,2.569664902998236,38.0
2841,client_3f0ce4d44fe94f3d,content_c0593292acf4c912,0.6350155190251753,Medium priority,low CTR; high impressions,3367.0,0.005049005049005049,4.457974457974458,12.0
2842,client_9958f0a7ae1df715,content_9987be00b8c14a02,0.6350155190251753,Medium priority,low CTR; high impressions,3344.0,0.004485645933014354,7.875,21.0
2843,client_2094c6eb080311d5,content_04ac99d85d1ef698,0.6350155190251753,Medium priority,low CTR; high impressions,3304.0,0.007869249394673124,6.649818401937046,43.0
2844,client_0fa64a184f18a4a0,content_0270d6efccf55d1c,0.6350155190251753,Medium priority,low CTR; high impressions,3297.0,0.004549590536851683,2.284197755535335,16.0
2845,client_2094c6eb080311d5,content_826aa4c1402081ea,0.6350155190251753,Medium priority,low CTR; high impressions,3286.0,0.004564820450395618,7.694157029823494,22.0
2846,client_3f0ce4d44fe94f3d,content_d9b6aceb00d3a1db,0.6350155190251753,Medium priority,low CTR; high impressions,3280.0,0.00548780487804878,1.8301829268292682,14.0
2847,client_0fa64a184f18a4a0,content_fd2582f65690347c,0.6350155190251753,Medium priority,low CTR; high impressions,3223.0,0.023890784982935155,2.738132174992243,59.0
2848,client_0fa64a184f18a4a0,content_37733768d4888f99,0.6350155190251753,Medium priority,low CTR; high impressions,3220.0,0.011490683229813664,2.6559006211180125,30.0
2849,client_3f0ce4d44fe94f3d,content_6296a9f6849b1759,0.6350155190251753,Medium priority,low CTR; high impressions,3219.0,0.005902454178316247,5.091643367505436,9.0
2850,client_3f0ce4d44fe94f3d,content_04df3919c62938b5,0.6350155190251753,Medium priority,low CTR; high impressions,3162.0,0.009171410499683744,5.285895003162556,30.0
2851,client_0fa64a184f18a4a0,content_b96264fb5f79e2cf,0.6350155190251753,Medium priority,low CTR; high impressions,3149.0,0.009209272785011114,2.8174023499523657,26.0
2852,client_3f0ce4d44fe94f3d,content_2e8397845729fc4f,0.6350155190251753,Medium priority,low CTR; high impressions,3103.0,0.0054785691266516275,4.2030293264582665,7.0
2853,client_0fa64a184f18a4a0,content_2a77cc38c70af0b5,0.6350155190251753,Medium priority,low CTR; high impressions,3016.0,0.004973474801061008,7.630636604774536,7.0
2854,client_0fa64a184f18a4a0,content_2ef7c3a5c56762de,0.6350155190251753,Medium priority,low CTR; high impressions,2988.0,0.014390896921017403,2.6485943775100402,49.0
2855,client_0fa64a184f18a4a0,content_475fc99e7282096e,0.6350155190251753,Medium priority,low CTR; high impressions,2945.0,0.007809847198641765,1.5565365025466893,21.0
2856,client_0fa64a184f18a4a0,content_d0a7c6fabb018488,0.6350155190251753,Medium priority,low CTR; high impressions,2914.0,0.004804392587508579,3.417295813315031,11.0
2857,client_3f0ce4d44fe94f3d,content_ddf1782ab8c0a917,0.6350155190251753,Medium priority,low CTR; high impressions,2910.0,0.007216494845360825,4.136769759450172,15.0
2858,client_2094c6eb080311d5,content_84dbfc5b6e61cbce,0.6350155190251753,Medium priority,low CTR; high impressions,2903.0,0.006544953496383052,6.51877368239752,31.0
2859,client_3f0ce4d44fe94f3d,content_8f0e1ff8054a6bab,0.6350155190251753,Medium priority,low CTR; high impressions,2895.0,0.008635578583765112,2.694300518134715,10.0
2860,client_f623b01661d4bfe4,content_369b08251e576487,0.6350155190251753,Medium priority,low CTR; high impressions,2873.0,0.012530455969369997,6.013574660633484,29.0
2861,client_f623b01661d4bfe4,content_204928f1e33d968a,0.6350155190251753,Medium priority,low CTR; high impressions,2860.0,0.01048951048951049,6.073426573426573,26.0
2862,client_2094c6eb080311d5,content_a672e9b991a2b4df,0.6350155190251753,Medium priority,low CTR; high impressions,2795.0,0.011806797853309481,4.807871198568873,50.0
2863,client_3f0ce4d44fe94f3d,content_b3674b9b58c48103,0.6350155190251753,Medium priority,low CTR; high impressions,2781.0,0.004674577490111471,7.6368212873067245,5.0
2864,client_3f0ce4d44fe94f3d,content_f47825d33bfc0d1f,0.6350155190251753,Medium priority,low CTR; high impressions,2753.0,0.006538321830730113,2.09698510715583,8.0
2865,client_3f0ce4d44fe94f3d,content_354ab6eda946606a,0.6350155190251753,Medium priority,low CTR; high impressions,2745.0,0.006557377049180328,4.838979963570128,9.0
2866,client_2094c6eb080311d5,content_4e263f8f4e44599c,0.6350155190251753,Medium priority,low CTR; high impressions,2745.0,0.006557377049180328,6.815300546448087,26.0
2867,client_3f0ce4d44fe94f3d,content_447bfbb29fe8143c,0.6350155190251753,Medium priority,low CTR; high impressions,2741.0,0.005837285662167092,2.4720904779277637,9.0
2868,client_0fa64a184f18a4a0,content_7ef7c3a381d85f23,0.6350155190251753,Medium priority,low CTR; high impressions,2733.0,0.009147457006952067,1.890230515916575,20.0
2869,client_2094c6eb080311d5,content_56abfe0b316edfb4,0.6350155190251753,Medium priority,low CTR; high impressions,2733.0,0.008781558726673985,6.447127698499817,28.0
2870,client_2094c6eb080311d5,content_c5ab466536e114ab,0.6350155190251753,Medium priority,low CTR; high impressions,2712.0,0.012905604719764012,5.942477876106195,36.0
2871,client_0fa64a184f18a4a0,content_89432e9a5853ef1d,0.6350155190251753,Medium priority,low CTR; high impressions,2711.0,0.0066396163777203985,4.6617484323128,15.0
2872,client_0fa64a184f18a4a0,content_d8b8dd9243c65557,0.6350155190251753,Medium priority,low CTR; high impressions,2678.0,0.011202389843166542,1.9346527259148618,27.0
2873,client_3f0ce4d44fe94f3d,content_d6d45b9a69c9d9b6,0.6350155190251753,Medium priority,low CTR; high impressions,2676.0,0.007473841554559043,4.815396113602391,6.0
2874,client_2094c6eb080311d5,content_afbe961f3bde928d,0.6350155190251753,Medium priority,low CTR; high impressions,2675.0,0.005233644859813084,6.807102803738318,20.0
2875,client_3f0ce4d44fe94f3d,content_f3421d514a42dfe6,0.6350155190251753,Medium priority,low CTR; high impressions,2631.0,0.004561003420752566,2.744583808437856,5.0
2876,client_2094c6eb080311d5,content_aac83ce1e3a4787b,0.6350155190251753,Medium priority,low CTR; high impressions,2608.0,0.027223926380368097,4.003450920245399,81.0
2877,client_0fa64a184f18a4a0,content_4a47c216c446bd0d,0.6350155190251753,Medium priority,low CTR; high impressions,2607.0,0.016494054468738015,2.192558496355965,30.0
2878,client_3f0ce4d44fe94f3d,content_fbdc71a9f80f52bd,0.6350155190251753,Medium priority,low CTR; high impressions,2567.0,0.007401636151149201,2.3311258278145695,11.0
2879,client_0fa64a184f18a4a0,content_3510ddda6ece7e5a,0.6350155190251753,Medium priority,low CTR; high impressions,2550.0,0.02862745098039216,2.491764705882353,67.0
2880,client_3f0ce4d44fe94f3d,content_0640f802b090847c,0.6350155190251753,Medium priority,low CTR; high impressions,2549.0,0.009023146331894862,4.414280109846999,16.0
2881,client_2094c6eb080311d5,content_20fadfa242616b0e,0.6350155190251753,Medium priority,low CTR; high impressions,2546.0,0.007855459544383346,8.644147682639435,21.0
2882,client_3f0ce4d44fe94f3d,content_73ea6ca3fa72a532,0.6350155190251753,Medium priority,low CTR; high impressions,2545.0,0.007072691552062868,4.0322200392927305,8.0
2883,client_2094c6eb080311d5,content_c5c4a181718047e6,0.6350155190251753,Medium priority,low CTR; high impressions,2530.0,0.025691699604743084,3.6189723320158103,66.0
2884,client_0fa64a184f18a4a0,content_9ac5d9df627bf6ac,0.6350155190251753,Medium priority,low CTR; high impressions,2527.0,0.00593589236248516,1.448357736446379,15.0
2885,client_3f0ce4d44fe94f3d,content_e574bb05a4d180c1,0.6350155190251753,Medium priority,low CTR; high impressions,2524.0,0.005546751188589541,3.033676703645008,7.0
2886,client_0fa64a184f18a4a0,content_6dab7181cb43fd6b,0.6350155190251753,Medium priority,low CTR; high impressions,2522.0,0.011102299762093577,1.4682791435368754,22.0
2887,client_0fa64a184f18a4a0,content_b510bb6cc5f6c9d7,0.6350155190251753,Medium priority,low CTR; high impressions,2519.0,0.009924573243350537,2.6244541484716155,25.0
2888,client_0fa64a184f18a4a0,content_c5d471bfbe39fa7e,0.6350155190251753,Medium priority,low CTR; high impressions,2508.0,0.007177033492822967,3.3648325358851676,16.0
2889,client_2094c6eb080311d5,content_2175d63fd314d4b4,0.6350155190251753,Medium priority,low CTR; high impressions,2508.0,0.007974481658692184,4.930223285486443,24.0
2890,client_2094c6eb080311d5,content_8e45c08292984254,0.6350155190251753,Medium priority,low CTR; high impressions,2501.0,0.004798080767692923,7.212714914034386,29.0
2891,client_0fa64a184f18a4a0,content_14a3658f8d37a690,0.6350155190251753,Medium priority,low CTR; high impressions,2490.0,0.01646586345381526,2.0879518072289156,36.0
2892,client_2094c6eb080311d5,content_743f25820d00633a,0.6350155190251753,Medium priority,low CTR; high impressions,2490.0,0.00642570281124498,4.939357429718876,31.0
2893,client_0fa64a184f18a4a0,content_e06e51fac4b8a320,0.6350155190251753,Medium priority,low CTR; high impressions,2485.0,0.016901408450704224,1.523943661971831,36.0
2894,client_3f0ce4d44fe94f3d,content_19521ee5b6406a45,0.6350155190251753,Medium priority,low CTR; high impressions,2484.0,0.004428341384863124,4.691626409017713,10.0
2895,client_3f0ce4d44fe94f3d,content_5bbcde4a604b9eac,0.6350155190251753,Medium priority,low CTR; high impressions,2470.0,0.007692307692307693,3.142105263157895,14.0
2896,client_0fa64a184f18a4a0,content_03d0e7e082bff05d,0.6350155190251753,Medium priority,low CTR; high impressions,2465.0,0.01257606490872211,2.1594320486815417,24.0
2897,client_3f0ce4d44fe94f3d,content_531a851ceee0cd97,0.6350155190251753,Medium priority,low CTR; high impressions,2459.0,0.00854005693371289,6.073200488003254,15.0
2898,client_3f0ce4d44fe94f3d,content_55fceafc03feeff6,0.6350155190251753,Medium priority,low CTR; high impressions,2376.0,0.005050505050505051,3.561026936026936,8.0
2899,client_3f0ce4d44fe94f3d,content_6f9a3c8a553d06a4,0.6350155190251753,Medium priority,low CTR; high impressions,2374.0,0.010109519797809604,2.101095197978096,13.0
2900,client_0fa64a184f18a4a0,content_068f29cb110b6cc7,0.6350155190251753,Medium priority,low CTR; high impressions,2364.0,0.012267343485617596,1.3231810490693738,20.0
2901,client_2094c6eb080311d5,content_ebe8fbba5e7700fc,0.6350155190251753,Medium priority,low CTR; high impressions,2364.0,0.01988155668358714,2.1518612521150593,47.0
2902,client_3f0ce4d44fe94f3d,content_47f4566129f04dbd,0.6350155190251753,Medium priority,low CTR; high impressions,2363.0,0.008040626322471435,3.4168429961912823,11.0
2903,client_0fa64a184f18a4a0,content_349deeb2db8bf0a6,0.6350155190251753,Medium priority,low CTR; high impressions,2354.0,0.007221750212404418,4.430756159728122,16.0
2904,client_3f0ce4d44fe94f3d,content_fc778e4ecf71c93a,0.6350155190251753,Medium priority,low CTR; high impressions,2346.0,0.008951406649616368,4.913895993179881,14.0
2905,client_3f0ce4d44fe94f3d,content_fb4db0dc60beb167,0.6350155190251753,Medium priority,low CTR; high impressions,2340.0,0.00641025641025641,2.226068376068376,7.0
2906,client_3f0ce4d44fe94f3d,content_e66757aa8d3eb590,0.6350155190251753,Medium priority,low CTR; high impressions,2318.0,0.00819672131147541,5.328300258843831,19.0
2907,client_0fa64a184f18a4a0,content_803d9045146778d0,0.6350155190251753,Medium priority,low CTR; high impressions,2302.0,0.009556907037358819,4.97002606429192,18.0
2908,client_3f0ce4d44fe94f3d,content_3e3faf3e203f7eaf,0.6350155190251753,Medium priority,low CTR; high impressions,2295.0,0.008278867102396514,1.5167755991285403,14.0
2909,client_0fa64a184f18a4a0,content_4f3b3f4265fc81b3,0.6350155190251753,Medium priority,low CTR; high impressions,2291.0,0.006983849847228284,1.9131383675250981,17.0
2910,client_3f0ce4d44fe94f3d,content_421dec1a5825ab1e,0.6350155190251753,Medium priority,low CTR; high impressions,2290.0,0.011353711790393014,5.726200873362445,16.0
2911,client_0fa64a184f18a4a0,content_790f4d08aff8182c,0.6350155190251753,Medium priority,low CTR; high impressions,2275.0,0.01098901098901099,7.352967032967033,24.0
2912,client_3f0ce4d44fe94f3d,content_ad7f0f89a140bba2,0.6350155190251753,Medium priority,low CTR; high impressions,2272.0,0.009242957746478873,2.141725352112676,10.0
2913,client_0fa64a184f18a4a0,content_5ed1ed9e2285cfee,0.6350155190251753,Medium priority,low CTR; high impressions,2271.0,0.0048436811977102595,2.6041391457507705,11.0
2914,client_2094c6eb080311d5,content_337d79022dffea47,0.6350155190251753,Medium priority,low CTR; high impressions; weak average position,2270.0,0.0052863436123348016,22.79955947136564,26.0
2915,client_3f0ce4d44fe94f3d,content_863ff56e5d55ddf1,0.6350155190251753,Medium priority,low CTR; high impressions,2268.0,0.009259259259259259,5.996913580246914,18.0
2916,client_0fa64a184f18a4a0,content_43b63cc2e433353b,0.6350155190251753,Medium priority,low CTR; high impressions,2257.0,0.005316792202038104,4.039432875498449,9.0
2917,client_3f0ce4d44fe94f3d,content_e59c971355b2afc3,0.6350155190251753,Medium priority,low CTR; high impressions,2254.0,0.006211180124223602,7.828305235137533,9.0
2918,client_f623b01661d4bfe4,content_7b50820e76b1a006,0.6350155190251753,Medium priority,low CTR; high impressions; weak average position,2243.0,0.04592064199732501,29.10833704859563,98.0
2919,client_0fa64a184f18a4a0,content_6f477b9c04d171d9,0.6350155190251753,Medium priority,low CTR; high impressions,2237.0,0.006705409029950827,5.689316048278945,11.0
2920,client_3f0ce4d44fe94f3d,content_e6e1d7f7247bb775,0.6350155190251753,Medium priority,low CTR; high impressions,2234.0,0.004476275738585497,2.7372426141450314,5.0
2921,client_3f0ce4d44fe94f3d,content_7fdab0612c3ca66d,0.6350155190251753,Medium priority,low CTR; high impressions,2233.0,0.0049261083743842365,3.6524854455888938,8.0
2922,client_2094c6eb080311d5,content_2580dd35c7e86138,0.6350155190251753,Medium priority,low CTR; high impressions; weak average position,2218.0,0.0063119927862939585,28.975202885482418,14.0
2923,client_2094c6eb080311d5,content_27226e0cd136254b,0.6350155190251753,Medium priority,low CTR; high impressions,2206.0,0.005439709882139619,6.606074342701723,25.0
2924,client_3f0ce4d44fe94f3d,content_55b344856bab065b,0.6350155190251753,Medium priority,low CTR; high impressions,2202.0,0.004541326067211626,4.8628519527702085,2.0
2925,client_3f0ce4d44fe94f3d,content_741c53a6583b350a,0.6350155190251753,Medium priority,low CTR; high impressions,2183.0,0.006871278057718736,4.563902885936784,10.0
2926,client_2094c6eb080311d5,content_3016b00383a26a1e,0.6350155190251753,Medium priority,low CTR; high impressions,2170.0,0.00967741935483871,3.469124423963134,32.0
2927,client_2094c6eb080311d5,content_b89d7d967cf3ce6d,0.6350155190251753,Medium priority,low CTR; high impressions,2155.0,0.023665893271461718,5.11415313225058,76.0
2928,client_2094c6eb080311d5,content_fcaf205b239c4b88,0.6350155190251753,Medium priority,low CTR; high impressions,2144.0,0.005597014925373134,6.240671641791045,29.0
2929,client_0fa64a184f18a4a0,content_b22d49bfc8b2fb51,0.6350155190251753,Medium priority,low CTR; high impressions,2140.0,0.005607476635514018,3.107943925233645,13.0
2930,client_3f0ce4d44fe94f3d,content_6d67b8f70c6a52a4,0.6350155190251753,Medium priority,low CTR; high impressions,2136.0,0.006554307116104869,2.599250936329588,9.0
2931,client_3f0ce4d44fe94f3d,content_e644a30e3b83f291,0.6350155190251753,Medium priority,low CTR; high impressions; weak average position,2104.0,0.009505703422053232,10.887357414448669,19.0
2932,client_9958f0a7ae1df715,content_62936a15e113a366,0.6350155190251753,Medium priority,low CTR; high impressions,2099.0,0.005240590757503573,5.560743211052882,23.0
2933,client_3f0ce4d44fe94f3d,content_6effac64b88c85b0,0.6350155190251753,Medium priority,low CTR; high impressions,2096.0,0.005248091603053435,4.579675572519084,7.0
2934,client_3f0ce4d44fe94f3d,content_a8fb99aabcafe331,0.6350155190251753,Medium priority,low CTR; high impressions,2093.0,0.004777830864787387,4.404204491161013,6.0
2935,client_3f0ce4d44fe94f3d,content_2699ab40831d1a5f,0.6350155190251753,Medium priority,low CTR; high impressions,2093.0,0.006211180124223602,1.5747730530339226,6.0
2936,client_3f0ce4d44fe94f3d,content_f10fc8262f0a338a,0.6350155190251753,Medium priority,low CTR; high impressions,2092.0,0.00621414913957935,1.8432122370936903,
2937,client_0fa64a184f18a4a0,content_36985c86fb5f660c,0.6350155190251753,Medium priority,low CTR; high impressions,2092.0,0.011950286806883365,2.0936902485659656,17.0
2938,client_0fa64a184f18a4a0,content_94a5f3d4c783dd39,0.6350155190251753,Medium priority,low CTR; high impressions,2088.0,0.004789272030651341,2.582375478927203,8.0
2939,client_0fa64a184f18a4a0,content_02c2b502e0f6b42c,0.6350155190251753,Medium priority,low CTR; high impressions,2072.0,0.007722007722007722,2.161196911196911,18.0
2940,client_0fa64a184f18a4a0,content_75f88f32f0cb6050,0.6350155190251753,Medium priority,low CTR; high impressions,2065.0,0.00774818401937046,2.8891041162227604,12.0
2941,client_9958f0a7ae1df715,content_1ace43bda9f0c95e,0.6350155190251753,Medium priority,low CTR; high impressions,2050.0,0.012195121951219513,6.479512195121951,25.0
2942,client_0fa64a184f18a4a0,content_5bee59e1717bae0c,0.6350155190251753,Medium priority,low CTR; high impressions,2041.0,0.004409603135717786,3.611954924056835,7.0
2943,client_9958f0a7ae1df715,content_c040204537f06a59,0.6350155190251753,Medium priority,low CTR; high impressions; weak average position,2015.0,0.004466501240694789,10.095781637717122,31.0
2944,client_3f0ce4d44fe94f3d,content_b736513d8abbdc8b,0.6350155190251753,Medium priority,low CTR; high impressions,2015.0,0.01836228287841191,3.7851116625310173,16.0
2945,client_0fa64a184f18a4a0,content_1045957d0977f734,0.6350155190251753,Medium priority,low CTR; high impressions,2005.0,0.006982543640897756,2.191022443890274,13.0
2946,client_3f0ce4d44fe94f3d,content_211d35da9bd74de7,0.6350155190251753,Medium priority,low CTR; high impressions,2000.0,0.0045,1.973,2.0
2947,client_2094c6eb080311d5,content_1c1a96e4fcc7b800,0.6350155190251753,Medium priority,low CTR; high impressions,1999.0,0.015507753876938469,3.1480740370185094,37.0
2948,client_3f0ce4d44fe94f3d,content_42d96499b61682ff,0.6350155190251753,Medium priority,low CTR; high impressions,1993.0,0.006021073758153537,3.2619167084796787,9.0
2949,client_0fa64a184f18a4a0,content_044b3c017795da88,0.6350155190251753,Medium priority,low CTR; high impressions,1990.0,0.005025125628140704,3.3175879396984924,10.0
2950,client_3f0ce4d44fe94f3d,content_be2bf8d99db4d679,0.6350155190251753,Medium priority,low CTR; high impressions,1990.0,0.0185929648241206,3.715075376884422,16.0
2951,client_0fa64a184f18a4a0,content_0e41fd935d90b914,0.6350155190251753,Medium priority,low CTR; high impressions,1983.0,0.005042864346949067,5.499747856782653,8.0
2952,client_2094c6eb080311d5,content_806cbbca367cd623,0.6350155190251753,Medium priority,low CTR; high impressions; weak average position,1983.0,0.012102874432677761,10.478063540090771,33.0
2953,client_3f0ce4d44fe94f3d,content_27dc630536905507,0.6350155190251753,Medium priority,low CTR; high impressions,1980.0,0.004545454545454545,2.1601010101010103,7.0
2954,client_2094c6eb080311d5,content_1c2513c37bd5c4cf,0.6350155190251753,Medium priority,low CTR; high impressions,1975.0,0.005063291139240506,6.73620253164557,15.0
2955,client_3f0ce4d44fe94f3d,content_93bfa2627de00ce1,0.6350155190251753,Medium priority,low CTR; high impressions,1971.0,0.0045662100456621,4.834601725012684,6.0
2956,client_0fa64a184f18a4a0,content_67c35661f0e2585f,0.6350155190251753,Medium priority,low CTR; high impressions,1970.0,0.007614213197969543,2.497969543147208,10.0
2957,client_0fa64a184f18a4a0,content_4f58473dfed9dd60,0.6350155190251753,Medium priority,low CTR; high impressions,1968.0,0.011178861788617886,2.6686991869918697,21.0
2958,client_3f0ce4d44fe94f3d,content_dc0ed21b22f1bf9b,0.6350155190251753,Medium priority,low CTR; high impressions,1960.0,0.007142857142857143,3.70765306122449,8.0
2959,client_3f0ce4d44fe94f3d,content_2593788184bb4e5c,0.6350155190251753,Medium priority,low CTR; high impressions,1959.0,0.0071465033180193975,5.8187850944359365,10.0
2960,client_0fa64a184f18a4a0,content_4c765b6f9353e195,0.6350155190251753,Medium priority,low CTR; high impressions,1944.0,0.009259259259259259,3.4290123456790123,19.0
2961,client_3f0ce4d44fe94f3d,content_399a3ad7e830b400,0.6350155190251753,Medium priority,low CTR; high impressions,1939.0,0.0046415678184631255,3.32129963898917,7.0
2962,client_0fa64a184f18a4a0,content_325b0949225ed278,0.6350155190251753,Medium priority,low CTR; high impressions,1917.0,0.00782472613458529,2.6577986437141368,12.0
2963,client_2094c6eb080311d5,content_e378de19f02b212b,0.6350155190251753,Medium priority,low CTR; high impressions,1912.0,0.027719665271966527,3.6501046025104604,79.0
2964,client_0fa64a184f18a4a0,content_c809e9d556dccc87,0.6350155190251753,Medium priority,low CTR; high impressions,1912.0,0.006276150627615063,2.834205020920502,11.0
2965,client_0fa64a184f18a4a0,content_09c98581cea70e01,0.6350155190251753,Medium priority,low CTR; high impressions,1902.0,0.025236593059936908,2.0483701366982126,42.0
2966,client_3f0ce4d44fe94f3d,content_20266fd1c9a6438c,0.6350155190251753,Medium priority,low CTR; high impressions,1897.0,0.005271481286241434,9.413811280969952,14.0
2967,client_2094c6eb080311d5,content_327dd2fcc72d2d63,0.6350155190251753,Medium priority,low CTR; high impressions,1891.0,0.010047593865679535,6.229508196721311,26.0
2968,client_2094c6eb080311d5,content_e5f1c3dd17190244,0.6350155190251753,Medium priority,low CTR; high impressions,1887.0,0.015368309485956544,9.033386327503974,35.0
2969,client_0fa64a184f18a4a0,content_be6728543aa32551,0.6350155190251753,Medium priority,low CTR; high impressions,1881.0,0.005847953216374269,3.5390749601275915,11.0
2970,client_0fa64a184f18a4a0,content_d65e67cee07953e3,0.6350155190251753,Medium priority,low CTR; high impressions,1877.0,0.006393180607352157,4.613212573255194,10.0
2971,client_0fa64a184f18a4a0,content_f69e0e4e53d35afa,0.6350155190251753,Medium priority,low CTR; high impressions,1872.0,0.008012820512820512,2.3995726495726495,13.0
2972,client_3f0ce4d44fe94f3d,content_e997ac9cc8b0ae1e,0.6350155190251753,Medium priority,low CTR; high impressions,1862.0,0.005907626208378088,6.105263157894737,9.0
2973,client_3f0ce4d44fe94f3d,content_00efcc9c1c9bba3d,0.6350155190251753,Medium priority,low CTR; high impressions,1860.0,0.004838709677419355,2.4596774193548385,4.0
2974,client_3f0ce4d44fe94f3d,content_49f714eec561a8ab,0.6350155190251753,Medium priority,low CTR; high impressions,1849.0,0.01081665765278529,2.347755543537047,16.0
2975,client_2094c6eb080311d5,content_12f442a62fd3e472,0.6350155190251753,Medium priority,low CTR; high impressions,1847.0,0.005414185165132647,6.690850027070926,21.0
2976,client_3f0ce4d44fe94f3d,content_61763192fb570a06,0.6350155190251753,Medium priority,low CTR; high impressions,1847.0,0.005955603681645912,2.0157011369788846,8.0
2977,client_2094c6eb080311d5,content_6339527e7b05523b,0.6350155190251753,Medium priority,low CTR; high impressions,1844.0,0.004880694143167028,7.977765726681128,9.0
2978,client_3f0ce4d44fe94f3d,content_b7eb20299f8a372f,0.6350155190251753,Medium priority,low CTR; high impressions,1841.0,0.0076045627376425855,3.376425855513308,9.0
2979,client_3f0ce4d44fe94f3d,content_49dca7a41e922651,0.6350155190251753,Medium priority,low CTR; high impressions,1821.0,0.0054914881933003845,5.177375068643602,6.0
2980,client_2094c6eb080311d5,content_5d1b6f3f01c2f4bb,0.6350155190251753,Medium priority,low CTR; high impressions,1816.0,0.008259911894273128,4.849118942731278,26.0
2981,client_2094c6eb080311d5,content_fff3e4ec859a400c,0.6350155190251753,Medium priority,low CTR; high impressions,1814.0,0.011025358324145534,3.181367144432194,29.0
2982,client_0fa64a184f18a4a0,content_18523930502b1ba2,0.6350155190251753,Medium priority,low CTR; high impressions,1810.0,0.004419889502762431,2.7646408839779006,7.0
2983,client_3f0ce4d44fe94f3d,content_152d763f37749ade,0.6350155190251753,Medium priority,low CTR; high impressions,1804.0,0.004434589800443459,1.5631929046563193,1.0
2984,client_0fa64a184f18a4a0,content_40a2715e657c3b34,0.6350155190251753,Medium priority,low CTR; high impressions,1793.0,0.011712214166201896,3.8438371444506414,19.0
2985,client_3f0ce4d44fe94f3d,content_fb1cccfeac680e76,0.6350155190251753,Medium priority,low CTR; high impressions,1785.0,0.0067226890756302525,1.7439775910364146,3.0
2986,client_3f0ce4d44fe94f3d,content_aecb02984a0c2688,0.6350155190251753,Medium priority,low CTR; high impressions,1784.0,0.008968609865470852,6.646860986547085,11.0
2987,client_3f0ce4d44fe94f3d,content_81b650fabcdcf951,0.6350155190251753,Medium priority,low CTR; high impressions,1783.0,0.0061693774537296695,3.012899607403253,6.0
2988,client_0fa64a184f18a4a0,content_7d623ff0c7acec69,0.6350155190251753,Medium priority,low CTR; high impressions,1777.0,0.005064715813168261,3.201463140123804,8.0
2989,client_0fa64a184f18a4a0,content_89a64c49da1c5cbb,0.6350155190251753,Medium priority,low CTR; high impressions,1774.0,0.006764374295377677,3.220969560315671,11.0
2990,client_3f0ce4d44fe94f3d,content_a92f41000caa9de0,0.6350155190251753,Medium priority,low CTR; high impressions,1773.0,0.005076142131979695,4.108855047941343,5.0
2991,client_2094c6eb080311d5,content_0ea8e1fcea260f7c,0.6350155190251753,Medium priority,low CTR; high impressions,1771.0,0.009599096555618294,8.57312252964427,36.0
2992,client_2094c6eb080311d5,content_82a849bb554747cb,0.6350155190251753,Medium priority,low CTR; high impressions,1766.0,0.013023782559456399,9.871460928652322,28.0
2993,client_3f0ce4d44fe94f3d,content_7a7ec034fc85780c,0.6350155190251753,Medium priority,low CTR; high impressions,1760.0,0.007386363636363636,4.873295454545454,7.0
2994,client_9958f0a7ae1df715,content_5b16e57e4d5b6259,0.6350155190251753,Medium priority,low CTR; high impressions; weak average position,1759.0,0.0045480386583285955,35.92097782831154,9.0
2995,client_3f0ce4d44fe94f3d,content_4dc610b54c5e6b3d,0.6350155190251753,Medium priority,low CTR; high impressions,1755.0,0.005128205128205128,2.241025641025641,8.0
2996,client_3f0ce4d44fe94f3d,content_a92c2aa8ea24b224,0.6350155190251753,Medium priority,low CTR; high impressions,1753.0,0.006274957216200799,2.270393610952653,10.0
2997,client_3f0ce4d44fe94f3d,content_44f1647eede4770f,0.6350155190251753,Medium priority,low CTR; high impressions,1748.0,0.02116704805491991,8.506292906178489,29.0
2998,client_2094c6eb080311d5,content_964d3b4233fc16a8,0.6350155190251753,Medium priority,low CTR; high impressions,1744.0,0.005733944954128441,7.0625,33.0
2999,client_3f0ce4d44fe94f3d,content_7266e2261c61fddf,0.6350155190251753,Medium priority,low CTR; high impressions,1744.0,0.013188073394495414,3.750573394495413,14.0
3000,client_0fa64a184f18a4a0,content_5490363da423c29f,0.6350155190251753,Medium priority,low CTR; high impressions,1734.0,0.012687427912341407,2.2860438292964242,21.0
3001,client_2094c6eb080311d5,content_732b4284910da21d,0.6350155190251753,Medium priority,low CTR; high impressions,1723.0,0.0046430644225188625,8.802669762042948,9.0
3002,client_3f0ce4d44fe94f3d,content_7cea25d0761731f9,0.6350155190251753,Medium priority,low CTR; high impressions,1712.0,0.015771028037383176,1.973714953271028,20.0
3003,client_2094c6eb080311d5,content_8156232d69e80052,0.6350155190251753,Medium priority,low CTR; high impressions,1711.0,0.008182349503214495,4.87843366452367,32.0
3004,client_3f0ce4d44fe94f3d,content_e57b9ff0d6c9d47d,0.6350155190251753,Medium priority,low CTR; high impressions,1708.0,0.00585480093676815,2.5685011709601873,5.0
3005,client_3f0ce4d44fe94f3d,content_eadfb5b58bd52fc6,0.6350155190251753,Medium priority,low CTR; high impressions,1706.0,0.008206330597889801,2.9208675263774913,2.0
3006,client_3f0ce4d44fe94f3d,content_c5ab0f8562de48ca,0.6350155190251753,Medium priority,low CTR; high impressions,1695.0,0.00471976401179941,4.214749262536873,2.0
3007,client_0fa64a184f18a4a0,content_32664ca2a91255a0,0.6350155190251753,Medium priority,low CTR; high impressions,1690.0,0.00650887573964497,3.7846153846153845,16.0
3008,client_3f0ce4d44fe94f3d,content_c994e54be46b8d9a,0.6350155190251753,Medium priority,low CTR; high impressions,1690.0,0.008875739644970414,3.953846153846154,4.0
3009,client_f623b01661d4bfe4,content_c1a10050d6a3c045,0.6350155190251753,Medium priority,low CTR; high impressions,1678.0,0.013706793802145411,3.702026221692491,22.0
3010,client_2094c6eb080311d5,content_3a66318111378ba8,0.6350155190251753,Medium priority,low CTR; high impressions,1677.0,0.026833631484794274,2.870005963029219,53.0
3011,client_0fa64a184f18a4a0,content_c808a9b59511979d,0.6350155190251753,Medium priority,low CTR; high impressions,1661.0,0.014449127031908489,3.0728476821192054,21.0
3012,client_0fa64a184f18a4a0,content_668ae2ca281f72e5,0.6350155190251753,Medium priority,low CTR; high impressions,1648.0,0.007281553398058253,4.460558252427185,8.0
3013,client_2094c6eb080311d5,content_074579cbdf8831d2,0.6350155190251753,Medium priority,low CTR; high impressions,1647.0,0.006071645415907711,5.63023679417122,10.0
3014,client_3f0ce4d44fe94f3d,content_204be70d63256ae2,0.6350155190251753,Medium priority,low CTR; high impressions,1645.0,0.00547112462006079,3.25531914893617,6.0
3015,client_3f0ce4d44fe94f3d,content_3a2ca12f89da6b6a,0.6350155190251753,Medium priority,low CTR; high impressions,1641.0,0.009140767824497258,4.506398537477148,11.0
3016,client_3f0ce4d44fe94f3d,content_c184c039b1c28923,0.6350155190251753,Medium priority,low CTR; high impressions,1641.0,0.010359536867763558,3.906154783668495,8.0
3017,client_2094c6eb080311d5,content_a2c789c3928431a1,0.6350155190251753,Medium priority,low CTR; high impressions,1638.0,0.01221001221001221,2.068986568986569,22.0
3018,client_9958f0a7ae1df715,content_459a3d665b0ed656,0.6350155190251753,Medium priority,low CTR; high impressions,1634.0,0.0055079559363525096,9.648102815177479,34.0
3019,client_3f0ce4d44fe94f3d,content_28f5979990262c5b,0.6350155190251753,Medium priority,low CTR; high impressions,1631.0,0.00797057020232986,5.043531575720417,8.0
3020,client_0fa64a184f18a4a0,content_6294422b70ada9a2,0.6350155190251753,Medium priority,low CTR; high impressions,1629.0,0.011049723756906077,2.961939840392879,13.0
3021,client_2094c6eb080311d5,content_c7d602a9603e6326,0.6350155190251753,Medium priority,low CTR; high impressions,1628.0,0.007371007371007371,5.274570024570025,19.0
3022,client_3f0ce4d44fe94f3d,content_899b332bdb6d7c4b,0.6350155190251753,Medium priority,low CTR; high impressions,1626.0,0.007995079950799507,6.832718327183271,8.0
3023,client_2094c6eb080311d5,content_aa5093c40082adf9,0.6350155190251753,Medium priority,low CTR; high impressions,1625.0,0.012923076923076923,4.332307692307692,33.0
3024,client_0fa64a184f18a4a0,content_5ae08dbbeabd96cb,0.6350155190251753,Medium priority,low CTR; high impressions,1625.0,0.004923076923076923,4.081846153846154,9.0
3025,client_0fa64a184f18a4a0,content_9c88d4d8ed8bf0b1,0.6350155190251753,Medium priority,low CTR; high impressions,1625.0,0.009846153846153846,2.6935384615384614,12.0
3026,client_3f0ce4d44fe94f3d,content_5169cf3c3e7a2cae,0.6350155190251753,Medium priority,low CTR; high impressions; weak average position,1622.0,0.004932182490752158,10.172009864364982,3.0
3027,client_0fa64a184f18a4a0,content_f0b0377aa3e66f73,0.6350155190251753,Medium priority,low CTR; high impressions,1608.0,0.009950248756218905,2.8588308457711444,15.0
3028,client_2094c6eb080311d5,content_a298a5475bbf4048,0.6350155190251753,Medium priority,low CTR; high impressions,1601.0,0.005621486570893191,5.229231730168644,20.0
3029,client_3f0ce4d44fe94f3d,content_f0e625bd531fe4e0,0.6350155190251753,Medium priority,low CTR; high impressions,1595.0,0.006269592476489028,5.38871473354232,4.0
3030,client_2094c6eb080311d5,content_ee12c91949dce877,0.6350155190251753,Medium priority,low CTR; high impressions,1586.0,0.009457755359394703,5.2105926860025225,26.0
3031,client_0fa64a184f18a4a0,content_f02ed5becdd01388,0.6350155190251753,Medium priority,low CTR; high impressions,1576.0,0.01649746192893401,1.3013959390862944,23.0
3032,client_2094c6eb080311d5,content_fac7fb1ba3b2f959,0.6350155190251753,Medium priority,low CTR; high impressions,1575.0,0.006984126984126984,3.8526984126984125,20.0
3033,client_3f0ce4d44fe94f3d,content_ad5cd5a145d46f4b,0.6350155190251753,Medium priority,low CTR; high impressions,1573.0,0.00572155117609663,4.89574062301335,6.0
3034,client_3f0ce4d44fe94f3d,content_b07f6717ad29d703,0.6350155190251753,Medium priority,low CTR; high impressions,1571.0,0.009548058561425843,2.133672819859962,10.0
3035,client_3f0ce4d44fe94f3d,content_d2e163254f2b2289,0.6350155190251753,Medium priority,low CTR; high impressions,1566.0,0.005108556832694764,6.653895274584929,7.0
3036,client_2094c6eb080311d5,content_0574526f3ec419bd,0.6350155190251753,Medium priority,low CTR; high impressions,1563.0,0.007037747920665387,5.169545745361484,15.0
3037,client_3f0ce4d44fe94f3d,content_dd140e1209ce2d62,0.6350155190251753,Medium priority,low CTR; high impressions,1562.0,0.004481434058898848,6.129961587708067,5.0
3038,client_0fa64a184f18a4a0,content_8fe6ca5f07e50eff,0.6350155190251753,Medium priority,low CTR; high impressions,1562.0,0.004481434058898848,2.3162612035851473,8.0
3039,client_9958f0a7ae1df715,content_f0d9fb91e7681e85,0.6350155190251753,Medium priority,low CTR; high impressions,1561.0,0.009609224855861628,4.333119795003203,17.0
3040,client_0fa64a184f18a4a0,content_6fa760190f0319ca,0.6350155190251753,Medium priority,low CTR; high impressions,1556.0,0.004498714652956298,3.040488431876607,6.0
3041,client_0fa64a184f18a4a0,content_1420662a47434e69,0.6350155190251753,Medium priority,low CTR; high impressions,1553.0,0.00643915003219575,1.8506117192530587,5.0
3042,client_0fa64a184f18a4a0,content_06f501ee006db978,0.6350155190251753,Medium priority,low CTR; high impressions,1553.0,0.0051513200257566,2.5202833226014167,8.0
3043,client_3f0ce4d44fe94f3d,content_045fe4bc217dbeca,0.6350155190251753,Medium priority,low CTR; high impressions,1541.0,0.0227125243348475,3.9961064243997404,21.0
3044,client_3f0ce4d44fe94f3d,content_7b1f66b212c55bd7,0.6350155190251753,Medium priority,low CTR; high impressions,1538.0,0.005851755526657998,4.346553966189857,5.0
3045,client_3f0ce4d44fe94f3d,content_c858da0d6b32ec3d,0.6350155190251753,Medium priority,low CTR; high impressions,1530.0,0.006535947712418301,3.1222222222222222,3.0
3046,client_3f0ce4d44fe94f3d,content_cdee0de0dc2fb06e,0.6350155190251753,Medium priority,low CTR; high impressions,1530.0,0.011764705882352941,5.620261437908496,9.0
3047,client_3f0ce4d44fe94f3d,content_4ca26f93034bfc65,0.6350155190251753,Medium priority,low CTR; high impressions,1529.0,0.008502289077828646,1.4643557880967952,9.0
3048,client_2094c6eb080311d5,content_5715ed41c64333e4,0.6350155190251753,Medium priority,low CTR; high impressions,1529.0,0.007848266841072597,6.707652060170045,17.0
3049,client_3f0ce4d44fe94f3d,content_84275f98b59dc716,0.6350155190251753,Medium priority,low CTR; high impressions,1527.0,0.0091683038637852,3.627373935821873,5.0
3050,client_3f0ce4d44fe94f3d,content_c5fabd6fd5fbabc9,0.6350155190251753,Medium priority,low CTR; high impressions,1519.0,0.01053324555628703,2.5727452271231073,7.0
3051,client_0fa64a184f18a4a0,content_56516a7f83662bcb,0.6350155190251753,Medium priority,low CTR; high impressions,1513.0,0.015862524785194978,2.84137475214805,21.0
3052,client_0fa64a184f18a4a0,content_304fc9e95396b17a,0.6350155190251753,Medium priority,low CTR; high impressions,1512.0,0.005291005291005291,4.613095238095238,12.0
3053,client_3f0ce4d44fe94f3d,content_8afe8e8034a886d8,0.6350155190251753,Medium priority,low CTR; high impressions,1512.0,0.006613756613756613,6.502645502645502,4.0
3054,client_9958f0a7ae1df715,content_080ef64257742c64,0.6350155190251753,Medium priority,low CTR; high impressions; weak average position,1510.0,0.016556291390728478,18.660927152317882,40.0
3055,client_3f0ce4d44fe94f3d,content_8a13d3b02d544fde,0.6350155190251753,Medium priority,low CTR; high impressions,1496.0,0.006016042780748663,8.267379679144385,8.0
3056,client_0fa64a184f18a4a0,content_435e31b8ee2a03c7,0.6350155190251753,Medium priority,low CTR; high impressions,1495.0,0.014046822742474917,2.312374581939799,18.0
3057,client_2094c6eb080311d5,content_395eb5a3c6ad0763,0.6350155190251753,Medium priority,low CTR; high impressions; weak average position,1495.0,0.0046822742474916385,12.185953177257526,10.0
3058,client_2094c6eb080311d5,content_b7a4f35ac4bcdf91,0.6350155190251753,Medium priority,low CTR; high impressions,1490.0,0.014093959731543624,7.004026845637584,39.0
3059,client_9958f0a7ae1df715,content_635cbb9a2b5107c0,0.6350155190251753,Medium priority,low CTR; high impressions,1488.0,0.005376344086021506,6.880376344086022,22.0
3060,client_3f0ce4d44fe94f3d,content_e318436c3e021434,0.6350155190251753,Medium priority,low CTR; high impressions,1486.0,0.010767160161507403,3.4192462987886945,10.0
3061,client_0fa64a184f18a4a0,content_e91c247ab9fb332b,0.6350155190251753,Medium priority,low CTR; high impressions,1485.0,0.012121212121212121,2.2855218855218857,18.0
3062,client_3f0ce4d44fe94f3d,content_2fbe47f73d6bf4af,0.6350155190251753,Medium priority,low CTR; high impressions,1485.0,0.0047138047138047135,5.070707070707071,7.0
3063,client_3f0ce4d44fe94f3d,content_f3dbb1f1c5a4f6d8,0.6350155190251753,Medium priority,low CTR; high impressions,1482.0,0.016194331983805668,4.155195681511471,16.0
3064,client_3f0ce4d44fe94f3d,content_e5e86f6f7387706c,0.6350155190251753,Medium priority,low CTR; high impressions,1480.0,0.012837837837837839,2.29527027027027,13.0
3065,client_3f0ce4d44fe94f3d,content_ed16461aede4d7cf,0.6350155190251753,Medium priority,low CTR; high impressions,1479.0,0.011494252873563218,3.6470588235294117,11.0
3066,client_3f0ce4d44fe94f3d,content_44d0aee0bd969e9b,0.6350155190251753,Medium priority,low CTR; high impressions,1475.0,0.0047457627118644066,7.617627118644068,2.0
3067,client_3f0ce4d44fe94f3d,content_bdbd9eeaa8b44846,0.6350155190251753,Medium priority,low CTR; high impressions,1474.0,0.012211668928086838,2.8683853459972863,15.0
3068,client_3f0ce4d44fe94f3d,content_80b48ef091bf7ce6,0.6350155190251753,Medium priority,low CTR; high impressions,1473.0,0.005431093007467753,7.033944331296674,5.0
3069,client_3f0ce4d44fe94f3d,content_1c764a2ea4ac831a,0.6350155190251753,Medium priority,low CTR; high impressions,1469.0,0.0068073519400953025,5.578624914908101,4.0
3070,client_3f0ce4d44fe94f3d,content_69286b67ad64a694,0.6350155190251753,Medium priority,low CTR; high impressions,1465.0,0.005460750853242321,4.208191126279863,4.0
3071,client_0fa64a184f18a4a0,content_141d16ff12c75652,0.6350155190251753,Medium priority,low CTR; high impressions,1460.0,0.008904109589041096,0.976027397260274,11.0
3072,client_3f0ce4d44fe94f3d,content_7142a451a451abb7,0.6350155190251753,Medium priority,low CTR; high impressions,1458.0,0.012345679012345678,2.2448559670781894,11.0
3073,client_3f0ce4d44fe94f3d,content_0992371efef51af4,0.6350155190251753,Medium priority,low CTR; high impressions,1455.0,0.007560137457044674,2.259106529209622,7.0
3074,client_3f0ce4d44fe94f3d,content_77599f7bd869cd48,0.6350155190251753,Medium priority,low CTR; high impressions,1454.0,0.011691884456671253,1.189133425034388,12.0
3075,client_2094c6eb080311d5,content_388692ffd91ae938,0.6350155190251753,Medium priority,low CTR; high impressions,1454.0,0.005502063273727648,6.109353507565337,21.0
3076,client_f623b01661d4bfe4,content_b49f74ac9e13e0f5,0.6350155190251753,Medium priority,low CTR; high impressions; weak average position,1452.0,0.01584022038567493,42.41046831955923,20.0
3077,client_3f0ce4d44fe94f3d,content_4d348f21889c63d1,0.6350155190251753,Medium priority,low CTR; high impressions,1451.0,0.00895933838731909,3.344589937973811,9.0
3078,client_2094c6eb080311d5,content_89762e0b95fffb66,0.6350155190251753,Medium priority,low CTR; high impressions,1439.0,0.02640722724113968,4.087560806115358,57.0
3079,client_0fa64a184f18a4a0,content_3892b70e2bc13d8a,0.6350155190251753,Medium priority,low CTR; high impressions,1438.0,0.011126564673157162,2.8609179415855355,14.0
3080,client_2094c6eb080311d5,content_7b630f2fe1b896e7,0.6350155190251753,Medium priority,low CTR; high impressions,1435.0,0.012543554006968641,3.9101045296167247,27.0
3081,client_0fa64a184f18a4a0,content_3f9ae562c1de0228,0.6350155190251753,Medium priority,low CTR; high impressions,1435.0,0.007665505226480836,3.6641114982578395,8.0
3082,client_3f0ce4d44fe94f3d,content_1a74de26965deba9,0.6350155190251753,Medium priority,low CTR; high impressions,1429.0,0.00489853044086774,3.1504548635409377,5.0
3083,client_3f0ce4d44fe94f3d,content_3fafdb50aa43946a,0.6350155190251753,Medium priority,low CTR; high impressions,1422.0,0.004922644163150493,1.8361462728551337,8.0
3084,client_2094c6eb080311d5,content_4760fa28462ea12f,0.6350155190251753,Medium priority,low CTR; high impressions,1421.0,0.005629838142153413,7.762139338494018,15.0
3085,client_2094c6eb080311d5,content_2ef60fe1928f82a4,0.6350155190251753,Medium priority,low CTR; high impressions,1414.0,0.007072135785007072,4.937765205091938,18.0
3086,client_3f0ce4d44fe94f3d,content_750f6b1a14229ea2,0.6350155190251753,Medium priority,low CTR; high impressions,1410.0,0.005673758865248227,6.373758865248227,3.0
3087,client_9958f0a7ae1df715,content_577316db5588eab7,0.6350155190251753,Medium priority,low CTR; high impressions,1409.0,0.0049680624556423,7.766501064584812,25.0
3088,client_3f0ce4d44fe94f3d,content_279028394ff3fc82,0.6350155190251753,Medium priority,low CTR; high impressions,1404.0,0.02492877492877493,3.599002849002849,23.0
3089,client_3f0ce4d44fe94f3d,content_b83593ef8ee5cec7,0.6350155190251753,Medium priority,low CTR; high impressions,1403.0,0.008553100498930863,5.791161796151105,8.0
3090,client_3f0ce4d44fe94f3d,content_75aececb58f540bf,0.6350155190251753,Medium priority,low CTR; high impressions,1401.0,0.005710206995003569,3.8201284796573876,6.0
3091,client_2094c6eb080311d5,content_64c4ce22d1b034d7,0.6350155190251753,Medium priority,low CTR; high impressions,1395.0,0.016487455197132617,4.596415770609319,34.0
3092,client_9958f0a7ae1df715,content_cf0500bbb61cc8b9,0.6350155190251753,Medium priority,low CTR; high impressions; weak average position,1394.0,0.006456241032998565,11.029411764705882,12.0
3093,client_3f0ce4d44fe94f3d,content_5666a67f4a7a6e9a,0.6350155190251753,Medium priority,low CTR; high impressions,1393.0,0.005025125628140704,3.2591529073941135,5.0
3094,client_2094c6eb080311d5,content_3ee00eaa89180fb6,0.6350155190251753,Medium priority,low CTR; high impressions,1392.0,0.005028735632183908,4.619971264367816,14.0
3095,client_3f0ce4d44fe94f3d,content_d3b0ee7278b37807,0.6350155190251753,Medium priority,low CTR; high impressions,1369.0,0.03433162892622352,3.7918188458729,32.0
3096,client_2094c6eb080311d5,content_bd7d6a8226038ef1,0.6350155190251753,Medium priority,low CTR; high impressions,1363.0,0.008070432868672046,7.42993396918562,9.0
3097,client_9958f0a7ae1df715,content_f750b90376fb2f54,0.6350155190251753,Medium priority,low CTR; high impressions; weak average position,1363.0,0.010271460014673514,14.176815847395451,64.0
3098,client_0fa64a184f18a4a0,content_45b0e74de53db649,0.6350155190251753,Medium priority,low CTR; high impressions,1361.0,0.00440852314474651,1.1366642174871417,7.0
3099,client_9958f0a7ae1df715,content_ca81bcf29398f53a,0.6350155190251753,Medium priority,low CTR; high impressions,1359.0,0.0051508462104488595,8.189109639440765,9.0
3100,client_0fa64a184f18a4a0,content_1e710b7e74588c69,0.6350155190251753,Medium priority,low CTR; high impressions,1348.0,0.0066765578635014835,1.8746290801186944,5.0
3101,client_3f0ce4d44fe94f3d,content_e3612e199e4b0688,0.6350155190251753,Medium priority,low CTR; high impressions,1347.0,0.005939123979213066,3.3897550111358576,9.0
3102,client_9958f0a7ae1df715,content_62b5caabea134730,0.6350155190251753,Medium priority,low CTR; high impressions; weak average position,1341.0,0.005219985085756898,10.918717375093214,8.0
3103,client_3f0ce4d44fe94f3d,content_ce63276b0a26f94e,0.6350155190251753,Medium priority,low CTR; high impressions,1339.0,0.00597460791635549,1.0186706497386109,4.0
3104,client_2094c6eb080311d5,content_141075da532a8abb,0.6350155190251753,Medium priority,low CTR; high impressions,1330.0,0.004511278195488722,6.288721804511278,7.0
3105,client_0fa64a184f18a4a0,content_f29cd44964a40917,0.6350155190251753,Medium priority,low CTR; high impressions,1329.0,0.008276899924755455,2.967644845748683,9.0
3106,client_2094c6eb080311d5,content_6b764d1f5c682d67,0.6350155190251753,Medium priority,low CTR; high impressions,1329.0,0.009029345372460496,4.579382994732882,15.0
3107,client_9958f0a7ae1df715,content_01ab236521ddf2f9,0.6350155190251753,Medium priority,low CTR; high impressions; weak average position,1322.0,0.018154311649016642,24.565809379727686,229.0
3108,client_2094c6eb080311d5,content_a708f0a7fceb62ff,0.6350155190251753,Medium priority,low CTR; high impressions,1321.0,0.018925056775170326,4.236941710825133,43.0
3109,client_3f0ce4d44fe94f3d,content_5d767ef9eba749f4,0.6350155190251753,Medium priority,low CTR; high impressions,1320.0,0.008333333333333333,8.317424242424243,8.0
3110,client_3f0ce4d44fe94f3d,content_a0b4cf9e6a7f0bb1,0.6350155190251753,Medium priority,low CTR; high impressions,1315.0,0.0045627376425855515,8.611406844106464,35.0
3111,client_3f0ce4d44fe94f3d,content_3bfd8d41b6e16051,0.6350155190251753,Medium priority,low CTR; high impressions,1310.0,0.004580152671755725,5.775572519083969,6.0
3112,client_3f0ce4d44fe94f3d,content_db9ae689dce8b424,0.6350155190251753,Medium priority,low CTR; high impressions,1310.0,0.004580152671755725,4.729007633587786,4.0
3113,client_9958f0a7ae1df715,content_d99dc41e125cd266,0.6350155190251753,Medium priority,low CTR; high impressions,1309.0,0.0053475935828877,8.630252100840336,12.0
3114,client_0fa64a184f18a4a0,content_7e8a3e2f9eb52735,0.6350155190251753,Medium priority,low CTR; high impressions,1306.0,0.006891271056661562,2.7029096477794794,8.0
3115,client_0fa64a184f18a4a0,content_3f6d1cd53136c960,0.6350155190251753,Medium priority,low CTR; high impressions,1303.0,0.007674597083653108,1.5425940138142749,7.0
3116,client_2094c6eb080311d5,content_1de48b03729df1a3,0.6350155190251753,Medium priority,low CTR; high impressions,1303.0,0.004604758250191865,7.929393706830392,14.0
3117,client_0fa64a184f18a4a0,content_8a935fb717cfc4b3,0.6350155190251753,Medium priority,low CTR; high impressions,1292.0,0.010061919504643963,2.1540247678018574,11.0
3118,client_3f0ce4d44fe94f3d,content_348fa2ab1c7a6684,0.6350155190251753,Medium priority,low CTR; high impressions,1288.0,0.006211180124223602,1.8990683229813665,6.0
3119,client_0fa64a184f18a4a0,content_dfdc65a9a8a495d5,0.6350155190251753,Medium priority,low CTR; high impressions,1286.0,0.006998444790046656,1.989891135303266,10.0
3120,client_3f0ce4d44fe94f3d,content_6e7c618994309cf8,0.6350155190251753,Medium priority,low CTR; high impressions,1284.0,0.007009345794392523,5.781152647975078,6.0
3121,client_cd12bcfd98942aa1,content_b7414c1b58b00be8,0.6350155190251753,Medium priority,low CTR; high impressions,1283.0,0.004676539360872954,6.904910366328917,7.0
3122,client_f623b01661d4bfe4,content_bf5762e2e666f20d,0.6350155190251753,Medium priority,low CTR; high impressions; weak average position,1282.0,0.0062402496099844,39.52496099843994,9.0
3123,client_3f0ce4d44fe94f3d,content_19cff07316422d90,0.6350155190251753,Medium priority,low CTR; high impressions,1280.0,0.00703125,5.16875,5.0
3124,client_9958f0a7ae1df715,content_1df2c8ae891f71d1,0.6350155190251753,Medium priority,low CTR; high impressions,1280.0,0.0078125,8.90859375,8.0
3125,client_0fa64a184f18a4a0,content_9cde9aebfea83b32,0.6350155190251753,Medium priority,low CTR; high impressions,1279.0,0.024237685691946835,3.824081313526192,29.0
3126,client_cd12bcfd98942aa1,content_1aaf2923a85fae79,0.6350155190251753,Medium priority,low CTR; high impressions; weak average position,1278.0,0.007042253521126761,18.168231611893585,22.0
3127,client_3f0ce4d44fe94f3d,content_3be296a237f06fff,0.6350155190251753,Medium priority,low CTR; high impressions,1272.0,0.007075471698113208,7.843553459119497,5.0
3128,client_0fa64a184f18a4a0,content_e5a699bc55b9794f,0.6350155190251753,Medium priority,low CTR; high impressions; weak average position,1270.0,0.008661417322834646,13.88740157480315,11.0
3129,client_3f0ce4d44fe94f3d,content_ae4b2153be55eb56,0.6350155190251753,Medium priority,low CTR; high impressions,1268.0,0.016561514195583597,6.273659305993691,10.0
3130,client_2094c6eb080311d5,content_c00632875847a432,0.6350155190251753,Medium priority,low CTR; high impressions,1260.0,0.007142857142857143,8.472222222222221,15.0
3131,client_0fa64a184f18a4a0,content_fca2d5d25f697f88,0.6350155190251753,Medium priority,low CTR; high impressions,1252.0,0.011182108626198083,7.696485623003195,12.0
3132,client_f623b01661d4bfe4,content_8427145e06001c07,0.6350155190251753,Medium priority,low CTR; high impressions; weak average position,1251.0,0.019184652278177457,10.84572342126299,22.0
3133,client_2094c6eb080311d5,content_e237f0c259d606da,0.6350155190251753,Medium priority,low CTR; high impressions,1249.0,0.008807045636509208,5.507606084867894,23.0
3134,client_3f0ce4d44fe94f3d,content_eaa1ba69f1ff8f06,0.6350155190251753,Medium priority,low CTR; high impressions,1247.0,0.01764234161988773,5.649558941459503,16.0
3135,client_3f0ce4d44fe94f3d,content_fbe092a6674c77ee,0.6350155190251753,Medium priority,low CTR; high impressions,1243.0,0.009654062751407884,2.1834271922767496,13.0
3136,client_2094c6eb080311d5,content_591481fb798807cd,0.6350155190251753,Medium priority,low CTR; high impressions,1240.0,0.0064516129032258064,7.514516129032258,10.0
3137,client_2094c6eb080311d5,content_d301749518bbbf15,0.6350155190251753,Medium priority,low CTR; high impressions,1232.0,0.007305194805194805,6.305194805194805,14.0
3138,client_2094c6eb080311d5,content_ee6780540faea277,0.6350155190251753,Medium priority,low CTR; high impressions,1227.0,0.011409942950285249,5.23960880195599,25.0
3139,client_3f0ce4d44fe94f3d,content_5ac3ac1935985c45,0.6350155190251753,Medium priority,low CTR; high impressions,1223.0,0.004905968928863451,3.80130825838103,4.0
3140,client_3f0ce4d44fe94f3d,content_2c389efc2dcb7221,0.6350155190251753,Medium priority,low CTR; high impressions,1216.0,0.007401315789473684,2.6422697368421053,6.0
3141,client_0fa64a184f18a4a0,content_a05ffe31d715a6f7,0.6350155190251753,Medium priority,low CTR; high impressions,1215.0,0.00905349794238683,3.1069958847736627,12.0
3142,client_9958f0a7ae1df715,content_cf56489ec0dc84cd,0.6350155190251753,Medium priority,low CTR; high impressions,1213.0,0.00494641384995878,6.731244847485573,3.0
3143,client_3f0ce4d44fe94f3d,content_15a8acb2d7131b81,0.6350155190251753,Medium priority,low CTR; high impressions,1210.0,0.011570247933884297,3.1537190082644626,6.0
3144,client_2094c6eb080311d5,content_afc032ec1ef15d1f,0.6350155190251753,Medium priority,low CTR; high impressions; weak average position,1204.0,0.009966777408637873,10.846345514950166,21.0
3145,client_2094c6eb080311d5,content_0e936c6410cc629e,0.6350155190251753,Medium priority,low CTR; high impressions,1198.0,0.007512520868113523,7.546744574290484,14.0
3146,client_0fa64a184f18a4a0,content_dc473ae9072dba74,0.6350155190251753,Medium priority,low CTR; high impressions,1197.0,0.00835421888053467,2.340016708437761,9.0
3147,client_3f0ce4d44fe94f3d,content_46f29640300873e3,0.6350155190251753,Medium priority,low CTR; high impressions,1194.0,0.005025125628140704,6.958123953098827,3.0
3148,client_2094c6eb080311d5,content_1ecc59d4c7396a6c,0.6350155190251753,Medium priority,low CTR; high impressions,1191.0,0.016792611251049538,6.142737195633921,25.0
3149,client_0fa64a184f18a4a0,content_5ba3ad4e02f173e1,0.6350155190251753,Medium priority,low CTR; high impressions,1187.0,0.016849199663016005,1.9780960404380792,22.0
3150,client_3f0ce4d44fe94f3d,content_34e89730572de1dd,0.6350155190251753,Medium priority,low CTR; high impressions,1185.0,0.00590717299578059,7.7915611814345995,4.0
3151,client_3f0ce4d44fe94f3d,content_cfd4e746008c3f7a,0.6350155190251753,Medium priority,low CTR; high impressions,1184.0,0.008445945945945946,4.658783783783784,7.0
3152,client_3f0ce4d44fe94f3d,content_81a45e1a01bb9ddf,0.6350155190251753,Medium priority,low CTR; high impressions,1183.0,0.0076077768385460695,4.040574809805579,5.0
3153,client_2094c6eb080311d5,content_d4962cbaa8aa97ac,0.6350155190251753,Medium priority,low CTR; high impressions,1183.0,0.011834319526627219,9.042265426880812,41.0
3154,client_2094c6eb080311d5,content_34cff251da183929,0.6350155190251753,Medium priority,low CTR; high impressions,1181.0,0.005080440304826418,6.392040643522439,5.0
3155,client_3f0ce4d44fe94f3d,content_95bdaf0c4bd2b9d5,0.6350155190251753,Medium priority,low CTR; high impressions,1180.0,0.005084745762711864,7.1661016949152545,3.0
3156,client_0fa64a184f18a4a0,content_f56d80ca4d20e13a,0.6350155190251753,Medium priority,low CTR; high impressions,1172.0,0.005972696245733789,2.1484641638225255,4.0
3157,client_2094c6eb080311d5,content_e8fc6d147f85956e,0.6350155190251753,Medium priority,low CTR; high impressions,1171.0,0.008539709649871904,9.301451750640478,18.0
3158,client_3f0ce4d44fe94f3d,content_75e9bd69f5a4e004,0.6350155190251753,Medium priority,low CTR; high impressions,1168.0,0.005136986301369863,2.708904109589041,4.0
3159,client_3f0ce4d44fe94f3d,content_446712c404459482,0.6350155190251753,Medium priority,low CTR; high impressions,1164.0,0.006872852233676976,7.579896907216495,5.0
3160,client_3f0ce4d44fe94f3d,content_d0e067e91f5ea1c5,0.6350155190251753,Medium priority,low CTR; high impressions,1164.0,0.005154639175257732,5.582474226804123,1.0
3161,client_0fa64a184f18a4a0,content_a60b0309c9d7c8b0,0.6350155190251753,Medium priority,low CTR; high impressions,1162.0,0.0068846815834767644,6.336488812392427,8.0
3162,client_0fa64a184f18a4a0,content_7c8f671d9e630dc9,0.6350155190251753,Medium priority,low CTR; high impressions,1162.0,0.010327022375215147,3.2581755593803785,10.0
3163,client_3f0ce4d44fe94f3d,content_59c98d019195ecb2,0.6350155190251753,Medium priority,low CTR; high impressions,1160.0,0.007758620689655172,5.425,4.0
3164,client_3f0ce4d44fe94f3d,content_f5d7bf0c0f53040d,0.6350155190251753,Medium priority,low CTR; high impressions,1160.0,0.005172413793103448,3.9413793103448276,1.0
3165,client_2094c6eb080311d5,content_33305598fdd2f38c,0.6350155190251753,Medium priority,low CTR; high impressions; weak average position,1158.0,0.008635578583765112,13.1139896373057,9.0
3166,client_2094c6eb080311d5,content_211425fb1cf16055,0.6350155190251753,Medium priority,low CTR; high impressions,1153.0,0.008673026886383347,5.268863833477884,17.0
3167,client_2094c6eb080311d5,content_02b8f809eb14dd03,0.6350155190251753,Medium priority,low CTR; high impressions,1151.0,0.007819287576020852,5.475238922675934,19.0
3168,client_3f0ce4d44fe94f3d,content_2618a654c3364451,0.6350155190251753,Medium priority,low CTR; high impressions,1149.0,0.006092254134029591,4.415143603133159,5.0
3169,client_2094c6eb080311d5,content_e7667fb844188332,0.6350155190251753,Medium priority,low CTR; high impressions,1147.0,0.008718395815170008,4.556233653007847,15.0
3170,client_9958f0a7ae1df715,content_c5e03c899dba009f,0.6350155190251753,Medium priority,low CTR; high impressions,1144.0,0.006993006993006993,5.104895104895105,15.0
3171,client_3f0ce4d44fe94f3d,content_d57c792cc33eb7fd,0.6350155190251753,Medium priority,low CTR; high impressions,1139.0,0.013169446883230905,4.651448639157155,8.0
3172,client_2094c6eb080311d5,content_9cb355287ac75e5b,0.6350155190251753,Medium priority,low CTR; high impressions,1138.0,0.011423550087873463,6.8506151142355005,18.0
3173,client_0fa64a184f18a4a0,content_cd6d59d71cdfaa5e,0.6350155190251753,Medium priority,low CTR; high impressions,1137.0,0.0158311345646438,3.3139841688654355,18.0
3174,client_3f0ce4d44fe94f3d,content_0a8700850a797c51,0.6350155190251753,Medium priority,low CTR; high impressions,1136.0,0.011443661971830986,3.845950704225352,8.0
3175,client_3f0ce4d44fe94f3d,content_bbf62310cdea4e65,0.6350155190251753,Medium priority,low CTR; high impressions,1129.0,0.00974313551815766,4.385296722763507,12.0
3176,client_2094c6eb080311d5,content_b56b3d5a1751535b,0.6350155190251753,Medium priority,low CTR; high impressions,1128.0,0.00975177304964539,7.725177304964539,11.0
3177,client_3f0ce4d44fe94f3d,content_86d115761f5865ab,0.6350155190251753,Medium priority,low CTR; high impressions,1128.0,0.0062056737588652485,7.082446808510638,6.0
3178,client_3f0ce4d44fe94f3d,content_d29859fd0f53c76c,0.6350155190251753,Medium priority,low CTR; high impressions,1120.0,0.00625,3.3901785714285713,3.0
3179,client_3f0ce4d44fe94f3d,content_4b0fd69cbdeae80e,0.6350155190251753,Medium priority,low CTR; high impressions,1119.0,0.005361930294906166,5.998212689901698,6.0
3180,client_9958f0a7ae1df715,content_ee213590433c7d10,0.6350155190251753,Medium priority,low CTR; high impressions; weak average position,1116.0,0.008064516129032258,14.45878136200717,11.0
3181,client_2094c6eb080311d5,content_bb85a2769a49fbc3,0.6350155190251753,Medium priority,low CTR; high impressions,1111.0,0.0054005400540054005,5.565256525652566,12.0
3182,client_0fa64a184f18a4a0,content_1afc1807ef55c795,0.6350155190251753,Medium priority,low CTR; high impressions,1111.0,0.024302430243024302,1.5823582358235824,25.0
3183,client_0fa64a184f18a4a0,content_9fe2f8394fa76c12,0.6350155190251753,Medium priority,low CTR; high impressions,1110.0,0.011711711711711712,3.9045045045045046,16.0
3184,client_2094c6eb080311d5,content_3932fc593a7b75d8,0.6350155190251753,Medium priority,low CTR; high impressions,1110.0,0.008108108108108109,5.278378378378378,17.0
3185,client_0fa64a184f18a4a0,content_078058aa3edbc9a1,0.6350155190251753,Medium priority,low CTR; high impressions,1108.0,0.02527075812274368,2.1028880866425994,25.0
3186,client_f623b01661d4bfe4,content_af5331b6e87f7a37,0.6350155190251753,Medium priority,low CTR; high impressions; weak average position,1105.0,0.00904977375565611,35.66606334841629,13.0
3187,client_3f0ce4d44fe94f3d,content_773593d30548b438,0.6350155190251753,Medium priority,low CTR; high impressions,1103.0,0.005439709882139619,5.272892112420671,
3188,client_3f0ce4d44fe94f3d,content_1a335011019ee7bd,0.6350155190251753,Medium priority,low CTR; high impressions,1102.0,0.0054446460980036296,2.3793103448275863,
3189,client_0fa64a184f18a4a0,content_74c56a74cc320344,0.6350155190251753,Medium priority,low CTR; high impressions,1098.0,0.007285974499089253,2.1357012750455375,6.0
3190,client_2094c6eb080311d5,content_c9a3d444090fa1bb,0.6350155190251753,Medium priority,low CTR; high impressions,1098.0,0.00819672131147541,6.061930783242259,17.0
3191,client_3f0ce4d44fe94f3d,content_f74cfb511d7d8a17,0.6350155190251753,Medium priority,low CTR; high impressions,1097.0,0.0054694621695533276,6.832269826800364,4.0
3192,client_3f0ce4d44fe94f3d,content_31833ccdae54e574,0.6350155190251753,Medium priority,low CTR; high impressions,1095.0,0.005479452054794521,2.8703196347031965,4.0
3193,client_3f0ce4d44fe94f3d,content_282167a20e53775c,0.6350155190251753,Medium priority,low CTR; high impressions; weak average position,1094.0,0.005484460694698354,10.43510054844607,4.0
3194,client_0fa64a184f18a4a0,content_17251c155f463182,0.6350155190251753,Medium priority,low CTR; high impressions,1091.0,0.00916590284142988,1.995417048579285,12.0
3195,client_9958f0a7ae1df715,content_d96a8c6c700e15c3,0.6350155190251753,Medium priority,low CTR; high impressions; weak average position,1091.0,0.00458295142071494,14.964252978918424,8.0
3196,client_2094c6eb080311d5,content_72923f0b5edee698,0.6350155190251753,Medium priority,low CTR; high impressions,1088.0,0.004595588235294118,5.943014705882353,7.0
3197,client_3f0ce4d44fe94f3d,content_6e868e0c7f3fce08,0.6350155190251753,Medium priority,low CTR; high impressions,1088.0,0.0055147058823529415,3.771139705882353,2.0
3198,client_0fa64a184f18a4a0,content_0de3c7dc8e22f90d,0.6350155190251753,Medium priority,low CTR; high impressions,1086.0,0.02394106813996317,1.8425414364640884,18.0
3199,client_3f0ce4d44fe94f3d,content_8b0a60de25da8a2b,0.6350155190251753,Medium priority,low CTR; high impressions,1086.0,0.007366482504604052,3.6068139963167587,4.0
3200,client_9958f0a7ae1df715,content_278030b007943b07,0.6350155190251753,Medium priority,low CTR; high impressions,1085.0,0.011059907834101382,6.548387096774194,16.0
3201,client_9958f0a7ae1df715,content_ed05d7d993d09a0f,0.6350155190251753,Medium priority,low CTR; high impressions,1084.0,0.015682656826568265,5.026752767527675,24.0
3202,client_2094c6eb080311d5,content_0ff444622e3a594d,0.6350155190251753,Medium priority,low CTR; high impressions,1079.0,0.009267840593141797,7.41241890639481,16.0
3203,client_3f0ce4d44fe94f3d,content_75fcec8d87948907,0.6350155190251753,Medium priority,low CTR; high impressions,1075.0,0.005581395348837209,3.395348837209302,5.0
3204,client_3f0ce4d44fe94f3d,content_b7d7c68640eb9220,0.6350155190251753,Medium priority,low CTR; high impressions,1074.0,0.0074487895716946,2.6908752327746743,4.0
3205,client_3f0ce4d44fe94f3d,content_988c7ced3b6f8179,0.6350155190251753,Medium priority,low CTR; high impressions,1073.0,0.010251630941286114,3.701770736253495,6.0
3206,client_3f0ce4d44fe94f3d,content_df719c60ce72bdfb,0.6350155190251753,Medium priority,low CTR; high impressions,1066.0,0.0075046904315197,7.904315196998124,5.0
3207,client_3f0ce4d44fe94f3d,content_7008c73a19a0b3b1,0.6350155190251753,Medium priority,low CTR; high impressions; weak average position,1062.0,0.006591337099811676,11.479284369114877,1.0
3208,client_2094c6eb080311d5,content_9ac4af5e807e63d8,0.6350155190251753,Medium priority,low CTR; high impressions,1058.0,0.010396975425330813,5.593572778827977,18.0
3209,client_3f0ce4d44fe94f3d,content_2d02ad45e6fe3b2e,0.6350155190251753,Medium priority,low CTR; high impressions,1057.0,0.010406811731315043,7.924314096499527,6.0
3210,client_2094c6eb080311d5,content_ce0b2b902e6de1be,0.6350155190251753,Medium priority,low CTR; high impressions,1056.0,0.007575757575757576,7.589015151515151,11.0
3211,client_0fa64a184f18a4a0,content_97539f41507ccc81,0.6350155190251753,Medium priority,low CTR; high impressions,1053.0,0.01899335232668566,2.3846153846153846,17.0
3212,client_9958f0a7ae1df715,content_18df76b39ea44f01,0.6350155190251753,Medium priority,low CTR; high impressions; weak average position,1053.0,0.007597340930674264,20.210826210826212,75.0
3213,client_0fa64a184f18a4a0,content_3f1420329b26e4f4,0.6350155190251753,Medium priority,low CTR; high impressions,1050.0,0.005714285714285714,0.9714285714285714,7.0
3214,client_2094c6eb080311d5,content_503af425a56dccf5,0.6350155190251753,Medium priority,low CTR; high impressions,1050.0,0.017142857142857144,4.784761904761905,27.0
3215,client_3f0ce4d44fe94f3d,content_76f8d3902e49c1ee,0.6350155190251753,Medium priority,low CTR; high impressions,1048.0,0.0057251908396946565,3.9790076335877864,6.0
3216,client_3f0ce4d44fe94f3d,content_97217e0cf97c917d,0.6350155190251753,Medium priority,low CTR; high impressions,1042.0,0.015355086372360844,2.6861804222648753,9.0
3217,client_3f0ce4d44fe94f3d,content_a74de31bbdabcc37,0.6350155190251753,Medium priority,low CTR; high impressions,1039.0,0.010587102983638113,3.863330125120308,4.0
3218,client_9958f0a7ae1df715,content_32a6260c16c3cf4d,0.6350155190251753,Medium priority,low CTR; high impressions,1037.0,0.008678881388621022,5.359691417550627,8.0
3219,client_3f0ce4d44fe94f3d,content_57195309e404a304,0.6350155190251753,Medium priority,low CTR; high impressions,1036.0,0.004826254826254826,4.858108108108108,1.0
3220,client_2094c6eb080311d5,content_1b0b24dc84c0ce96,0.6350155190251753,Medium priority,low CTR; high impressions,1034.0,0.012572533849129593,6.853965183752417,23.0
3221,client_0fa64a184f18a4a0,content_f760eb07840b0211,0.6350155190251753,Medium priority,low CTR; high impressions,1034.0,0.006769825918762089,1.5841392649903288,6.0
3222,client_9958f0a7ae1df715,content_7a1bdd56e533fef5,0.6350155190251753,Medium priority,low CTR; high impressions,1029.0,0.008746355685131196,7.067055393586005,17.0
3223,client_3f0ce4d44fe94f3d,content_5b79354e8641f3cd,0.6350155190251753,Medium priority,low CTR; high impressions,1028.0,0.007782101167315175,1.5291828793774318,5.0
3224,client_2094c6eb080311d5,content_6530e4c2684e2d5d,0.6350155190251753,Medium priority,low CTR; high impressions,1025.0,0.004878048780487805,7.917073170731707,8.0
3225,client_3f0ce4d44fe94f3d,content_5b520f2a1fbaf1a5,0.6350155190251753,Medium priority,low CTR; high impressions,1022.0,0.004892367906066536,3.643835616438356,1.0
3226,client_3f0ce4d44fe94f3d,content_a316d015d567eace,0.6350155190251753,Medium priority,low CTR; high impressions,1021.0,0.00881488736532811,5.227228207639569,4.0
3227,client_0fa64a184f18a4a0,content_7be993d834ce79f4,0.6350155190251753,Medium priority,low CTR; high impressions,1021.0,0.004897159647404506,3.940254652301665,5.0
3228,client_2094c6eb080311d5,content_0e7db7c27de8aa88,0.6350155190251753,Medium priority,low CTR; high impressions,1015.0,0.008866995073891626,4.6630541871921185,20.0
3229,client_2094c6eb080311d5,content_7ccae34b533fc2b8,0.6350155190251753,Medium priority,low CTR; high impressions,1015.0,0.008866995073891626,5.403940886699507,14.0
3230,client_0fa64a184f18a4a0,content_189f5581cdab2c6d,0.6350155190251753,Medium priority,low CTR; high impressions,1012.0,0.005928853754940711,2.632411067193676,6.0
3231,client_3f0ce4d44fe94f3d,content_8bfbbda08634a4c0,0.6350155190251753,Medium priority,low CTR; high impressions,1010.0,0.0049504950495049506,2.871287128712871,2.0
3232,client_2094c6eb080311d5,content_b237b7b3aa47b511,0.6350155190251753,Medium priority,low CTR; high impressions,1010.0,0.00891089108910891,5.7772277227722775,11.0
3233,client_0fa64a184f18a4a0,content_564312156d7ebde3,0.6350155190251753,Medium priority,low CTR; high impressions,1008.0,0.00992063492063492,2.1448412698412698,8.0
3234,client_9958f0a7ae1df715,content_09652490a76784f6,0.6350155190251753,Medium priority,low CTR; high impressions,1007.0,0.007944389275074478,5.867924528301887,12.0
3235,client_2094c6eb080311d5,content_cb1d9bef2b9f968c,0.6350155190251753,Medium priority,low CTR; high impressions,1006.0,0.004970178926441352,6.414512922465208,6.0
3236,client_2094c6eb080311d5,content_1926674bb975501e,0.6350155190251753,Medium priority,low CTR; high impressions,1006.0,0.02385685884691849,6.629224652087475,28.0
3237,client_0fa64a184f18a4a0,content_95255411584db3b9,0.6350155190251753,Medium priority,low CTR; high impressions,1003.0,0.00897308075772682,1.8404785643070787,8.0
3238,client_2094c6eb080311d5,content_f5f76bb36cb522c8,0.6350155190251753,Medium priority,low CTR; high impressions,1003.0,0.005982053838484547,7.76370887337986,7.0
3239,client_3f0ce4d44fe94f3d,content_e34095178164b940,0.6350155190251753,Medium priority,low CTR; high impressions,1001.0,0.004995004995004995,3.6133866133866133,1.0
3240,client_0fa64a184f18a4a0,content_9b055db85f9bd2fa,0.6350155190251753,Medium priority,low CTR,999.0,0.007007007007007007,4.528528528528528,12.0
3241,client_3f0ce4d44fe94f3d,content_696c455f3812adf8,0.6350155190251753,Medium priority,low CTR,997.0,0.014042126379137413,1.7813440320962888,10.0
3242,client_2094c6eb080311d5,content_cff8ed502bc37690,0.6350155190251753,Medium priority,low CTR,990.0,0.020202020202020204,4.472727272727273,20.0
3243,client_2094c6eb080311d5,content_0b996961093b8de2,0.6350155190251753,Medium priority,low CTR,987.0,0.010131712259371834,6.904761904761905,17.0
3244,client_2094c6eb080311d5,content_0fe5e5be19edd06a,0.6350155190251753,Medium priority,low CTR,986.0,0.006085192697768763,4.385395537525355,15.0
3245,client_2094c6eb080311d5,content_2c2f266dadc0a100,0.6350155190251753,Medium priority,low CTR; weak average position,985.0,0.005076142131979695,18.934010152284262,7.0
3246,client_3f0ce4d44fe94f3d,content_cfc437f2abbdffe0,0.6350155190251753,Medium priority,low CTR,984.0,0.01016260162601626,4.365853658536586,9.0
3247,client_2094c6eb080311d5,content_bfeda964c5a8f49d,0.6350155190251753,Medium priority,low CTR,984.0,0.016260162601626018,6.633130081300813,32.0
3248,client_3f0ce4d44fe94f3d,content_b2038f4f167ee118,0.6350155190251753,Medium priority,low CTR; weak average position,984.0,0.00508130081300813,10.425813008130081,1.0
3249,client_3f0ce4d44fe94f3d,content_706e09acee8577ee,0.6350155190251753,Medium priority,low CTR,981.0,0.012232415902140673,2.4821610601427113,6.0
3250,client_3f0ce4d44fe94f3d,content_77ff8e4be10c29f5,0.6350155190251753,Medium priority,low CTR,980.0,0.009183673469387756,4.202040816326531,7.0
3251,client_2094c6eb080311d5,content_22e5de9b9a165ae8,0.6350155190251753,Medium priority,low CTR,979.0,0.024514811031664963,5.707865168539326,27.0
3252,client_3f0ce4d44fe94f3d,content_7490d8aa599ac045,0.6350155190251753,Medium priority,low CTR,978.0,0.006134969325153374,5.3517382413087935,7.0
3253,client_3f0ce4d44fe94f3d,content_fb31dc914d52337f,0.6350155190251753,Medium priority,low CTR,977.0,0.015353121801432957,4.532241555783009,6.0
3254,client_3f0ce4d44fe94f3d,content_0c34162703f7b889,0.6350155190251753,Medium priority,low CTR,976.0,0.011270491803278689,2.6987704918032787,7.0
3255,client_3f0ce4d44fe94f3d,content_dfd53e751d2fc9a9,0.6350155190251753,Medium priority,low CTR,971.0,0.013388259526261586,4.084449021627188,6.0
3256,client_0fa64a184f18a4a0,content_0f8e13381d93a6b7,0.6350155190251753,Medium priority,low CTR,969.0,0.010319917440660475,3.579979360165119,10.0
3257,client_2094c6eb080311d5,content_e6b52b649c8cabfc,0.6350155190251753,Medium priority,low CTR,968.0,0.006198347107438017,6.515495867768595,5.0
3258,client_2094c6eb080311d5,content_1a368d1d2e3535d4,0.6350155190251753,Medium priority,low CTR,965.0,0.010362694300518135,5.059067357512953,13.0
3259,client_0fa64a184f18a4a0,content_fc70a2e93cac4b79,0.6350155190251753,Medium priority,low CTR,963.0,0.008307372793354102,1.9740394600207685,8.0
3260,client_2094c6eb080311d5,content_b0b2546df21ba7da,0.6350155190251753,Medium priority,low CTR,959.0,0.008342022940563087,5.70281543274244,34.0
3261,client_3f0ce4d44fe94f3d,content_1b7d73c8e35ccb7e,0.6350155190251753,Medium priority,low CTR,956.0,0.008368200836820083,4.391213389121339,6.0
3262,client_2094c6eb080311d5,content_901c60a4e1eea9d8,0.6350155190251753,Medium priority,low CTR,955.0,0.014659685863874346,5.4167539267015705,17.0
3263,client_3f0ce4d44fe94f3d,content_88106e68cbe84c2c,0.6350155190251753,Medium priority,low CTR,954.0,0.007337526205450734,3.3668763102725365,2.0
3264,client_3f0ce4d44fe94f3d,content_07e15cc8ce2d1fdd,0.6350155190251753,Medium priority,low CTR,951.0,0.007360672975814932,5.054679284963196,5.0
3265,client_cd12bcfd98942aa1,content_89bc7b722d47b4a3,0.6350155190251753,Medium priority,low CTR; weak average position,950.0,0.00631578947368421,12.044210526315789,8.0
3266,client_2094c6eb080311d5,content_16b0b94cf7e7ca80,0.6350155190251753,Medium priority,low CTR,947.0,0.011615628299894404,7.003167898627244,19.0
3267,client_9958f0a7ae1df715,content_edc484e75a09d319,0.6350155190251753,Medium priority,low CTR,947.0,0.008447729672650475,9.099260823653642,13.0
3268,client_3f0ce4d44fe94f3d,content_1c0f5af90eb41574,0.6350155190251753,Medium priority,low CTR,945.0,0.005291005291005291,1.9502645502645504,
3269,client_2094c6eb080311d5,content_6c43ed5b95f1ad4f,0.6350155190251753,Medium priority,low CTR,937.0,0.007470651013874066,4.889007470651014,10.0
3270,client_9958f0a7ae1df715,content_3e31b7adea651793,0.6350155190251753,Medium priority,low CTR; weak average position,934.0,0.006423982869379015,10.171306209850107,7.0
3271,client_0fa64a184f18a4a0,content_095e59b7107e73b0,0.6350155190251753,Medium priority,low CTR,934.0,0.006423982869379015,1.6980728051391862,8.0
3272,client_3f0ce4d44fe94f3d,content_271147198e04f9fd,0.6350155190251753,Medium priority,low CTR,934.0,0.020342612419700215,6.041755888650964,6.0
3273,client_2094c6eb080311d5,content_bbdc00b68873bb27,0.6350155190251753,Medium priority,low CTR,932.0,0.023605150214592276,3.5718884120171674,37.0
3274,client_2094c6eb080311d5,content_e5e0dd4187f31d7e,0.6350155190251753,Medium priority,low CTR,931.0,0.00966702470461869,5.009667024704619,16.0
3275,client_2094c6eb080311d5,content_83575b37b286db2b,0.6350155190251753,Medium priority,low CTR,929.0,0.007534983853606028,9.17330462863294,13.0
3276,client_0fa64a184f18a4a0,content_f81fd9a32c8b0e97,0.6350155190251753,Medium priority,low CTR,929.0,0.011840688912809472,1.8019375672766416,7.0
3277,client_3f0ce4d44fe94f3d,content_e3359412e0a51493,0.6350155190251753,Medium priority,low CTR,928.0,0.007543103448275862,2.814655172413793,4.0
3278,client_2094c6eb080311d5,content_eec563804f99298e,0.6350155190251753,Medium priority,low CTR,927.0,0.007551240560949299,7.548004314994606,12.0
3279,client_3f0ce4d44fe94f3d,content_ae287099e8a59058,0.6350155190251753,Medium priority,low CTR,927.0,0.005393743257820928,6.97411003236246,
3280,client_3f0ce4d44fe94f3d,content_f1bbbddaa29bce75,0.6350155190251753,Medium priority,low CTR,925.0,0.0075675675675675675,3.483243243243243,5.0
3281,client_2094c6eb080311d5,content_c44bd5d77374155c,0.6350155190251753,Medium priority,low CTR,925.0,0.0075675675675675675,9.943783783783784,8.0
3282,client_0fa64a184f18a4a0,content_4f0bf15357d32602,0.6350155190251753,Medium priority,low CTR,921.0,0.0054288816503800215,3.6438653637350704,4.0
3283,client_2094c6eb080311d5,content_e9e5c1fa369ceeb8,0.6350155190251753,Medium priority,low CTR,920.0,0.008695652173913044,6.4206521739130435,17.0
3284,client_2094c6eb080311d5,content_b72790c311701eea,0.6350155190251753,Medium priority,low CTR; weak average position,918.0,0.0054466230936819175,11.200435729847495,6.0
3285,client_2094c6eb080311d5,content_f9b0832b33ee3bfe,0.6350155190251753,Medium priority,low CTR,914.0,0.005470459518599562,6.12253829321663,8.0
3286,client_9958f0a7ae1df715,content_ccffd84386bc7f5e,0.6350155190251753,Medium priority,low CTR,913.0,0.009857612267250822,9.669222343921138,18.0
3287,client_3f0ce4d44fe94f3d,content_aad3dff40a9c2b1d,0.6350155190251753,Medium priority,low CTR,910.0,0.007692307692307693,4.905494505494506,4.0
3288,client_2094c6eb080311d5,content_fb6935349cd343e8,0.6350155190251753,Medium priority,low CTR,908.0,0.01762114537444934,7.248898678414097,28.0
3289,client_9958f0a7ae1df715,content_8dd30087cc9d9dcf,0.6350155190251753,Medium priority,low CTR,902.0,0.007760532150776054,6.82039911308204,7.0
3290,client_3f0ce4d44fe94f3d,content_2c3cde59ff1df70a,0.6350155190251753,Medium priority,low CTR; weak average position,902.0,0.008869179600886918,11.257206208425721,4.0
3291,client_2094c6eb080311d5,content_84a5750b032df318,0.6350155190251753,Medium priority,low CTR,900.0,0.01,7.4688888888888885,19.0
3292,client_0fa64a184f18a4a0,content_d4c198d0e35b14c6,0.6350155190251753,Medium priority,low CTR,899.0,0.008898776418242492,3.5016685205784204,8.0
3293,client_2094c6eb080311d5,content_3f921df60786e33f,0.6350155190251753,Medium priority,low CTR,898.0,0.008908685968819599,7.389755011135858,11.0
3294,client_0fa64a184f18a4a0,content_108f18231f17d2a4,0.6350155190251753,Medium priority,low CTR,898.0,0.0077951002227171495,2.101336302895323,8.0
3295,client_9958f0a7ae1df715,content_3d5831138dc766c4,0.6350155190251753,Medium priority,low CTR,898.0,0.011135857461024499,9.690423162583519,26.0
3296,client_2094c6eb080311d5,content_9716bad98f59701f,0.6350155190251753,Medium priority,low CTR,897.0,0.007803790412486065,5.162764771460424,17.0
3297,client_3f0ce4d44fe94f3d,content_413b7bbcb984e8a6,0.6350155190251753,Medium priority,low CTR,896.0,0.0078125,2.6919642857142856,3.0
3298,client_f623b01661d4bfe4,content_b1909f455c4eca76,0.6350155190251753,Medium priority,low CTR; weak average position,895.0,0.0067039106145251395,24.124022346368715,6.0
3299,client_0fa64a184f18a4a0,content_468e0ba87a42fab2,0.6350155190251753,Medium priority,low CTR,895.0,0.004469273743016759,2.2592178770949722,2.0
3300,client_3f0ce4d44fe94f3d,content_82df1c629442f939,0.6350155190251753,Medium priority,low CTR,891.0,0.010101010101010102,4.914702581369248,5.0
3301,client_2094c6eb080311d5,content_21d79d4de272c869,0.6350155190251753,Medium priority,low CTR; weak average position,890.0,0.0044943820224719105,12.278651685393259,3.0
3302,client_2094c6eb080311d5,content_e01332cabae710fe,0.6350155190251753,Medium priority,low CTR,889.0,0.0044994375703037125,6.943757030371204,3.0
3303,client_3f0ce4d44fe94f3d,content_3c94ac6dc15b8bb8,0.6350155190251753,Medium priority,low CTR; weak average position,886.0,0.004514672686230248,13.647855530474041,2.0
3304,client_3f0ce4d44fe94f3d,content_c250bfa89a7167af,0.6350155190251753,Medium priority,low CTR,886.0,0.0056433408577878106,5.1173814898419865,3.0
3305,client_2094c6eb080311d5,content_2a054eb22b12c2ed,0.6350155190251753,Medium priority,low CTR,885.0,0.01694915254237288,4.349152542372881,21.0
3306,client_2094c6eb080311d5,content_f84a7b44242e7f75,0.6350155190251753,Medium priority,low CTR,883.0,0.007927519818799546,6.425821064552661,23.0
3307,client_0fa64a184f18a4a0,content_4ceed83bca2cfc38,0.6350155190251753,Medium priority,low CTR,878.0,0.004555808656036446,4.103644646924829,2.0
3308,client_3f0ce4d44fe94f3d,content_cbaed40b83f2ec8d,0.6350155190251753,Medium priority,low CTR,878.0,0.03530751708428246,3.3929384965831435,11.0
3309,client_2094c6eb080311d5,content_3b8a774df66f1d88,0.6350155190251753,Medium priority,low CTR,877.0,0.010262257696693273,8.17103762827822,17.0
3310,client_f623b01661d4bfe4,content_2fe8148959be7e92,0.6350155190251753,Medium priority,low CTR,877.0,0.004561003420752566,5.789053591790194,4.0
3311,client_3f0ce4d44fe94f3d,content_4be87f18f21fea64,0.6350155190251753,Medium priority,low CTR,875.0,0.011428571428571429,3.2137142857142855,4.0
3312,client_3f0ce4d44fe94f3d,content_0b733bef1401b1e7,0.6350155190251753,Medium priority,low CTR; weak average position,875.0,0.004571428571428572,10.97942857142857,2.0
3313,client_2094c6eb080311d5,content_5c7d6d2702dda5a9,0.6350155190251753,Medium priority,low CTR,871.0,0.009184845005740528,7.2560275545350175,10.0
3314,client_3f0ce4d44fe94f3d,content_d1854e7493a9e3b5,0.6350155190251753,Medium priority,low CTR,871.0,0.016073478760045924,5.710677382319173,13.0
3315,client_0fa64a184f18a4a0,content_593822881f0e5c28,0.6350155190251753,Medium priority,low CTR,871.0,0.009184845005740528,1.5878300803673937,7.0
3316,client_f623b01661d4bfe4,content_53ce689798e03d43,0.6350155190251753,Medium priority,low CTR,868.0,0.01152073732718894,6.6808755760368665,13.0
3317,client_3f0ce4d44fe94f3d,content_6ca4da7864d59bd4,0.6350155190251753,Medium priority,low CTR,867.0,0.00461361014994233,2.9457900807381776,2.0
3318,client_2094c6eb080311d5,content_4250285612536649,0.6350155190251753,Medium priority,low CTR,867.0,0.008073817762399077,5.8431372549019605,8.0
3319,client_3f0ce4d44fe94f3d,content_679a7e9cabb3a213,0.6350155190251753,Medium priority,low CTR,866.0,0.010392609699769052,5.922632794457275,6.0
3320,client_3f0ce4d44fe94f3d,content_93a7a3f79e228393,0.6350155190251753,Medium priority,low CTR,866.0,0.006928406466512702,3.1374133949191685,4.0
3321,client_0fa64a184f18a4a0,content_06ec50e4f390d5cb,0.6350155190251753,Medium priority,low CTR,866.0,0.005773672055427252,3.2424942263279446,7.0
3322,client_0fa64a184f18a4a0,content_1889605662aea625,0.6350155190251753,Medium priority,low CTR,865.0,0.011560693641618497,1.7976878612716762,12.0
3323,client_3f0ce4d44fe94f3d,content_9ea457a4455e2c7f,0.6350155190251753,Medium priority,low CTR,863.0,0.004634994206257242,4.492468134414832,3.0
3324,client_2094c6eb080311d5,content_fc384888ff64fb03,0.6350155190251753,Medium priority,low CTR; weak average position,863.0,0.006952491309385863,16.71031286210892,13.0
3325,client_3f0ce4d44fe94f3d,content_611ccbe35e5fe5ee,0.6350155190251753,Medium priority,low CTR,862.0,0.00580046403712297,3.417633410672854,3.0
3326,client_3f0ce4d44fe94f3d,content_01a118f40d397eb5,0.6350155190251753,Medium priority,low CTR,862.0,0.004640371229698376,8.829466357308585,3.0
3327,client_0fa64a184f18a4a0,content_dce1b95be5bef785,0.6350155190251753,Medium priority,low CTR,861.0,0.008130081300813009,9.879210220673635,6.0
3328,client_0fa64a184f18a4a0,content_8bf12762e6dc341f,0.6350155190251753,Medium priority,low CTR,861.0,0.010452961672473868,4.0534262485482,9.0
3329,client_3f0ce4d44fe94f3d,content_2d274fb0a0dc0f8c,0.6350155190251753,Medium priority,low CTR,859.0,0.006984866123399301,4.105937136204889,3.0
3330,client_2094c6eb080311d5,content_f1dd2085554fc88d,0.6350155190251753,Medium priority,low CTR,859.0,0.008149010477299184,9.406286379511059,10.0
3331,client_2094c6eb080311d5,content_35ce905a1b34c14b,0.6350155190251753,Medium priority,low CTR,858.0,0.009324009324009324,7.34965034965035,8.0
3332,client_0fa64a184f18a4a0,content_9acafd4d9fc917f5,0.6350155190251753,Medium priority,low CTR,858.0,0.005827505827505828,4.233100233100233,4.0
3333,client_0fa64a184f18a4a0,content_c2383e3f7a0c5eb0,0.6350155190251753,Medium priority,low CTR,857.0,0.005834305717619603,3.662777129521587,6.0
3334,client_3f0ce4d44fe94f3d,content_48ad2e9950ff8861,0.6350155190251753,Medium priority,low CTR,854.0,0.00468384074941452,1.8372365339578454,2.0
3335,client_9958f0a7ae1df715,content_a690b61cb0e861ae,0.6350155190251753,Medium priority,low CTR,854.0,0.00468384074941452,7.762295081967213,4.0
3336,client_9958f0a7ae1df715,content_007fdd87428befa0,0.6350155190251753,Medium priority,low CTR,853.0,0.005861664712778429,9.916764361078545,8.0
3337,client_0fa64a184f18a4a0,content_465e0b1d9a8bea7d,0.6350155190251753,Medium priority,low CTR,853.0,0.004689331770222743,2.947245017584994,3.0
3338,client_0fa64a184f18a4a0,content_ec0d8b5e2df0962c,0.6350155190251753,Medium priority,low CTR,850.0,0.01411764705882353,1.3388235294117647,9.0
3339,client_3f0ce4d44fe94f3d,content_8c6f041a2148b36b,0.6350155190251753,Medium priority,low CTR,848.0,0.00589622641509434,9.637971698113208,2.0
3340,client_2094c6eb080311d5,content_58c346fc5a818017,0.6350155190251753,Medium priority,low CTR,848.0,0.01179245283018868,9.70754716981132,10.0
3341,client_3f0ce4d44fe94f3d,content_b559048f796af45e,0.6350155190251753,Medium priority,low CTR,846.0,0.01182033096926714,5.088652482269503,4.0
3342,client_3f0ce4d44fe94f3d,content_2e52e2aa9148fd56,0.6350155190251753,Medium priority,low CTR,844.0,0.009478672985781991,4.406398104265403,3.0
3343,client_2094c6eb080311d5,content_1b465784d8b78bdf,0.6350155190251753,Medium priority,low CTR,844.0,0.005924170616113744,4.752369668246446,8.0
3344,client_3f0ce4d44fe94f3d,content_2b053366a646614d,0.6350155190251753,Medium priority,low CTR,842.0,0.009501187648456057,4.22209026128266,5.0
3345,client_3f0ce4d44fe94f3d,content_05a5e63f54d2e9d4,0.6350155190251753,Medium priority,low CTR,841.0,0.0047562425683709865,3.7538644470868014,3.0
3346,client_3f0ce4d44fe94f3d,content_86969ddf96e5be1f,0.6350155190251753,Medium priority,low CTR,838.0,0.015513126491646777,4.285202863961814,12.0
3347,client_2094c6eb080311d5,content_ce19bf373cf49218,0.6350155190251753,Medium priority,low CTR,838.0,0.0059665871121718375,5.315035799522673,7.0
3348,client_2094c6eb080311d5,content_f1cff656c2abe4bd,0.6350155190251753,Medium priority,low CTR,838.0,0.00477326968973747,7.361575178997613,8.0
3349,client_0fa64a184f18a4a0,content_55eefe16df41b159,0.6350155190251753,Medium priority,low CTR; weak average position,837.0,0.0047789725209080045,15.620071684587813,3.0
3350,client_9958f0a7ae1df715,content_c5c8a9160d8b64ae,0.6350155190251753,Medium priority,low CTR; weak average position,836.0,0.005980861244019139,23.919856459330145,26.0
3351,client_9958f0a7ae1df715,content_db46e3ea3e279c0c,0.6350155190251753,Medium priority,low CTR,836.0,0.007177033492822967,6.553827751196172,6.0
3352,client_0fa64a184f18a4a0,content_ca60a68d7b2b7f3f,0.6350155190251753,Medium priority,low CTR,836.0,0.005980861244019139,2.520334928229665,7.0
3353,client_3f0ce4d44fe94f3d,content_6c9a6c5ef3178777,0.6350155190251753,Medium priority,low CTR,836.0,0.005980861244019139,5.276315789473684,3.0
3354,client_3f0ce4d44fe94f3d,content_50e34775edc2b507,0.6350155190251753,Medium priority,low CTR,834.0,0.004796163069544364,2.645083932853717,3.0
3355,client_2094c6eb080311d5,content_c0325b6461c1590a,0.6350155190251753,Medium priority,low CTR,831.0,0.009626955475330927,6.936221419975933,70.0
3356,client_0fa64a184f18a4a0,content_d7bfdaca4c21c6d7,0.6350155190251753,Medium priority,low CTR,831.0,0.006016847172081829,1.717208182912154,5.0
3357,client_0fa64a184f18a4a0,content_2eb310cfaab8be1c,0.6350155190251753,Medium priority,low CTR,831.0,0.009626955475330927,3.18531889290012,8.0
3358,client_2094c6eb080311d5,content_abb9b75bba6a1e98,0.6350155190251753,Medium priority,low CTR,829.0,0.010856453558504222,7.434258142340169,10.0
3359,client_0fa64a184f18a4a0,content_b65cbd40e26b4edd,0.6350155190251753,Medium priority,low CTR,829.0,0.0048250904704463205,2.6598311218335344,4.0
3360,client_9958f0a7ae1df715,content_019f806750ffe356,0.6350155190251753,Medium priority,low CTR; weak average position,827.0,0.009673518742442563,10.836759371221282,9.0
3361,client_0fa64a184f18a4a0,content_9614ee15649c1628,0.6350155190251753,Medium priority,low CTR,827.0,0.0048367593712212815,3.342200725513906,2.0
3362,client_3f0ce4d44fe94f3d,content_3703a9eb55c0059e,0.6350155190251753,Medium priority,low CTR,826.0,0.009685230024213076,5.246973365617434,2.0
3363,client_0fa64a184f18a4a0,content_dbdbb5a2b039d334,0.6350155190251753,Medium priority,low CTR,823.0,0.004860267314702308,2.560145808019441,5.0
3364,client_9958f0a7ae1df715,content_3c73f7fe8b27a996,0.6350155190251753,Medium priority,low CTR; weak average position,823.0,0.007290400972053463,10.351154313487243,12.0
3365,client_3f0ce4d44fe94f3d,content_8d15b2aaf20103f5,0.6350155190251753,Medium priority,low CTR,822.0,0.006082725060827251,2.437956204379562,3.0
3366,client_2094c6eb080311d5,content_3cc789302e599684,0.6350155190251753,Medium priority,low CTR,821.0,0.0060901339829476245,6.02436053593179,5.0
3367,client_2094c6eb080311d5,content_ea18c6b9007b0f30,0.6350155190251753,Medium priority,low CTR,820.0,0.013414634146341463,5.269512195121951,21.0
3368,client_0fa64a184f18a4a0,content_3acfb6eb359e6567,0.6350155190251753,Medium priority,low CTR,819.0,0.013431013431013432,3.5103785103785103,9.0
3369,client_3f0ce4d44fe94f3d,content_a075cd0f737c03e9,0.6350155190251753,Medium priority,low CTR,818.0,0.011002444987775062,9.47555012224939,10.0
3370,client_3f0ce4d44fe94f3d,content_352b2c3c88533972,0.6350155190251753,Medium priority,low CTR,818.0,0.011002444987775062,3.471882640586797,6.0
3371,client_0fa64a184f18a4a0,content_4e6d7f905ba6dacc,0.6350155190251753,Medium priority,low CTR,817.0,0.004895960832313341,1.255813953488372,4.0
3372,client_3f0ce4d44fe94f3d,content_b6ff0922b2f386be,0.6350155190251753,Medium priority,low CTR,816.0,0.012254901960784314,3.3357843137254903,8.0
3373,client_9958f0a7ae1df715,content_ec049ff8109cf6bf,0.6350155190251753,Medium priority,low CTR,816.0,0.004901960784313725,7.770833333333333,8.0
3374,client_3f0ce4d44fe94f3d,content_9da332b6213b4d40,0.6350155190251753,Medium priority,low CTR,816.0,0.006127450980392157,5.227941176470588,1.0
3375,client_0fa64a184f18a4a0,content_2a4f2acfd181598a,0.6350155190251753,Medium priority,low CTR,812.0,0.006157635467980296,1.4248768472906403,5.0
3376,client_9958f0a7ae1df715,content_90c18930d4a3545c,0.6350155190251753,Medium priority,low CTR; weak average position,811.0,0.004932182490752158,14.24537607891492,10.0
3377,client_0fa64a184f18a4a0,content_d67d77caefb2c748,0.6350155190251753,Medium priority,low CTR,810.0,0.008641975308641974,2.533333333333333,5.0
3378,client_3f0ce4d44fe94f3d,content_a88eb7ad70d0f9e2,0.6350155190251753,Medium priority,low CTR,810.0,0.0049382716049382715,4.274074074074074,2.0
3379,client_0fa64a184f18a4a0,content_095c4b12ba2b6c6d,0.6350155190251753,Medium priority,low CTR,810.0,0.0049382716049382715,2.482716049382716,5.0
3380,client_3f0ce4d44fe94f3d,content_1d14b802c41ff36d,0.6350155190251753,Medium priority,low CTR,808.0,0.006188118811881188,3.3267326732673266,3.0
3381,client_3f0ce4d44fe94f3d,content_a56fd5bfa31396de,0.6350155190251753,Medium priority,low CTR; weak average position,807.0,0.006195786864931847,13.127633209417596,3.0
3382,client_0fa64a184f18a4a0,content_948dd02065d5e77e,0.6350155190251753,Medium priority,low CTR,804.0,0.008706467661691543,4.654228855721393,5.0
3383,client_0fa64a184f18a4a0,content_c05fab68aae9b692,0.6350155190251753,Medium priority,low CTR,804.0,0.006218905472636816,0.972636815920398,5.0
3384,client_9958f0a7ae1df715,content_5ddad3bdd0ccff37,0.6350155190251753,Medium priority,low CTR; weak average position,801.0,0.009987515605493134,12.98876404494382,14.0
3385,client_3f0ce4d44fe94f3d,content_253a28991599b6b4,0.6350155190251753,Medium priority,low CTR,798.0,0.012531328320802004,2.3909774436090228,10.0
3386,client_3f0ce4d44fe94f3d,content_a277eef6dadc26ba,0.6350155190251753,Medium priority,low CTR,797.0,0.0075282308657465494,5.084065244667503,5.0
3387,client_9958f0a7ae1df715,content_f778a8371e93a1a7,0.6350155190251753,Medium priority,low CTR; weak average position,796.0,0.008793969849246231,15.881909547738694,7.0
3388,client_0fa64a184f18a4a0,content_4de279d1f07907d8,0.6350155190251753,Medium priority,low CTR,796.0,0.00628140703517588,3.5653266331658293,4.0
3389,client_0fa64a184f18a4a0,content_e55efb2cf86734f5,0.6350155190251753,Medium priority,low CTR,794.0,0.006297229219143577,4.244332493702771,3.0
3390,client_0fa64a184f18a4a0,content_e3951096b95c76e8,0.6350155190251753,Medium priority,low CTR,792.0,0.006313131313131313,1.3358585858585859,5.0
3391,client_2094c6eb080311d5,content_84f4eba9ca53e9f6,0.6350155190251753,Medium priority,low CTR,787.0,0.008894536213468869,7.205844980940279,6.0
3392,client_f623b01661d4bfe4,content_ed67a2a35929aaf7,0.6350155190251753,Medium priority,low CTR; weak average position,786.0,0.04961832061068702,15.15267175572519,41.0
3393,client_2094c6eb080311d5,content_14908707478157c5,0.6350155190251753,Medium priority,low CTR,786.0,0.007633587786259542,6.811704834605598,16.0
3394,client_3f0ce4d44fe94f3d,content_066f8b38a1a2efe1,0.6350155190251753,Medium priority,low CTR,783.0,0.007662835249042145,2.5759897828863347,2.0
3395,client_9958f0a7ae1df715,content_9d7332bc3de33eb6,0.6350155190251753,Medium priority,low CTR,782.0,0.005115089514066497,9.81841432225064,8.0
3396,client_3f0ce4d44fe94f3d,content_528210123605eb6b,0.6350155190251753,Medium priority,low CTR,782.0,0.0076726342710997444,6.168797953964194,5.0
3397,client_3f0ce4d44fe94f3d,content_45342c165d8ad6ae,0.6350155190251753,Medium priority,low CTR,782.0,0.005115089514066497,6.034526854219949,4.0
3398,client_0fa64a184f18a4a0,content_03330bd5fc8a2557,0.6350155190251753,Medium priority,low CTR,781.0,0.006402048655569782,2.2163892445582585,4.0
3399,client_2094c6eb080311d5,content_fe95fc3472652b26,0.6350155190251753,Medium priority,low CTR,779.0,0.011553273427471117,5.528883183568678,20.0
3400,client_9958f0a7ae1df715,content_efa8e72c2d730cfa,0.6350155190251753,Medium priority,low CTR,779.0,0.012836970474967908,7.023106546854942,14.0
3401,client_3f0ce4d44fe94f3d,content_50daf7bda81083c4,0.6350155190251753,Medium priority,low CTR,778.0,0.015424164524421594,4.553984575835476,7.0
3402,client_3f0ce4d44fe94f3d,content_e45b276c65216488,0.6350155190251753,Medium priority,low CTR; weak average position,778.0,0.005141388174807198,10.438303341902314,3.0
3403,client_0fa64a184f18a4a0,content_87a295d6e4b85462,0.6350155190251753,Medium priority,low CTR,778.0,0.006426735218508998,2.6632390745501286,6.0
3404,client_2094c6eb080311d5,content_cbabaed76036cbf7,0.6350155190251753,Medium priority,low CTR,771.0,0.011673151750972763,5.879377431906615,18.0
3405,client_0fa64a184f18a4a0,content_e0409516b37cc8e7,0.6350155190251753,Medium priority,low CTR,771.0,0.00648508430609598,2.2944228274967573,5.0
3406,client_3f0ce4d44fe94f3d,content_01ce6214350f6733,0.6350155190251753,Medium priority,low CTR; weak average position,771.0,0.007782101167315175,12.453955901426719,5.0
3407,client_f623b01661d4bfe4,content_addb5b9a80d06dcb,0.6350155190251753,Medium priority,low CTR,770.0,0.006493506493506494,0.7831168831168831,5.0
3408,client_3f0ce4d44fe94f3d,content_5d97c3915cc0555f,0.6350155190251753,Medium priority,low CTR,765.0,0.00522875816993464,5.824836601307189,3.0
3409,client_9958f0a7ae1df715,content_adc116ff8257a5a0,0.6350155190251753,Medium priority,low CTR,765.0,0.01045751633986928,7.376470588235295,14.0
3410,client_3f0ce4d44fe94f3d,content_4f37aca9c880ade6,0.6350155190251753,Medium priority,low CTR,764.0,0.011780104712041885,3.787958115183246,5.0
3411,client_2094c6eb080311d5,content_eeccd727f9c561d9,0.6350155190251753,Medium priority,low CTR,763.0,0.005242463958060288,8.53735255570118,3.0
3412,client_0fa64a184f18a4a0,content_27c806fd4eb9568e,0.6350155190251753,Medium priority,low CTR,763.0,0.010484927916120577,2.437745740498034,8.0
3413,client_2094c6eb080311d5,content_c9ddaabcb8a95a47,0.6350155190251753,Medium priority,low CTR,760.0,0.018421052631578946,6.342105263157895,15.0
3414,client_2094c6eb080311d5,content_d147dce7b2f3449b,0.6350155190251753,Medium priority,low CTR; weak average position,759.0,0.005270092226613966,29.31620553359684,5.0
3415,client_9958f0a7ae1df715,content_ead143532cd7e033,0.6350155190251753,Medium priority,low CTR; weak average position,756.0,0.005291005291005291,11.003968253968255,5.0
3416,client_3f0ce4d44fe94f3d,content_711a9cedbe40e16e,0.6350155190251753,Medium priority,low CTR,755.0,0.009271523178807948,8.919205298013246,5.0
3417,client_3f0ce4d44fe94f3d,content_9d009bec97bdfc7e,0.6350155190251753,Medium priority,low CTR,754.0,0.010610079575596816,2.6777188328912467,6.0
3418,client_2094c6eb080311d5,content_8936ab075397b422,0.6350155190251753,Medium priority,low CTR,753.0,0.009296148738379814,4.50464807436919,7.0
3419,client_9958f0a7ae1df715,content_26025baed09bd7f9,0.6350155190251753,Medium priority,low CTR,749.0,0.0053404539385847796,7.981308411214953,9.0
3420,client_3f0ce4d44fe94f3d,content_b77c4ed5a5fc156c,0.6350155190251753,Medium priority,low CTR; weak average position,749.0,0.006675567423230975,10.779706275033378,3.0
3421,client_9958f0a7ae1df715,content_ce9f10dfe8c78326,0.6350155190251753,Medium priority,low CTR,748.0,0.0066844919786096255,7.060160427807487,6.0
3422,client_3f0ce4d44fe94f3d,content_80d8ead685845609,0.6350155190251753,Medium priority,low CTR,748.0,0.02406417112299465,4.070855614973262,14.0
3423,client_9958f0a7ae1df715,content_651a36e5f8e7b185,0.6350155190251753,Medium priority,low CTR,747.0,0.013386880856760375,8.690763052208835,12.0
3424,client_3f0ce4d44fe94f3d,content_cff2e651c7eb1050,0.6350155190251753,Medium priority,low CTR,745.0,0.006711409395973154,4.350335570469799,4.0
3425,client_0fa64a184f18a4a0,content_16f3864feae8812a,0.6350155190251753,Medium priority,low CTR,740.0,0.006756756756756757,3.0864864864864865,2.0
3426,client_9958f0a7ae1df715,content_bd95fb12461cd35f,0.6350155190251753,Medium priority,low CTR,740.0,0.016216216216216217,6.706756756756757,22.0
3427,client_3f0ce4d44fe94f3d,content_a445ee94971f161c,0.6350155190251753,Medium priority,low CTR,740.0,0.005405405405405406,2.2756756756756755,2.0
3428,client_2094c6eb080311d5,content_1b2ef26b0e3e3d2c,0.6350155190251753,Medium priority,low CTR; weak average position,739.0,0.02165087956698241,11.515561569688769,24.0
3429,client_f623b01661d4bfe4,content_7dcb0f0a8b1bd7a0,0.6350155190251753,Medium priority,low CTR,738.0,0.009485094850948509,9.86720867208672,9.0
3430,client_3f0ce4d44fe94f3d,content_ea48b524532b596f,0.6350155190251753,Medium priority,low CTR,738.0,0.006775067750677507,5.737127371273712,6.0
3431,client_2094c6eb080311d5,content_e476de9e04c767cd,0.6350155190251753,Medium priority,low CTR,735.0,0.00816326530612245,7.118367346938776,6.0
3432,client_3f0ce4d44fe94f3d,content_528c0eb44fe6955e,0.6350155190251753,Medium priority,low CTR,735.0,0.009523809523809525,3.602721088435374,5.0
3433,client_2094c6eb080311d5,content_669e5069458769b7,0.6350155190251753,Medium priority,low CTR,733.0,0.023192360163710776,4.3287858117326055,27.0
3434,client_9958f0a7ae1df715,content_79bfcf05bc81bf82,0.6350155190251753,Medium priority,low CTR,732.0,0.00546448087431694,5.41120218579235,3.0
3435,client_3f0ce4d44fe94f3d,content_69e9b15e3b10f231,0.6350155190251753,Medium priority,low CTR,732.0,0.012295081967213115,3.0327868852459017,5.0
3436,client_3f0ce4d44fe94f3d,content_8e290f43f58f8787,0.6350155190251753,Medium priority,low CTR,731.0,0.02051983584131327,6.6812585499316,9.0
3437,client_9958f0a7ae1df715,content_ba61856f7ed0d161,0.6350155190251753,Medium priority,low CTR,730.0,0.009589041095890411,8.831506849315069,8.0
3438,client_3f0ce4d44fe94f3d,content_545e156646ba3298,0.6350155190251753,Medium priority,low CTR,730.0,0.021917808219178082,5.384931506849315,8.0
3439,client_3f0ce4d44fe94f3d,content_b77376335772f739,0.6350155190251753,Medium priority,low CTR,729.0,0.00823045267489712,4.92318244170096,2.0
3440,client_2094c6eb080311d5,content_57a7e6a1b4c862e2,0.6350155190251753,Medium priority,low CTR,728.0,0.008241758241758242,8.512362637362637,8.0
3441,client_9958f0a7ae1df715,content_4ea9f4e2bfab5ba2,0.6350155190251753,Medium priority,low CTR; weak average position,725.0,0.005517241379310344,12.732413793103449,5.0
3442,client_3f0ce4d44fe94f3d,content_abe55754705b55bc,0.6350155190251753,Medium priority,low CTR,725.0,0.009655172413793104,4.259310344827586,4.0
3443,client_0fa64a184f18a4a0,content_bc11c4c2b808c600,0.6350155190251753,Medium priority,low CTR,724.0,0.0055248618784530384,4.151933701657459,4.0
3444,client_0fa64a184f18a4a0,content_cdcbe1f281f20983,0.6350155190251753,Medium priority,low CTR,724.0,0.006906077348066298,3.0511049723756907,4.0
3445,client_3f0ce4d44fe94f3d,content_3fd1def1f2ff65da,0.6350155190251753,Medium priority,low CTR,722.0,0.013850415512465374,3.1952908587257616,5.0
3446,client_3f0ce4d44fe94f3d,content_5f9ad9d7f0006d79,0.6350155190251753,Medium priority,low CTR,720.0,0.0125,5.659722222222222,6.0
3447,client_2094c6eb080311d5,content_c65f79ead2aa522c,0.6350155190251753,Medium priority,low CTR,717.0,0.011157601115760111,8.248256624825663,13.0
3448,client_2094c6eb080311d5,content_05a23825ee7767e1,0.6350155190251753,Medium priority,low CTR,717.0,0.016736401673640166,4.582984658298466,14.0
3449,client_2094c6eb080311d5,content_4f62bcaaa2448c60,0.6350155190251753,Medium priority,low CTR,716.0,0.023743016759776536,6.761173184357542,22.0
3450,client_3f0ce4d44fe94f3d,content_cc6494a29c42b706,0.6350155190251753,Medium priority,low CTR,711.0,0.005625879043600563,2.909985935302391,5.0
3451,client_3f0ce4d44fe94f3d,content_94cdc0e4c539b95a,0.6350155190251753,Medium priority,low CTR,711.0,0.007032348804500703,3.9831223628691985,8.0
3452,client_f623b01661d4bfe4,content_eb90d454afa7daaa,0.6350155190251753,Medium priority,low CTR; weak average position,708.0,0.00847457627118644,17.837570621468927,10.0
3453,client_2094c6eb080311d5,content_f776b04f1b11c2a7,0.6350155190251753,Medium priority,low CTR,707.0,0.036775106082036775,4.496463932107496,36.0
3454,client_cd12bcfd98942aa1,content_0cdf3424ae3d4b86,0.6350155190251753,Medium priority,low CTR,707.0,0.014144271570014143,3.867043847241867,12.0
3455,client_f623b01661d4bfe4,content_9e5756c79cdca7df,0.6350155190251753,Medium priority,low CTR; weak average position,704.0,0.018465909090909092,37.96875,13.0
3456,client_0fa64a184f18a4a0,content_f49154a60fa5ac85,0.6350155190251753,Medium priority,low CTR,704.0,0.014204545454545454,2.1235795454545454,9.0
3457,client_3f0ce4d44fe94f3d,content_c3fe650569b37fa5,0.6350155190251753,Medium priority,low CTR,703.0,0.012802275960170697,2.863442389758179,6.0
3458,client_3f0ce4d44fe94f3d,content_5391b80c760839ef,0.6350155190251753,Medium priority,low CTR,703.0,0.007112375533428165,4.695590327169275,
3459,client_0fa64a184f18a4a0,content_a4f6ae139e17a390,0.6350155190251753,Medium priority,low CTR,700.0,0.011428571428571429,2.697142857142857,6.0
3460,client_0fa64a184f18a4a0,content_964763780325de66,0.6350155190251753,Medium priority,low CTR,700.0,0.005714285714285714,2.85,3.0
3461,client_cd12bcfd98942aa1,content_0cc2c6bf81d0535d,0.6350155190251753,Medium priority,low CTR,698.0,0.0071633237822349575,7.70487106017192,10.0
3462,client_0fa64a184f18a4a0,content_c122b0520f7bfcac,0.6350155190251753,Medium priority,low CTR,697.0,0.024390243902439025,2.5164992826398853,15.0
3463,client_2094c6eb080311d5,content_2d0de9c0e5a236c8,0.6350155190251753,Medium priority,low CTR,697.0,0.018651362984218076,2.5351506456241033,16.0
3464,client_2094c6eb080311d5,content_6d1cab5967f10b2e,0.6350155190251753,Medium priority,low CTR,695.0,0.011510791366906475,6.113669064748201,13.0
3465,client_2094c6eb080311d5,content_0c0e6d2557f2d068,0.6350155190251753,Medium priority,low CTR,694.0,0.01585014409221902,5.373198847262248,22.0
3466,client_2094c6eb080311d5,content_fd6237898de2ae46,0.6350155190251753,Medium priority,low CTR,693.0,0.005772005772005772,7.404040404040404,8.0
3467,client_cd12bcfd98942aa1,content_0e77331194d0ccce,0.6350155190251753,Medium priority,low CTR,692.0,0.008670520231213872,7.595375722543353,18.0
3468,client_9958f0a7ae1df715,content_b9fe073625c9cfd0,0.6350155190251753,Medium priority,low CTR,691.0,0.010130246020260492,6.933429811866859,15.0
3469,client_2094c6eb080311d5,content_80901db56691e2ae,0.6350155190251753,Medium priority,low CTR,691.0,0.010130246020260492,5.312590448625181,13.0
3470,client_3f0ce4d44fe94f3d,content_a7386df1c205f929,0.6350155190251753,Medium priority,low CTR,691.0,0.005788712011577424,4.8219971056439945,1.0
3471,client_2094c6eb080311d5,content_29fc1c47ee0ca611,0.6350155190251753,Medium priority,low CTR,689.0,0.00725689404934688,6.332365747460087,4.0
3472,client_3f0ce4d44fe94f3d,content_280e4f71dd5efaf9,0.6350155190251753,Medium priority,low CTR,689.0,0.010159651669085631,4.957910014513788,4.0
3473,client_2094c6eb080311d5,content_1dfd8c2ae4364a27,0.6350155190251753,Medium priority,low CTR; weak average position,688.0,0.007267441860465116,14.398255813953488,7.0
3474,client_3f0ce4d44fe94f3d,content_6015bb19ce3ec650,0.6350155190251753,Medium priority,low CTR,687.0,0.005822416302765648,1.3304221251819506,4.0
3475,client_9958f0a7ae1df715,content_2ffcc54d1fa53b93,0.6350155190251753,Medium priority,low CTR; weak average position,687.0,0.005822416302765648,25.87481804949054,4.0
3476,client_3f0ce4d44fe94f3d,content_dba589a63befe130,0.6350155190251753,Medium priority,low CTR,686.0,0.013119533527696793,3.2244897959183674,9.0
3477,client_3f0ce4d44fe94f3d,content_6ea02b2e74982049,0.6350155190251753,Medium priority,low CTR; weak average position,686.0,0.0058309037900874635,11.714285714285714,3.0
3478,client_2094c6eb080311d5,content_9aa5fd8b4847cfca,0.6350155190251753,Medium priority,low CTR,679.0,0.016200294550810016,3.3755522827687776,15.0
3479,client_3f0ce4d44fe94f3d,content_be5654baa24caab2,0.6350155190251753,Medium priority,low CTR,676.0,0.019230769230769232,2.56508875739645,11.0
3480,client_2094c6eb080311d5,content_5c6ac31524584e1c,0.6350155190251753,Medium priority,low CTR,676.0,0.0073964497041420114,6.732248520710059,14.0
3481,client_3f0ce4d44fe94f3d,content_388fa288e762427a,0.6350155190251753,Medium priority,low CTR,676.0,0.026627218934911243,2.4497041420118344,13.0
3482,client_3f0ce4d44fe94f3d,content_ac4d98b999cd7b22,0.6350155190251753,Medium priority,low CTR,676.0,0.019230769230769232,3.883136094674556,6.0
3483,client_3f0ce4d44fe94f3d,content_85fd4e347eaca169,0.6350155190251753,Medium priority,low CTR,676.0,0.0073964497041420114,7.180473372781065,1.0
3484,client_2094c6eb080311d5,content_d7e4287ecc31dfdc,0.6350155190251753,Medium priority,low CTR,673.0,0.008915304606240713,3.8410104011887074,12.0
3485,client_2094c6eb080311d5,content_4ac3f0de243d5052,0.6350155190251753,Medium priority,low CTR,671.0,0.004470938897168405,5.7466467958271235,12.0
3486,client_2094c6eb080311d5,content_f3030b85fe82ac96,0.6350155190251753,Medium priority,low CTR,671.0,0.004470938897168405,5.384500745156483,7.0
3487,client_3f0ce4d44fe94f3d,content_48895c853d98e4b4,0.6350155190251753,Medium priority,low CTR,670.0,0.013432835820895522,3.5686567164179106,1.0
3488,client_0fa64a184f18a4a0,content_674b2a6ae8cb08fb,0.6350155190251753,Medium priority,low CTR,669.0,0.01046337817638266,6.733931240657698,8.0
3489,client_2094c6eb080311d5,content_0a04d4818465d0cc,0.6350155190251753,Medium priority,low CTR; weak average position,669.0,0.004484304932735426,20.69357249626308,2.0
3490,client_9958f0a7ae1df715,content_63ef1ad18c0d3ed8,0.6350155190251753,Medium priority,low CTR; weak average position,669.0,0.004484304932735426,10.581464872944693,10.0
3491,client_9958f0a7ae1df715,content_7d2202407cce35f0,0.6350155190251753,Medium priority,low CTR,668.0,0.010479041916167664,8.562874251497005,14.0
3492,client_3f0ce4d44fe94f3d,content_b4730d8bc3fc548e,0.6350155190251753,Medium priority,low CTR,667.0,0.008995502248875561,3.845577211394303,5.0
3493,client_3f0ce4d44fe94f3d,content_44394770fbc4087f,0.6350155190251753,Medium priority,low CTR,666.0,0.016516516516516516,2.8483483483483485,2.0
3494,client_9958f0a7ae1df715,content_bbaf05088acf3c90,0.6350155190251753,Medium priority,low CTR,665.0,0.007518796992481203,9.021052631578947,17.0
3495,client_2094c6eb080311d5,content_0b9d80146ce42e43,0.6350155190251753,Medium priority,low CTR,664.0,0.01957831325301205,4.1370481927710845,14.0
3496,client_2094c6eb080311d5,content_6b9470c492183c5a,0.6350155190251753,Medium priority,low CTR,664.0,0.012048192771084338,5.34789156626506,9.0
3497,client_3f0ce4d44fe94f3d,content_975d5fd0e142f622,0.6350155190251753,Medium priority,low CTR,663.0,0.00904977375565611,3.93815987933635,6.0
3498,client_3f0ce4d44fe94f3d,content_2541aee3f113b359,0.6350155190251753,Medium priority,low CTR,662.0,0.004531722054380665,3.016616314199396,16.0
3499,client_9958f0a7ae1df715,content_e481ec7b8b0511aa,0.6350155190251753,Medium priority,low CTR; weak average position,661.0,0.006051437216338881,17.225416036308623,5.0
3500,client_3f0ce4d44fe94f3d,content_31c2f26ef8c99992,0.6350155190251753,Medium priority,low CTR,660.0,0.004545454545454545,6.031818181818182,2.0
3501,client_9958f0a7ae1df715,content_49beeb6ff0769dbc,0.6350155190251753,Medium priority,low CTR,659.0,0.007587253414264037,8.154779969650987,6.0
3502,client_3f0ce4d44fe94f3d,content_2251838ece71e392,0.6350155190251753,Medium priority,low CTR,659.0,0.021244309559939303,6.039453717754173,10.0
3503,client_3f0ce4d44fe94f3d,content_55a1aa35d2caa604,0.6350155190251753,Medium priority,low CTR,658.0,0.007598784194528876,5.907294832826747,1.0
3504,client_3f0ce4d44fe94f3d,content_6c10cf06a9deb31b,0.6350155190251753,Medium priority,low CTR,657.0,0.0136986301369863,4.815829528158296,4.0
3505,client_0fa64a184f18a4a0,content_5a9156c3b47f0220,0.6350155190251753,Medium priority,low CTR,657.0,0.0060882800608828,5.439878234398782,4.0
3506,client_3f0ce4d44fe94f3d,content_40eec8b174e82148,0.6350155190251753,Medium priority,low CTR,656.0,0.009146341463414634,7.594512195121951,
3507,client_3f0ce4d44fe94f3d,content_7650321f3e5cd377,0.6350155190251753,Medium priority,low CTR,655.0,0.007633587786259542,4.348091603053435,4.0
3508,client_9958f0a7ae1df715,content_58adc18fa9485d2c,0.6350155190251753,Medium priority,low CTR,653.0,0.013782542113323124,6.868300153139357,10.0
3509,client_3f0ce4d44fe94f3d,content_4e27e68a1e3e7fa8,0.6350155190251753,Medium priority,low CTR,653.0,0.004594180704441042,8.555895865237366,2.0
3510,client_f623b01661d4bfe4,content_7dde809bec199bd7,0.6350155190251753,Medium priority,low CTR; weak average position,653.0,0.004594180704441042,34.413476263399694,2.0
3511,client_2094c6eb080311d5,content_49f9950317ab0252,0.6350155190251753,Medium priority,low CTR,652.0,0.009202453987730062,4.358895705521473,14.0
3512,client_3f0ce4d44fe94f3d,content_0df76789ef129520,0.6350155190251753,Medium priority,low CTR,649.0,0.004622496147919877,5.989214175654854,5.0
3513,client_2094c6eb080311d5,content_88f79b99983eee05,0.6350155190251753,Medium priority,low CTR,649.0,0.004622496147919877,5.8382126348228045,11.0
3514,client_2094c6eb080311d5,content_80bef4cc42536d89,0.6350155190251753,Medium priority,low CTR,647.0,0.00463678516228748,7.87789799072643,9.0
3515,client_9958f0a7ae1df715,content_e88c788f8e5db906,0.6350155190251753,Medium priority,low CTR; weak average position,647.0,0.012364760432766615,10.431221020092735,11.0
3516,client_def0955f7a377868,content_189778fce760117c,0.6350155190251753,Medium priority,low CTR,647.0,0.00927357032457496,9.715610510046368,9.0
3517,client_3f0ce4d44fe94f3d,content_d4fb13cb88a9c81a,0.6350155190251753,Medium priority,low CTR,647.0,0.00463678516228748,2.545595054095827,2.0
3518,client_3f0ce4d44fe94f3d,content_da0bbeabd857d948,0.6350155190251753,Medium priority,low CTR,646.0,0.006191950464396285,4.8993808049535605,3.0
3519,client_2094c6eb080311d5,content_6331333414789163,0.6350155190251753,Medium priority,low CTR,644.0,0.004658385093167702,9.599378881987578,4.0
3520,client_2094c6eb080311d5,content_4a23be9badd40c38,0.6350155190251753,Medium priority,low CTR,643.0,0.013996889580093312,5.3934681181959565,9.0
3521,client_2094c6eb080311d5,content_e1262bb910d4fd2d,0.6350155190251753,Medium priority,low CTR,643.0,0.01088646967340591,5.356143079315707,8.0
3522,client_2094c6eb080311d5,content_e581e5bc90e607b6,0.6350155190251753,Medium priority,low CTR; weak average position,641.0,0.0062402496099844,33.06552262090484,3.0
3523,client_9958f0a7ae1df715,content_71e0f201b7a6ad90,0.6350155190251753,Medium priority,low CTR,640.0,0.0078125,6.3984375,7.0
3524,client_0fa64a184f18a4a0,content_9a5bba969afeaf94,0.6350155190251753,Medium priority,low CTR,640.0,0.0109375,2.1125,7.0
3525,client_3f0ce4d44fe94f3d,content_20a0dcdf275442f2,0.6350155190251753,Medium priority,low CTR,640.0,0.00625,4.915625,2.0
3526,client_2094c6eb080311d5,content_2c3367f2ee028f5e,0.6350155190251753,Medium priority,low CTR,639.0,0.02034428794992175,5.436619718309859,16.0
3527,client_2094c6eb080311d5,content_a3f9023feb7801ce,0.6350155190251753,Medium priority,low CTR,638.0,0.009404388714733543,6.797805642633229,16.0
3528,client_3f0ce4d44fe94f3d,content_88863008d809caa1,0.6350155190251753,Medium priority,low CTR,637.0,0.007849293563579277,2.4583987441130297,4.0
3529,client_3f0ce4d44fe94f3d,content_a931d170c6c04703,0.6350155190251753,Medium priority,low CTR,636.0,0.0047169811320754715,4.237421383647798,1.0
3530,client_9958f0a7ae1df715,content_1d9af290412f7ae3,0.6350155190251753,Medium priority,low CTR,636.0,0.007861635220125786,8.885220125786164,6.0
3531,client_9958f0a7ae1df715,content_b56b6c268d10ff6e,0.6350155190251753,Medium priority,low CTR,635.0,0.004724409448818898,8.722834645669291,5.0
3532,client_0fa64a184f18a4a0,content_8861b68638588659,0.6350155190251753,Medium priority,low CTR,634.0,0.006309148264984227,7.441640378548896,3.0
3533,client_2094c6eb080311d5,content_03489bc9cadb69ae,0.6350155190251753,Medium priority,low CTR,633.0,0.011058451816745656,6.505529225908373,10.0
3534,client_2094c6eb080311d5,content_fb3216f3e9c8ecdb,0.6350155190251753,Medium priority,low CTR,633.0,0.01579778830963665,7.213270142180095,13.0
3535,client_0fa64a184f18a4a0,content_195bf76bf0db0cfd,0.6350155190251753,Medium priority,low CTR,632.0,0.007911392405063292,2.9240506329113924,6.0
3536,client_2094c6eb080311d5,content_6c6b224356dbe01a,0.6350155190251753,Medium priority,low CTR,631.0,0.009508716323296355,4.356576862123613,7.0
3537,client_3f0ce4d44fe94f3d,content_478d9cd75dd51dcc,0.6350155190251753,Medium priority,low CTR,631.0,0.004754358161648178,5.079239302694137,3.0
3538,client_9958f0a7ae1df715,content_243bf9f16639bb7d,0.6350155190251753,Medium priority,low CTR; weak average position,630.0,0.007936507936507936,23.926984126984127,6.0
3539,client_2094c6eb080311d5,content_f77e4453fea5769b,0.6350155190251753,Medium priority,low CTR,630.0,0.007936507936507936,6.3126984126984125,11.0
3540,client_2094c6eb080311d5,content_2cff7ffea520c1b6,0.6350155190251753,Medium priority,low CTR,628.0,0.01592356687898089,5.756369426751593,9.0
3541,client_0fa64a184f18a4a0,content_ba67e8d13c0d532d,0.6350155190251753,Medium priority,low CTR,628.0,0.007961783439490446,2.7245222929936306,5.0
3542,client_2094c6eb080311d5,content_bed7d76ad24d8328,0.6350155190251753,Medium priority,low CTR; weak average position,628.0,0.007961783439490446,17.11464968152866,8.0
3543,client_0fa64a184f18a4a0,content_0e1a9a22e8992480,0.6350155190251753,Medium priority,low CTR,628.0,0.014331210191082803,1.4187898089171975,7.0
3544,client_9958f0a7ae1df715,content_347fbafb77d3ae37,0.6350155190251753,Medium priority,low CTR; weak average position,626.0,0.006389776357827476,21.822683706070286,38.0
3545,client_0fa64a184f18a4a0,content_597d9a4f3c406032,0.6350155190251753,Medium priority,low CTR,626.0,0.009584664536741214,2.621405750798722,5.0
3546,client_3f0ce4d44fe94f3d,content_76cfddd09f647a84,0.6350155190251753,Medium priority,low CTR,626.0,0.004792332268370607,4.084664536741214,1.0
3547,client_2094c6eb080311d5,content_84bbb82374a00fbb,0.6350155190251753,Medium priority,low CTR,625.0,0.0144,6.9296,14.0
3548,client_3f0ce4d44fe94f3d,content_30082b95c73721d6,0.6350155190251753,Medium priority,low CTR,624.0,0.011217948717948718,4.655448717948718,3.0
3549,client_0fa64a184f18a4a0,content_82d689a7aae35454,0.6350155190251753,Medium priority,low CTR,623.0,0.008025682182985553,6.423756019261638,4.0
3550,client_9958f0a7ae1df715,content_85db83eece9b71ad,0.6350155190251753,Medium priority,low CTR,619.0,0.006462035541195477,9.27302100161551,11.0
3551,client_2094c6eb080311d5,content_8da7cbee47ea8084,0.6350155190251753,Medium priority,low CTR,619.0,0.008077544426494346,7.059773828756058,6.0
3552,client_2094c6eb080311d5,content_5f187e01cc60348a,0.6350155190251753,Medium priority,low CTR,618.0,0.006472491909385114,7.029126213592233,5.0
3553,client_3f0ce4d44fe94f3d,content_0953ca8942c0ac5b,0.6350155190251753,Medium priority,low CTR,616.0,0.006493506493506494,1.4642857142857142,6.0
3554,client_0fa64a184f18a4a0,content_eeec04e74335a3b2,0.6350155190251753,Medium priority,low CTR,614.0,0.004885993485342019,7.693811074918567,3.0
3555,client_2094c6eb080311d5,content_833aa10cc8d39bd8,0.6350155190251753,Medium priority,low CTR,614.0,0.014657980456026058,6.045602605863192,14.0
3556,client_3f0ce4d44fe94f3d,content_7128a705b11b27f4,0.6350155190251753,Medium priority,low CTR,613.0,0.008156606851549755,4.172920065252855,2.0
3557,client_3f0ce4d44fe94f3d,content_a2e733d0cd18cbdc,0.6350155190251753,Medium priority,low CTR,612.0,0.004901960784313725,6.977124183006536,1.0
3558,client_9958f0a7ae1df715,content_42e142c5cf67e538,0.6350155190251753,Medium priority,low CTR,612.0,0.02287581699346405,7.98202614379085,11.0
3559,client_3f0ce4d44fe94f3d,content_13049b407151b881,0.6350155190251753,Medium priority,low CTR,612.0,0.008169934640522876,8.82516339869281,2.0
3560,client_2094c6eb080311d5,content_253ef0a803e4ca3b,0.6350155190251753,Medium priority,low CTR,611.0,0.006546644844517185,7.283142389525368,10.0
3561,client_2094c6eb080311d5,content_d2ace6712a61cc0a,0.6350155190251753,Medium priority,low CTR; weak average position,610.0,0.004918032786885246,21.490163934426228,10.0
3562,client_3f0ce4d44fe94f3d,content_426eef1b1e6ef824,0.6350155190251753,Medium priority,low CTR,610.0,0.004918032786885246,4.19672131147541,
3563,client_3f0ce4d44fe94f3d,content_8b40b6d30f5d4298,0.6350155190251753,Medium priority,low CTR,609.0,0.006568144499178982,1.5451559934318555,4.0
3564,client_2094c6eb080311d5,content_ae33cc4e31de4be2,0.6350155190251753,Medium priority,low CTR,608.0,0.013157894736842105,6.876644736842105,10.0
3565,client_3f0ce4d44fe94f3d,content_3606332b97c06ece,0.6350155190251753,Medium priority,low CTR,608.0,0.008223684210526315,3.3371710526315788,3.0
3566,client_9958f0a7ae1df715,content_99e1f7c4bbd35cf1,0.6350155190251753,Medium priority,low CTR,605.0,0.01487603305785124,6.122314049586777,20.0
3567,client_2094c6eb080311d5,content_fa0acba6a94f2821,0.6350155190251753,Medium priority,low CTR,605.0,0.008264462809917356,6.935537190082645,8.0
3568,client_3f0ce4d44fe94f3d,content_d89ecd6075369593,0.6350155190251753,Medium priority,low CTR,605.0,0.008264462809917356,3.0859504132231406,2.0
3569,client_3f0ce4d44fe94f3d,content_27d22ce5fb772d89,0.6350155190251753,Medium priority,low CTR,604.0,0.004966887417218543,5.016556291390729,1.0
3570,client_0fa64a184f18a4a0,content_961dda54535c4144,0.6350155190251753,Medium priority,low CTR,603.0,0.004975124378109453,3.724709784411277,4.0
3571,client_2094c6eb080311d5,content_83e65be71f2b6b66,0.6350155190251753,Medium priority,low CTR,603.0,0.01658374792703151,6.669983416252073,17.0
3572,client_3f0ce4d44fe94f3d,content_9abcdeebe823353c,0.6350155190251753,Medium priority,low CTR,602.0,0.023255813953488372,5.941860465116279,12.0
3573,client_2094c6eb080311d5,content_553110b30e9b6cc8,0.6350155190251753,Medium priority,low CTR,602.0,0.018272425249169437,8.17607973421927,12.0
3574,client_2094c6eb080311d5,content_40433ddd87247e99,0.6350155190251753,Medium priority,low CTR,600.0,0.008333333333333333,6.006666666666667,11.0
3575,client_3f0ce4d44fe94f3d,content_af023fffe9e164d0,0.6350155190251753,Medium priority,low CTR,599.0,0.005008347245409015,4.961602671118531,1.0
3576,client_9958f0a7ae1df715,content_549db756d323f867,0.6350155190251753,Medium priority,low CTR; weak average position,599.0,0.00667779632721202,12.185308848080133,50.0
3577,client_f623b01661d4bfe4,content_7d8c5d6c5fae7bd4,0.6350155190251753,Medium priority,low CTR; weak average position,599.0,0.008347245409015025,50.24540901502504,6.0
3578,client_0fa64a184f18a4a0,content_3c550b6ac5559773,0.6350155190251753,Medium priority,low CTR,598.0,0.005016722408026756,3.0217391304347827,3.0
3579,client_3f0ce4d44fe94f3d,content_d1170c896368a815,0.6350155190251753,Medium priority,low CTR,597.0,0.005025125628140704,9.857621440536013,1.0
3580,client_2094c6eb080311d5,content_bb14feb2b406c484,0.6350155190251753,Medium priority,low CTR; weak average position,597.0,0.008375209380234505,19.261306532663315,5.0
3581,client_3f0ce4d44fe94f3d,content_a2ffc46df2e9e8e6,0.6350155190251753,Medium priority,low CTR,595.0,0.010084033613445379,4.65546218487395,2.0
3582,client_9958f0a7ae1df715,content_a1e78723c911e3fb,0.6350155190251753,Medium priority,low CTR; weak average position,594.0,0.005050505050505051,12.013468013468014,5.0
3583,client_3f0ce4d44fe94f3d,content_9fe717dbf9d981bf,0.6350155190251753,Medium priority,low CTR,593.0,0.008431703204047217,3.5143338954468804,4.0
3584,client_2094c6eb080311d5,content_89d931b0f1aed38a,0.6350155190251753,Medium priority,low CTR,591.0,0.018612521150592216,4.7428087986463625,18.0
3585,client_2094c6eb080311d5,content_dd6dc5980da4cb83,0.6350155190251753,Medium priority,low CTR,591.0,0.00676818950930626,6.803722504230119,5.0
3586,client_0fa64a184f18a4a0,content_c5f470a73f375d9f,0.6350155190251753,Medium priority,low CTR,591.0,0.00676818950930626,6.199661590524535,5.0
3587,client_2094c6eb080311d5,content_55f71534239d25be,0.6350155190251753,Medium priority,low CTR,588.0,0.006802721088435374,6.612244897959184,7.0
3588,client_3f0ce4d44fe94f3d,content_3065577b5757a8e4,0.6350155190251753,Medium priority,low CTR,588.0,0.01020408163265306,2.8469387755102042,2.0
3589,client_2094c6eb080311d5,content_94e28e2cdee610a5,0.6350155190251753,Medium priority,low CTR,587.0,0.010221465076660987,5.770017035775128,6.0
3590,client_9958f0a7ae1df715,content_4a49222be154064a,0.6350155190251753,Medium priority,low CTR,586.0,0.006825938566552901,5.813993174061434,9.0
3591,client_3f0ce4d44fe94f3d,content_64ee1572ed038298,0.6350155190251753,Medium priority,low CTR,586.0,0.006825938566552901,3.9982935153583616,4.0
3592,client_2094c6eb080311d5,content_affc23393b18d303,0.6350155190251753,Medium priority,low CTR,584.0,0.008561643835616438,5.751712328767123,6.0
3593,client_0fa64a184f18a4a0,content_7b19c673daf0f429,0.6350155190251753,Medium priority,low CTR,584.0,0.00684931506849315,3.48972602739726,4.0
3594,client_3f0ce4d44fe94f3d,content_9544b0a50f4bacd0,0.6350155190251753,Medium priority,low CTR,583.0,0.010291595197255575,2.8713550600343054,5.0
3595,client_0fa64a184f18a4a0,content_f567add31c68b731,0.6350155190251753,Medium priority,low CTR,582.0,0.005154639175257732,4.18213058419244,4.0
3596,client_0fa64a184f18a4a0,content_1dad876b00280461,0.6350155190251753,Medium priority,low CTR,582.0,0.006872852233676976,8.716494845360824,5.0
3597,client_0fa64a184f18a4a0,content_7c6bff007de6c5a6,0.6350155190251753,Medium priority,low CTR,582.0,0.00859106529209622,1.640893470790378,7.0
3598,client_0fa64a184f18a4a0,content_a99020c4a09bb7ba,0.6350155190251753,Medium priority,low CTR,582.0,0.005154639175257732,1.8848797250859106,3.0
3599,client_2094c6eb080311d5,content_a06be50fd66df859,0.6350155190251753,Medium priority,low CTR,582.0,0.00859106529209622,6.231958762886598,15.0
3600,client_2094c6eb080311d5,content_c9d47280ff892985,0.6350155190251753,Medium priority,low CTR,582.0,0.020618556701030927,4.360824742268041,25.0
3601,client_9958f0a7ae1df715,content_5aa745a45822dc48,0.6350155190251753,Medium priority,low CTR; weak average position,580.0,0.005172413793103448,17.95344827586207,
3602,client_2094c6eb080311d5,content_29eff234db6a5e9f,0.6350155190251753,Medium priority,low CTR; weak average position,579.0,0.0069084628670120895,19.077720207253886,6.0
3603,client_0fa64a184f18a4a0,content_30c7f0bbdb7e74c9,0.6350155190251753,Medium priority,low CTR,579.0,0.0069084628670120895,3.383419689119171,4.0
3604,client_3f0ce4d44fe94f3d,content_f737bdd6fc84b7ae,0.6350155190251753,Medium priority,low CTR,579.0,0.0069084628670120895,8.329879101899827,2.0
3605,client_3f0ce4d44fe94f3d,content_2a85479c797b8fc5,0.6350155190251753,Medium priority,low CTR,578.0,0.015570934256055362,4.557093425605537,5.0
3606,client_2094c6eb080311d5,content_485defb45cd20d02,0.6350155190251753,Medium priority,low CTR,578.0,0.005190311418685121,7.690311418685121,9.0
3607,client_3f0ce4d44fe94f3d,content_f28770d34516e9fc,0.6350155190251753,Medium priority,low CTR,577.0,0.006932409012131715,7.606585788561525,2.0
3608,client_3f0ce4d44fe94f3d,content_e5d54adc5e3bc25b,0.6350155190251753,Medium priority,low CTR,574.0,0.017421602787456445,5.2456445993031355,4.0
3609,client_9958f0a7ae1df715,content_d44335330ffda155,0.6350155190251753,Medium priority,low CTR; weak average position,574.0,0.005226480836236934,16.937282229965156,3.0
3610,client_3f0ce4d44fe94f3d,content_ef6c633de6aeab19,0.6350155190251753,Medium priority,low CTR,574.0,0.008710801393728223,4.2682926829268295,2.0
3611,client_2094c6eb080311d5,content_014c95fcd285e290,0.6350155190251753,Medium priority,low CTR,574.0,0.008710801393728223,4.930313588850174,8.0
3612,client_9958f0a7ae1df715,content_1f155aae4bd47c6a,0.6350155190251753,Medium priority,low CTR; weak average position,573.0,0.005235602094240838,23.031413612565444,4.0
3613,client_0fa64a184f18a4a0,content_49719320b0a52dd0,0.6350155190251753,Medium priority,low CTR,571.0,0.0070052539404553416,1.584938704028021,5.0
3614,client_2094c6eb080311d5,content_4519b32252e49b30,0.6350155190251753,Medium priority,low CTR,569.0,0.005272407732864675,6.1124780316344465,8.0
3615,client_def0955f7a377868,content_e811cfc58e60c34f,0.6350155190251753,Medium priority,low CTR; weak average position,568.0,0.007042253521126761,13.827464788732394,8.0
3616,client_3f0ce4d44fe94f3d,content_29c73026f274d3eb,0.6350155190251753,Medium priority,low CTR,568.0,0.02112676056338028,4.503521126760563,7.0
3617,client_2094c6eb080311d5,content_5c1f5224ca259e86,0.6350155190251753,Medium priority,low CTR; weak average position,568.0,0.007042253521126761,12.253521126760564,6.0
3618,client_3f0ce4d44fe94f3d,content_005605cd7de8938d,0.6350155190251753,Medium priority,low CTR,567.0,0.005291005291005291,9.320987654320987,2.0
3619,client_0fa64a184f18a4a0,content_5884345f13eab101,0.6350155190251753,Medium priority,low CTR,566.0,0.007067137809187279,3.9558303886925796,3.0
3620,client_2094c6eb080311d5,content_56612f5b09a6b136,0.6350155190251753,Medium priority,low CTR; weak average position,565.0,0.005309734513274336,12.069026548672566,7.0
3621,client_3f0ce4d44fe94f3d,content_a93009a630dae869,0.6350155190251753,Medium priority,low CTR,565.0,0.010619469026548672,4.621238938053097,4.0
3622,client_3f0ce4d44fe94f3d,content_2af92b21addd7c9c,0.6350155190251753,Medium priority,low CTR,565.0,0.005309734513274336,6.488495575221239,3.0
3623,client_3f0ce4d44fe94f3d,content_6c9d23269f3690d3,0.6350155190251753,Medium priority,low CTR,564.0,0.010638297872340425,7.122340425531915,
3624,client_0fa64a184f18a4a0,content_58c880695225778b,0.6350155190251753,Medium priority,low CTR,562.0,0.0071174377224199285,2.411032028469751,4.0
3625,client_3f0ce4d44fe94f3d,content_7ad8becc8e10621d,0.6350155190251753,Medium priority,low CTR,561.0,0.026737967914438502,3.7950089126559714,6.0
3626,client_2094c6eb080311d5,content_536a8854557ff044,0.6350155190251753,Medium priority,low CTR,561.0,0.0106951871657754,7.288770053475936,8.0
3627,client_2094c6eb080311d5,content_844c7c790a03ca58,0.6350155190251753,Medium priority,low CTR; weak average position,559.0,0.005366726296958855,28.991055456171736,5.0
3628,client_2094c6eb080311d5,content_8e8f63ff4214581d,0.6350155190251753,Medium priority,low CTR,559.0,0.008944543828264758,7.400715563506261,8.0
3629,client_0fa64a184f18a4a0,content_e9f26565764953bb,0.6350155190251753,Medium priority,low CTR,559.0,0.007155635062611807,5.268336314847943,6.0
3630,client_3f0ce4d44fe94f3d,content_13ec1d8b0ae5e33c,0.6350155190251753,Medium priority,low CTR,559.0,0.01073345259391771,2.8318425760286225,4.0
3631,client_0fa64a184f18a4a0,content_76bdafc98a725f94,0.6350155190251753,Medium priority,low CTR,558.0,0.007168458781362007,3.347670250896057,5.0
3632,client_0fa64a184f18a4a0,content_6b3660e303fa1083,0.6350155190251753,Medium priority,low CTR,558.0,0.008960573476702509,2.274193548387097,4.0
3633,client_9958f0a7ae1df715,content_d06983da58555f50,0.6350155190251753,Medium priority,low CTR,557.0,0.00718132854578097,8.599640933572712,14.0
3634,client_f623b01661d4bfe4,content_938c7ba3dc2ea41c,0.6350155190251753,Medium priority,low CTR; weak average position,555.0,0.005405405405405406,47.15855855855856,4.0
3635,client_9958f0a7ae1df715,content_cac94ac7801b6788,0.6350155190251753,Medium priority,low CTR; weak average position,555.0,0.014414414414414415,18.97117117117117,9.0
3636,client_2094c6eb080311d5,content_dfaac8fc217fd1a5,0.6350155190251753,Medium priority,low CTR,554.0,0.007220216606498195,4.406137184115524,8.0
3637,client_0fa64a184f18a4a0,content_d6386c671fb937ac,0.6350155190251753,Medium priority,low CTR,554.0,0.01444043321299639,3.1064981949458486,7.0
3638,client_9958f0a7ae1df715,content_e907a76dd0d15f7d,0.6350155190251753,Medium priority,low CTR,553.0,0.0054249547920434,5.054249547920434,4.0
3639,client_2094c6eb080311d5,content_4256a217740ad091,0.6350155190251753,Medium priority,low CTR,553.0,0.007233273056057866,6.459312839059675,5.0
3640,client_3f0ce4d44fe94f3d,content_5004e3aad2d98cc2,0.6350155190251753,Medium priority,low CTR,552.0,0.005434782608695652,4.409420289855072,3.0
3641,client_9958f0a7ae1df715,content_37dc04acf471f425,0.6350155190251753,Medium priority,low CTR; weak average position,552.0,0.009057971014492754,18.72826086956522,4.0
3642,client_9958f0a7ae1df715,content_f77d7815e759bd01,0.6350155190251753,Medium priority,low CTR,551.0,0.0054446460980036296,8.063520871143377,4.0
3643,client_2094c6eb080311d5,content_85c57b941587147f,0.6350155190251753,Medium priority,low CTR; weak average position,551.0,0.0054446460980036296,24.544464609800364,3.0
3644,client_9958f0a7ae1df715,content_98f58db63cf19180,0.6350155190251753,Medium priority,low CTR; weak average position,550.0,0.01090909090909091,15.361818181818181,12.0
3645,client_3f0ce4d44fe94f3d,content_736b0907644af7e2,0.6350155190251753,Medium priority,low CTR,549.0,0.007285974499089253,6.087431693989071,5.0
3646,client_3f0ce4d44fe94f3d,content_93d3aa367e8994d4,0.6350155190251753,Medium priority,low CTR,547.0,0.007312614259597806,4.840950639853748,2.0
3647,client_2094c6eb080311d5,content_964437e668c48f57,0.6350155190251753,Medium priority,low CTR,547.0,0.007312614259597806,7.347349177330896,6.0
3648,client_3f0ce4d44fe94f3d,content_18c338523054bfc3,0.6350155190251753,Medium priority,low CTR,547.0,0.009140767824497258,5.844606946983546,5.0
3649,client_2094c6eb080311d5,content_5105b59b4ff58c25,0.6350155190251753,Medium priority,low CTR,547.0,0.005484460694698354,5.937842778793419,2.0
3650,client_2094c6eb080311d5,content_2f233994a45e8eeb,0.6350155190251753,Medium priority,low CTR,546.0,0.005494505494505495,4.298534798534798,4.0
3651,client_0fa64a184f18a4a0,content_e33226f4d6cd6e7b,0.6350155190251753,Medium priority,low CTR,545.0,0.009174311926605505,2.2036697247706423,5.0
3652,client_9958f0a7ae1df715,content_bd1905f7fdd727d0,0.6350155190251753,Medium priority,low CTR; weak average position,545.0,0.009174311926605505,14.895412844036697,10.0
3653,client_2094c6eb080311d5,content_2890fb1b77b3f8e0,0.6350155190251753,Medium priority,low CTR,544.0,0.009191176470588236,7.334558823529412,11.0
3654,client_0fa64a184f18a4a0,content_033a49e84c57b18e,0.6350155190251753,Medium priority,low CTR,544.0,0.0055147058823529415,2.4650735294117645,3.0
3655,client_2094c6eb080311d5,content_19b7a8b3f92451cd,0.6350155190251753,Medium priority,low CTR,544.0,0.025735294117647058,5.270220588235294,18.0
3656,client_0fa64a184f18a4a0,content_189c82cfed9ff8bb,0.6350155190251753,Medium priority,low CTR,543.0,0.009208103130755065,4.383057090239411,4.0
3657,client_2094c6eb080311d5,content_6a1ab494d9f516a4,0.6350155190251753,Medium priority,low CTR,543.0,0.02394106813996317,4.790055248618785,18.0
3658,client_3f0ce4d44fe94f3d,content_605cee82cbce7c75,0.6350155190251753,Medium priority,low CTR,543.0,0.0055248618784530384,5.6187845303867405,2.0
3659,client_2094c6eb080311d5,content_8e2d46ef80921110,0.6350155190251753,Medium priority,low CTR; weak average position,542.0,0.005535055350553505,10.72140221402214,7.0
3660,client_3f0ce4d44fe94f3d,content_1d6af6d5abe52229,0.6350155190251753,Medium priority,low CTR,542.0,0.00922509225092251,3.348708487084871,5.0
3661,client_2094c6eb080311d5,content_8f86310695a38ae4,0.6350155190251753,Medium priority,low CTR,541.0,0.02033271719038817,6.89279112754159,15.0
3662,client_0fa64a184f18a4a0,content_816c7e6750fe553e,0.6350155190251753,Medium priority,low CTR,541.0,0.0073937153419593345,2.1053604436229203,2.0
3663,client_2094c6eb080311d5,content_c7059653bce24ade,0.6350155190251753,Medium priority,low CTR; weak average position,537.0,0.00558659217877095,11.320297951582868,6.0
3664,client_0fa64a184f18a4a0,content_9b7f703132ccdedc,0.6350155190251753,Medium priority,low CTR,536.0,0.009328358208955223,4.330223880597015,5.0
3665,client_2094c6eb080311d5,content_a12c634b8a87be60,0.6350155190251753,Medium priority,low CTR,536.0,0.018656716417910446,8.475746268656716,14.0
3666,client_3f0ce4d44fe94f3d,content_bc75aa329c37f9d0,0.6350155190251753,Medium priority,low CTR,535.0,0.016822429906542057,3.7327102803738317,7.0
3667,client_2094c6eb080311d5,content_17a38fb4ca7a1bc8,0.6350155190251753,Medium priority,low CTR,533.0,0.005628517823639775,4.090056285178236,7.0
3668,client_0fa64a184f18a4a0,content_e6dc15f5dc5f77bf,0.6350155190251753,Medium priority,low CTR,532.0,0.005639097744360902,3.3364661654135337,2.0
3669,client_9958f0a7ae1df715,content_19d85da71fdf2a95,0.6350155190251753,Medium priority,low CTR,532.0,0.015037593984962405,7.417293233082707,10.0
3670,client_2094c6eb080311d5,content_4920beaa71e984a7,0.6350155190251753,Medium priority,low CTR; weak average position,531.0,0.005649717514124294,17.638418079096045,12.0
3671,client_3f0ce4d44fe94f3d,content_f4aadb44464ea70a,0.6350155190251753,Medium priority,low CTR,531.0,0.009416195856873822,4.677966101694915,6.0
3672,client_3f0ce4d44fe94f3d,content_8be241b754348c54,0.6350155190251753,Medium priority,low CTR,530.0,0.013207547169811321,2.5415094339622644,7.0
3673,client_9958f0a7ae1df715,content_9a20330f8216d762,0.6350155190251753,Medium priority,low CTR; weak average position,530.0,0.005660377358490566,13.232075471698113,2.0
3674,client_2094c6eb080311d5,content_b70905fc7c0d3d58,0.6350155190251753,Medium priority,low CTR; weak average position,530.0,0.009433962264150943,15.550943396226415,9.0
3675,client_cd12bcfd98942aa1,content_cc6e23cc4a43bbcf,0.6350155190251753,Medium priority,low CTR; weak average position,530.0,0.005660377358490566,24.213207547169812,17.0
3676,client_2094c6eb080311d5,content_4750ba377cc66b6d,0.6350155190251753,Medium priority,low CTR,529.0,0.013232514177693762,6.285444234404537,22.0
3677,client_2094c6eb080311d5,content_9f1479735ef6ba55,0.6350155190251753,Medium priority,low CTR,529.0,0.017013232514177693,5.809073724007561,20.0
3678,client_3f0ce4d44fe94f3d,content_983dc614fe00b4ac,0.6350155190251753,Medium priority,low CTR,528.0,0.01893939393939394,7.621212121212121,3.0
3679,client_3f0ce4d44fe94f3d,content_90bd1993e3f7c234,0.6350155190251753,Medium priority,low CTR,528.0,0.005681818181818182,3.5170454545454546,2.0
3680,client_3f0ce4d44fe94f3d,content_aec8663a321f9865,0.6350155190251753,Medium priority,low CTR,524.0,0.009541984732824428,4.091603053435114,4.0
3681,client_2094c6eb080311d5,content_4a1eee94ba541493,0.6350155190251753,Medium priority,low CTR,524.0,0.013358778625954198,5.370229007633588,11.0
3682,client_f623b01661d4bfe4,content_d51c6315f9c34ab0,0.6350155190251753,Medium priority,low CTR; weak average position,524.0,0.007633587786259542,34.00190839694657,5.0
3683,client_2094c6eb080311d5,content_e43cbb7c277b34db,0.6350155190251753,Medium priority,low CTR; weak average position,524.0,0.0057251908396946565,22.240458015267176,7.0
3684,client_3f0ce4d44fe94f3d,content_0384378c15c900b5,0.6350155190251753,Medium priority,low CTR; weak average position,522.0,0.005747126436781609,21.519157088122604,2.0
3685,client_2094c6eb080311d5,content_270e704f1a60ff43,0.6350155190251753,Medium priority,low CTR; weak average position,517.0,0.005802707930367505,14.667311411992262,3.0
3686,client_3f0ce4d44fe94f3d,content_71852adb637b7d62,0.6350155190251753,Medium priority,low CTR,516.0,0.005813953488372093,4.042635658914729,1.0
3687,client_9958f0a7ae1df715,content_21b371f094276f2c,0.6350155190251753,Medium priority,low CTR,515.0,0.007766990291262136,5.937864077669903,7.0
3688,client_0fa64a184f18a4a0,content_7f5bc461baafc65c,0.6350155190251753,Medium priority,low CTR,514.0,0.005836575875486381,3.717898832684825,3.0
3689,client_9958f0a7ae1df715,content_5640ef6a86f078fd,0.6350155190251753,Medium priority,low CTR; weak average position,514.0,0.007782101167315175,21.214007782101167,5.0
3690,client_f623b01661d4bfe4,content_2bd1de19dd910c62,0.6350155190251753,Medium priority,low CTR; weak average position,514.0,0.042801556420233464,13.599221789883268,38.0
3691,client_9958f0a7ae1df715,content_09348be2586c624b,0.6350155190251753,Medium priority,low CTR,513.0,0.023391812865497075,8.578947368421053,21.0
3692,client_2094c6eb080311d5,content_a95ec5af8f1d6ff3,0.6350155190251753,Medium priority,low CTR,513.0,0.005847953216374269,5.884990253411306,5.0
3693,client_3f0ce4d44fe94f3d,content_c8e1703ce6b84478,0.6350155190251753,Medium priority,low CTR,513.0,0.005847953216374269,2.3567251461988303,4.0
3694,client_2094c6eb080311d5,content_f5f807953c095eaf,0.6350155190251753,Medium priority,low CTR,510.0,0.0196078431372549,7.915686274509804,15.0
3695,client_9958f0a7ae1df715,content_03a79c8782deec41,0.6350155190251753,Medium priority,low CTR; weak average position,509.0,0.007858546168958742,34.43614931237721,5.0
3696,client_2094c6eb080311d5,content_4c95c94cbde35c0d,0.6350155190251753,Medium priority,low CTR; weak average position,508.0,0.007874015748031496,21.590551181102363,5.0
3697,client_2094c6eb080311d5,content_4524c26e7474bb92,0.6350155190251753,Medium priority,low CTR,507.0,0.005917159763313609,9.007889546351084,12.0
3698,client_9958f0a7ae1df715,content_0c78b2522521735f,0.6350155190251753,Medium priority,low CTR; weak average position,506.0,0.015810276679841896,14.041501976284586,9.0
3699,client_2094c6eb080311d5,content_874a21d2753a6910,0.6350155190251753,Medium priority,low CTR; weak average position,506.0,0.005928853754940711,11.507905138339922,4.0
3700,client_f623b01661d4bfe4,content_7bc6d16ded742281,0.6350155190251753,Medium priority,low CTR; weak average position,506.0,0.011857707509881422,51.58893280632411,8.0
3701,client_3f0ce4d44fe94f3d,content_dbd535b60ddf1410,0.6350155190251753,Medium priority,low CTR,505.0,0.007920792079207921,5.998019801980198,2.0
3702,client_9958f0a7ae1df715,content_e00c66fb3730374f,0.6350155190251753,Medium priority,low CTR,504.0,0.00992063492063492,8.168650793650794,13.0
3703,client_0fa64a184f18a4a0,content_3368b097436d7c46,0.6350155190251753,Medium priority,low CTR,504.0,0.007936507936507936,2.748015873015873,3.0
3704,client_3f0ce4d44fe94f3d,content_2214fb92c60046d0,0.6350155190251753,Medium priority,low CTR,500.0,0.006,2.646,3.0
3705,client_3f0ce4d44fe94f3d,content_e79e3f593210027b,0.6350155190251753,Medium priority,low CTR,500.0,0.016,3.27,6.0
3706,client_9958f0a7ae1df715,content_2995ef93c1d10e34,0.6350155190251753,Medium priority,low CTR,500.0,0.01,5.854,7.0
3707,client_2094c6eb080311d5,content_27ef26aba004cb26,0.6350155190251753,Medium priority,low CTR,496.0,0.020161290322580645,8.669354838709678,11.0
3708,client_2094c6eb080311d5,content_9213410ec97fc5d0,0.6350155190251753,Medium priority,low CTR,495.0,0.00808080808080808,7.2868686868686865,5.0
3709,client_def0955f7a377868,content_b072929d48654060,0.6350155190251753,Medium priority,low CTR,494.0,0.008097165991902834,7.568825910931174,5.0
3710,client_3f0ce4d44fe94f3d,content_5c4d89adb450309d,0.6350155190251753,Medium priority,low CTR,493.0,0.006085192697768763,3.5030425963488843,1.0
3711,client_2094c6eb080311d5,content_6aef0602b71aa830,0.6350155190251753,Medium priority,low CTR,493.0,0.006085192697768763,6.778904665314402,4.0
3712,client_2094c6eb080311d5,content_038da359ed74d717,0.6350155190251753,Medium priority,low CTR; weak average position,492.0,0.006097560975609756,12.91260162601626,3.0
3713,client_0fa64a184f18a4a0,content_1bfb84ca3cee762f,0.6350155190251753,Medium priority,low CTR,491.0,0.018329938900203666,2.6680244399185336,6.0
3714,client_9958f0a7ae1df715,content_5e43f1389b5a8abe,0.6350155190251753,Medium priority,low CTR; weak average position,490.0,0.00816326530612245,31.66734693877551,4.0
3715,client_9958f0a7ae1df715,content_5ef3fa283dd8f7f0,0.6350155190251753,Medium priority,low CTR; weak average position,490.0,0.006122448979591836,10.561224489795919,14.0
3716,client_2094c6eb080311d5,content_68496c187a59d72f,0.6350155190251753,Medium priority,low CTR,489.0,0.012269938650306749,6.159509202453988,8.0
3717,client_0fa64a184f18a4a0,content_551d7a0daa8b2c78,0.6350155190251753,Medium priority,low CTR,486.0,0.01440329218106996,3.8724279835390947,8.0
3718,client_9958f0a7ae1df715,content_bc2b5b967080a95d,0.6350155190251753,Medium priority,low CTR; weak average position,486.0,0.00823045267489712,12.349794238683128,4.0
3719,client_9958f0a7ae1df715,content_49727633c22525ba,0.6350155190251753,Medium priority,low CTR,486.0,0.02263374485596708,9.506172839506172,30.0
3720,client_3f0ce4d44fe94f3d,content_a5103cca872087e0,0.6350155190251753,Medium priority,low CTR,486.0,0.006172839506172839,3.462962962962963,
3721,client_9958f0a7ae1df715,content_a64143f6e4a21ffe,0.6350155190251753,Medium priority,low CTR; weak average position,485.0,0.006185567010309278,22.03917525773196,13.0
3722,client_3f0ce4d44fe94f3d,content_1703c369a2238f17,0.6350155190251753,Medium priority,low CTR,485.0,0.006185567010309278,1.48659793814433,1.0
3723,client_2094c6eb080311d5,content_28f8a3e4f4be4505,0.6350155190251753,Medium priority,low CTR,484.0,0.006198347107438017,5.741735537190083,4.0
3724,client_3f0ce4d44fe94f3d,content_da02444097a754ea,0.6350155190251753,Medium priority,low CTR,481.0,0.006237006237006237,5.25987525987526,1.0
3725,client_9958f0a7ae1df715,content_6e002ec8ae35d1bf,0.6350155190251753,Medium priority,low CTR; weak average position,480.0,0.00625,23.572916666666668,3.0
3726,client_f623b01661d4bfe4,content_6b0926b02df77a64,0.6350155190251753,Medium priority,low CTR; weak average position,476.0,0.008403361344537815,61.34033613445378,4.0
3727,client_2094c6eb080311d5,content_0e42cb0f1a9368c4,0.6350155190251753,Medium priority,low CTR,475.0,0.00631578947368421,8.56842105263158,7.0
3728,client_2094c6eb080311d5,content_d75e0483b159dd71,0.6350155190251753,Medium priority,low CTR,474.0,0.006329113924050633,7.162447257383966,5.0
3729,client_2094c6eb080311d5,content_9649347138d88f1d,0.6350155190251753,Medium priority,low CTR,474.0,0.016877637130801686,8.622362869198312,20.0
3730,client_2094c6eb080311d5,content_a75901ec36a739f4,0.6350155190251753,Medium priority,low CTR,474.0,0.0189873417721519,4.4978902953586495,13.0
3731,client_9958f0a7ae1df715,content_89fa653709e53ad8,0.6350155190251753,Medium priority,low CTR,471.0,0.008492569002123142,9.535031847133759,5.0
3732,client_0fa64a184f18a4a0,content_e507ffa8a41a0bc2,0.6350155190251753,Medium priority,low CTR,471.0,0.010615711252653927,7.053078556263269,4.0
3733,client_2094c6eb080311d5,content_82be9c813129d258,0.6350155190251753,Medium priority,low CTR,471.0,0.008492569002123142,6.365180467091295,13.0
3734,client_3f0ce4d44fe94f3d,content_0250eea609a5aac3,0.6350155190251753,Medium priority,low CTR,470.0,0.01276595744680851,4.04468085106383,5.0
3735,client_2094c6eb080311d5,content_812cc339de0f112a,0.6350155190251753,Medium priority,low CTR,469.0,0.010660980810234541,7.1918976545842215,5.0
3736,client_2094c6eb080311d5,content_162b33b49be30cb5,0.6350155190251753,Medium priority,low CTR,468.0,0.00641025641025641,4.378205128205129,11.0
3737,client_2094c6eb080311d5,content_e6c777c7e0e3c575,0.6350155190251753,Medium priority,low CTR,468.0,0.00641025641025641,8.258547008547009,5.0
3738,client_0fa64a184f18a4a0,content_f94ababb74d11692,0.6350155190251753,Medium priority,low CTR,467.0,0.021413276231263382,2.394004282655246,9.0
3739,client_2094c6eb080311d5,content_2baf25fb76dd726a,0.6350155190251753,Medium priority,low CTR,467.0,0.006423982869379015,8.11134903640257,13.0
3740,client_3f0ce4d44fe94f3d,content_f9e0b4c2792dc0f6,0.6350155190251753,Medium priority,low CTR,466.0,0.006437768240343348,6.1888412017167385,1.0
3741,client_9958f0a7ae1df715,content_f3e9c271c0e7d4ef,0.6350155190251753,Medium priority,low CTR,465.0,0.015053763440860216,2.9849462365591397,7.0
3742,client_2094c6eb080311d5,content_4ec555f2f8d0d8fa,0.6350155190251753,Medium priority,low CTR; weak average position,463.0,0.008639308855291577,11.161987041036717,11.0
3743,client_3f0ce4d44fe94f3d,content_907df27bcde36767,0.6350155190251753,Medium priority,low CTR,463.0,0.012958963282937365,3.799136069114471,4.0
3744,client_0fa64a184f18a4a0,content_f06900300d6984ec,0.6350155190251753,Medium priority,low CTR,462.0,0.008658008658008658,1.9718614718614718,9.0
3745,client_0fa64a184f18a4a0,content_1b7903d238532256,0.6350155190251753,Medium priority,low CTR,462.0,0.008658008658008658,2.5844155844155843,2.0
3746,client_2094c6eb080311d5,content_9a61dfc8ac835e1a,0.6350155190251753,Medium priority,low CTR,462.0,0.006493506493506494,5.103896103896104,6.0
3747,client_2094c6eb080311d5,content_082c7582eb38852b,0.6350155190251753,Medium priority,low CTR,461.0,0.01735357917570499,5.5292841648590025,19.0
3748,client_2094c6eb080311d5,content_861512c1302baeb1,0.6350155190251753,Medium priority,low CTR; weak average position,461.0,0.006507592190889371,10.321041214750542,4.0
3749,client_2094c6eb080311d5,content_2dc51fcf121f843f,0.6350155190251753,Medium priority,low CTR,460.0,0.017391304347826087,4.123913043478261,12.0
3750,client_2094c6eb080311d5,content_9b204f5ff7e7ca5b,0.6350155190251753,Medium priority,low CTR; weak average position,460.0,0.006521739130434782,11.184782608695652,3.0
3751,client_9958f0a7ae1df715,content_b9aba5bc4827a2d9,0.6350155190251753,Medium priority,low CTR; weak average position,459.0,0.008714596949891068,12.827886710239651,10.0
3752,client_2094c6eb080311d5,content_fcc57f40c95d9f30,0.6350155190251753,Medium priority,low CTR,456.0,0.008771929824561403,5.412280701754386,3.0
3753,client_2094c6eb080311d5,content_342259117a946e22,0.6350155190251753,Medium priority,low CTR,454.0,0.006607929515418502,5.440528634361233,4.0
3754,client_9958f0a7ae1df715,content_f31e20085b7f422c,0.6350155190251753,Medium priority,low CTR; weak average position,454.0,0.004405286343612335,24.75330396475771,3.0
3755,client_3f0ce4d44fe94f3d,content_4f8e4dd576f35d36,0.6350155190251753,Medium priority,low CTR,454.0,0.006607929515418502,2.526431718061674,
3756,client_2094c6eb080311d5,content_da8fe29b2620e9b9,0.6350155190251753,Medium priority,low CTR,453.0,0.04856512141280353,4.030905077262693,24.0
3757,client_2094c6eb080311d5,content_8aa9e1b3111256be,0.6350155190251753,Medium priority,low CTR; weak average position,453.0,0.004415011037527594,13.286975717439294,1.0
3758,client_2094c6eb080311d5,content_4599790e21e887d7,0.6350155190251753,Medium priority,low CTR,452.0,0.01327433628318584,8.415929203539823,8.0
3759,client_3f0ce4d44fe94f3d,content_91f1bea5dd2722c1,0.6350155190251753,Medium priority,low CTR,452.0,0.004424778761061947,2.7168141592920354,1.0
3760,client_3f0ce4d44fe94f3d,content_e1f77f3460a1c0d4,0.6350155190251753,Medium priority,low CTR,452.0,0.008849557522123894,3.0685840707964602,2.0
3761,client_2094c6eb080311d5,content_ada755dad0b34f54,0.6350155190251753,Medium priority,low CTR,452.0,0.01327433628318584,4.93141592920354,7.0
3762,client_0fa64a184f18a4a0,content_e0cf90ad4f427449,0.6350155190251753,Medium priority,low CTR,451.0,0.004434589800443459,3.385809312638581,4.0
3763,client_2094c6eb080311d5,content_6685263a9c830717,0.6350155190251753,Medium priority,low CTR; weak average position,448.0,0.004464285714285714,10.707589285714286,2.0
3764,client_f623b01661d4bfe4,content_81debce7b0565448,0.6350155190251753,Medium priority,low CTR; weak average position,447.0,0.008948545861297539,64.6241610738255,4.0
3765,client_3f0ce4d44fe94f3d,content_2ae3c1fed879cb4c,0.6350155190251753,Medium priority,low CTR; weak average position,447.0,0.0044742729306487695,10.250559284116331,2.0
3766,client_2094c6eb080311d5,content_73cda61eb123147e,0.6350155190251753,Medium priority,low CTR; weak average position,447.0,0.0044742729306487695,11.01565995525727,3.0
3767,client_def0955f7a377868,content_eebb361dd5ad6708,0.6350155190251753,Medium priority,low CTR,447.0,0.006711409395973154,8.657718120805368,4.0
3768,client_2094c6eb080311d5,content_1cca94980de7a935,0.6350155190251753,Medium priority,low CTR,446.0,0.006726457399103139,4.760089686098655,3.0
3769,client_3f0ce4d44fe94f3d,content_2b747b88847a0ed3,0.6350155190251753,Medium priority,low CTR,446.0,0.008968609865470852,3.993273542600897,2.0
3770,client_0fa64a184f18a4a0,content_5d8ae9202adb6fe5,0.6350155190251753,Medium priority,low CTR,446.0,0.02242152466367713,2.0448430493273544,11.0
3771,client_3f0ce4d44fe94f3d,content_92b3ee21e98bb6d8,0.6350155190251753,Medium priority,low CTR; weak average position,445.0,0.008988764044943821,10.42247191011236,3.0
3772,client_3f0ce4d44fe94f3d,content_2a464fed9241cd97,0.6350155190251753,Medium priority,low CTR,445.0,0.01348314606741573,5.72808988764045,6.0
3773,client_3f0ce4d44fe94f3d,content_403033938094bb91,0.6350155190251753,Medium priority,low CTR,445.0,0.0044943820224719105,5.831460674157303,2.0
3774,client_9958f0a7ae1df715,content_e7584516963d5e4a,0.6350155190251753,Medium priority,low CTR; weak average position,445.0,0.0044943820224719105,26.462921348314605,25.0
3775,client_3f0ce4d44fe94f3d,content_45986a7853039748,0.6350155190251753,Medium priority,low CTR; weak average position,444.0,0.0045045045045045045,12.585585585585585,1.0
3776,client_0fa64a184f18a4a0,content_dfede409489068f7,0.6350155190251753,Medium priority,low CTR,443.0,0.013544018058690745,2.6794582392776523,5.0
3777,client_9958f0a7ae1df715,content_f3d06b55e2fc0544,0.6350155190251753,Medium priority,low CTR; weak average position,443.0,0.009029345372460496,14.284424379232506,4.0
3778,client_9958f0a7ae1df715,content_da062acbf7c2c455,0.6350155190251753,Medium priority,low CTR; weak average position,443.0,0.006772009029345372,10.566591422121896,9.0
3779,client_3f0ce4d44fe94f3d,content_e3a7d5622d6dce6a,0.6350155190251753,Medium priority,low CTR; weak average position,442.0,0.004524886877828055,26.47285067873303,
3780,client_2094c6eb080311d5,content_5e016362e9695a4d,0.6350155190251753,Medium priority,low CTR,440.0,0.006818181818181818,7.55,7.0
3781,client_0fa64a184f18a4a0,content_d9d4f1b4d3ac6e82,0.6350155190251753,Medium priority,low CTR,440.0,0.006818181818181818,1.7227272727272727,2.0
3782,client_9958f0a7ae1df715,content_5b619639be88dea7,0.6350155190251753,Medium priority,low CTR,439.0,0.015945330296127564,5.826879271070615,11.0
3783,client_9958f0a7ae1df715,content_341744551b0ae7fd,0.6350155190251753,Medium priority,low CTR; weak average position,439.0,0.011389521640091117,11.257403189066059,7.0
3784,client_9958f0a7ae1df715,content_974e25ab7f9c8432,0.6350155190251753,Medium priority,low CTR,439.0,0.01366742596810934,6.856492027334852,15.0
3785,client_3f0ce4d44fe94f3d,content_60a14d927563aa43,0.6350155190251753,Medium priority,low CTR,439.0,0.004555808656036446,4.0592255125284735,1.0
3786,client_2094c6eb080311d5,content_d4d423fceb8e79c9,0.6350155190251753,Medium priority,low CTR; weak average position,438.0,0.0045662100456621,16.17808219178082,6.0
3787,client_9958f0a7ae1df715,content_c56635569915ef0c,0.6350155190251753,Medium priority,low CTR; weak average position,437.0,0.006864988558352402,24.508009153318078,6.0
3788,client_2094c6eb080311d5,content_870b2ad3d9403d47,0.6350155190251753,Medium priority,low CTR,436.0,0.006880733944954129,7.901376146788991,3.0
3789,client_3f0ce4d44fe94f3d,content_1ce5412fa9859713,0.6350155190251753,Medium priority,low CTR,436.0,0.0045871559633027525,2.694954128440367,
3790,client_3f0ce4d44fe94f3d,content_60f07de73b7c99ae,0.6350155190251753,Medium priority,low CTR,435.0,0.009195402298850575,5.636781609195403,4.0
3791,client_f623b01661d4bfe4,content_896651a179d0c7f8,0.6350155190251753,Medium priority,low CTR; weak average position,435.0,0.034482758620689655,17.0183908045977,14.0
3792,client_2094c6eb080311d5,content_dfa0bcb784627774,0.6350155190251753,Medium priority,low CTR,435.0,0.004597701149425287,4.751724137931035,4.0
3793,client_2094c6eb080311d5,content_03e6157155ce2562,0.6350155190251753,Medium priority,low CTR; weak average position,434.0,0.004608294930875576,10.170506912442397,2.0
3794,client_2094c6eb080311d5,content_94f3d670f2f0876b,0.6350155190251753,Medium priority,low CTR,434.0,0.0069124423963133645,9.09447004608295,4.0
3795,client_0fa64a184f18a4a0,content_d36daa47f47b7ef6,0.6350155190251753,Medium priority,low CTR,434.0,0.0069124423963133645,2.705069124423963,4.0
3796,client_9958f0a7ae1df715,content_6dcecef86942d71e,0.6350155190251753,Medium priority,low CTR; weak average position,433.0,0.004618937644341801,13.549653579676674,14.0
3797,client_9958f0a7ae1df715,content_f3a9af8e15ba2e51,0.6350155190251753,Medium priority,low CTR,433.0,0.013856812933025405,9.009237875288683,6.0
3798,client_9958f0a7ae1df715,content_bd96a2c28732a0d4,0.6350155190251753,Medium priority,low CTR,433.0,0.004618937644341801,5.235565819861431,3.0
3799,client_9958f0a7ae1df715,content_f6188c57e7d1a6ba,0.6350155190251753,Medium priority,low CTR,432.0,0.004629629629629629,8.523148148148149,4.0
3800,client_0fa64a184f18a4a0,content_1dd664c5755af3cd,0.6350155190251753,Medium priority,low CTR,431.0,0.01160092807424594,1.1299303944315546,5.0
3801,client_2094c6eb080311d5,content_b52b02f72b849d9a,0.6350155190251753,Medium priority,low CTR,429.0,0.011655011655011656,7.512820512820513,12.0
3802,client_2094c6eb080311d5,content_f9bf0b0825da3267,0.6350155190251753,Medium priority,low CTR,428.0,0.009345794392523364,5.170560747663552,8.0
3803,client_9958f0a7ae1df715,content_ef9f50431bd76160,0.6350155190251753,Medium priority,low CTR; weak average position,427.0,0.00702576112412178,65.01639344262296,6.0
3804,client_2094c6eb080311d5,content_74d1be0ba30170ca,0.6350155190251753,Medium priority,low CTR,427.0,0.00936768149882904,6.772833723653396,12.0
3805,client_9958f0a7ae1df715,content_1b1f69effd0e4531,0.6350155190251753,Medium priority,low CTR; weak average position,426.0,0.011737089201877934,16.997652582159624,5.0
3806,client_0fa64a184f18a4a0,content_0bb00c15f1db06c2,0.6350155190251753,Medium priority,low CTR,425.0,0.009411764705882352,1.7976470588235294,3.0
3807,client_2094c6eb080311d5,content_c886c414b098c87f,0.6350155190251753,Medium priority,low CTR,425.0,0.03764705882352941,2.6776470588235295,14.0
3808,client_9958f0a7ae1df715,content_58f9084ee9994819,0.6350155190251753,Medium priority,low CTR; weak average position,425.0,0.009411764705882352,27.369411764705884,23.0
3809,client_3f0ce4d44fe94f3d,content_d915a0c7e45269a9,0.6350155190251753,Medium priority,low CTR,425.0,0.011764705882352941,5.736470588235294,2.0
3810,client_2094c6eb080311d5,content_52335932ae7215a6,0.6350155190251753,Medium priority,low CTR,424.0,0.007075471698113208,7.242924528301887,4.0
3811,client_3f0ce4d44fe94f3d,content_9103ad203b1f778b,0.6350155190251753,Medium priority,low CTR,423.0,0.009456264775413711,3.9574468085106385,
3812,client_0fa64a184f18a4a0,content_42e344510193cacb,0.6350155190251753,Medium priority,low CTR,423.0,0.014184397163120567,2.023640661938534,5.0
3813,client_2094c6eb080311d5,content_7364e487c54ba1c5,0.6350155190251753,Medium priority,low CTR,423.0,0.018912529550827423,5.184397163120567,9.0
3814,client_0fa64a184f18a4a0,content_ef9b59a39ba8254d,0.6350155190251753,Medium priority,low CTR,423.0,0.01182033096926714,6.085106382978723,4.0
3815,client_3f0ce4d44fe94f3d,content_ea370ba55d6acf0c,0.6350155190251753,Medium priority,low CTR,422.0,0.030805687203791468,5.7156398104265405,9.0
3816,client_3f0ce4d44fe94f3d,content_248a98ffca4dc45d,0.6350155190251753,Medium priority,low CTR,422.0,0.004739336492890996,4.329383886255924,
3817,client_0fa64a184f18a4a0,content_234c822377bc7e9d,0.6350155190251753,Medium priority,low CTR,421.0,0.004750593824228029,5.273159144893111,3.0
3818,client_2094c6eb080311d5,content_e22dafbb80abe668,0.6350155190251753,Medium priority,low CTR,420.0,0.004761904761904762,8.914285714285715,12.0
3819,client_0fa64a184f18a4a0,content_6633217635ec6f11,0.6350155190251753,Medium priority,low CTR,419.0,0.00954653937947494,3.0692124105011933,5.0
3820,client_2094c6eb080311d5,content_f9363f034ba9143a,0.6350155190251753,Medium priority,low CTR,419.0,0.014319809069212411,7.233890214797136,12.0
3821,client_9958f0a7ae1df715,content_410ebe2d9c32ac2a,0.6350155190251753,Medium priority,low CTR; weak average position,419.0,0.00477326968973747,10.202863961813842,2.0
3822,client_2094c6eb080311d5,content_d3b91b1deac98f6b,0.6350155190251753,Medium priority,low CTR,419.0,0.00477326968973747,8.486873508353222,6.0
3823,client_3f0ce4d44fe94f3d,content_7f520161b8251543,0.6350155190251753,Medium priority,low CTR,418.0,0.019138755980861243,8.648325358851675,5.0
3824,client_0fa64a184f18a4a0,content_3aa849ff94455468,0.6350155190251753,Medium priority,low CTR,418.0,0.009569377990430622,2.9210526315789473,1.0
3825,client_9958f0a7ae1df715,content_5a7590814cc035d0,0.6350155190251753,Medium priority,low CTR; weak average position,418.0,0.009569377990430622,17.229665071770334,6.0
3826,client_2094c6eb080311d5,content_256bf464afe9201f,0.6350155190251753,Medium priority,low CTR,417.0,0.011990407673860911,4.84652278177458,11.0
3827,client_9958f0a7ae1df715,content_ee94dd4e9701eb4d,0.6350155190251753,Medium priority,low CTR,417.0,0.007194244604316547,6.223021582733813,3.0
3828,client_2094c6eb080311d5,content_6b3c7d2b85fa1440,0.6350155190251753,Medium priority,low CTR,417.0,0.009592326139088728,6.059952038369304,3.0
3829,client_9958f0a7ae1df715,content_2ffb549588701a8f,0.6350155190251753,Medium priority,low CTR; weak average position,416.0,0.004807692307692308,11.307692307692308,1.0
3830,client_0fa64a184f18a4a0,content_7db41c85a0282572,0.6350155190251753,Medium priority,low CTR,416.0,0.01201923076923077,5.735576923076923,4.0
3831,client_cd12bcfd98942aa1,content_ab0c650f8158956f,0.6350155190251753,Medium priority,low CTR; weak average position,415.0,0.00963855421686747,15.698795180722891,5.0
3832,client_3f0ce4d44fe94f3d,content_54d6b42de119bbcc,0.6350155190251753,Medium priority,low CTR,414.0,0.012077294685990338,4.345410628019324,3.0
3833,client_3f0ce4d44fe94f3d,content_a28bba61d4351342,0.6350155190251753,Medium priority,low CTR,414.0,0.014492753623188406,6.125603864734299,7.0
3834,client_9958f0a7ae1df715,content_6f4cc70af7be346e,0.6350155190251753,Medium priority,low CTR; weak average position,413.0,0.012106537530266344,10.978208232445521,11.0
3835,client_2094c6eb080311d5,content_eefd684e8071adba,0.6350155190251753,Medium priority,low CTR; weak average position,413.0,0.004842615012106538,23.411622276029057,2.0
3836,client_9958f0a7ae1df715,content_8fb770bbffbb3601,0.6350155190251753,Medium priority,low CTR,413.0,0.004842615012106538,5.423728813559322,3.0
3837,client_0fa64a184f18a4a0,content_ec50a273b3f853c1,0.6350155190251753,Medium priority,low CTR,413.0,0.004842615012106538,4.907990314769976,2.0
3838,client_3f0ce4d44fe94f3d,content_acc5d37f5d5b65ff,0.6350155190251753,Medium priority,low CTR,413.0,0.007263922518159807,3.3535108958837774,1.0
3839,client_2094c6eb080311d5,content_cded6687a42a855e,0.6350155190251753,Medium priority,low CTR; weak average position,412.0,0.0048543689320388345,10.728155339805825,1.0
3840,client_0fa64a184f18a4a0,content_c72e4e1742e40057,0.6350155190251753,Medium priority,low CTR,411.0,0.024330900243309004,0.7177615571776156,5.0
3841,client_3f0ce4d44fe94f3d,content_71f3f9cc0e292dd7,0.6350155190251753,Medium priority,low CTR,411.0,0.0072992700729927005,9.549878345498783,2.0
3842,client_0fa64a184f18a4a0,content_a6895f2b71d8a9f3,0.6350155190251753,Medium priority,low CTR; weak average position,410.0,0.004878048780487805,40.28048780487805,2.0
3843,client_2094c6eb080311d5,content_f7d2304bd3d6143f,0.6350155190251753,Medium priority,low CTR,409.0,0.004889975550122249,9.63325183374083,2.0
3844,client_2094c6eb080311d5,content_0d143e3625f6d66e,0.6350155190251753,Medium priority,low CTR,409.0,0.012224938875305624,6.50122249388753,8.0
3845,client_2094c6eb080311d5,content_ec8f0bb9baa907c7,0.6350155190251753,Medium priority,low CTR,408.0,0.004901960784313725,6.0588235294117645,2.0
3846,client_3f0ce4d44fe94f3d,content_00ab929e13a7ce73,0.6350155190251753,Medium priority,low CTR,408.0,0.007352941176470588,7.870098039215686,3.0
3847,client_2094c6eb080311d5,content_e737bc65fabc9d44,0.6350155190251753,Medium priority,low CTR,406.0,0.0049261083743842365,3.3399014778325125,4.0
3848,client_3f0ce4d44fe94f3d,content_ed772ded55516bf7,0.6350155190251753,Medium priority,low CTR,406.0,0.007389162561576354,2.273399014778325,3.0
3849,client_3f0ce4d44fe94f3d,content_a79cc8dd09a01a50,0.6350155190251753,Medium priority,low CTR,405.0,0.0049382716049382715,3.8,3.0
3850,client_9958f0a7ae1df715,content_6dcad2ad86d19f05,0.6350155190251753,Medium priority,low CTR; weak average position,405.0,0.0049382716049382715,18.506172839506174,3.0
3851,client_2094c6eb080311d5,content_373ce88d7035f757,0.6350155190251753,Medium priority,low CTR,405.0,0.012345679012345678,6.0814814814814815,6.0
3852,client_2094c6eb080311d5,content_88119153a5800fc6,0.6350155190251753,Medium priority,low CTR,404.0,0.019801980198019802,5.400990099009901,16.0
3853,client_0fa64a184f18a4a0,content_dd4ca172e72892d9,0.6350155190251753,Medium priority,low CTR,404.0,0.017326732673267328,1.9777227722772277,5.0
3854,client_9958f0a7ae1df715,content_900c6ea568da945c,0.6350155190251753,Medium priority,low CTR; weak average position,404.0,0.007425742574257425,15.188118811881187,4.0
3855,client_9958f0a7ae1df715,content_4dc8e3c1b94c2a09,0.6350155190251753,Medium priority,low CTR; weak average position,404.0,0.0049504950495049506,12.799504950495049,1.0
3856,client_3f0ce4d44fe94f3d,content_48d7a3a46cc8e080,0.6350155190251753,Medium priority,low CTR,404.0,0.0049504950495049506,3.6707920792079207,2.0
3857,client_2094c6eb080311d5,content_3bc7b3db79e55686,0.6350155190251753,Medium priority,low CTR,404.0,0.012376237623762377,6.772277227722772,4.0
3858,client_3f0ce4d44fe94f3d,content_1fa253a793c848c3,0.6350155190251753,Medium priority,low CTR,403.0,0.004962779156327543,6.287841191066997,1.0
3859,client_2094c6eb080311d5,content_1c163a17525ec528,0.6350155190251753,Medium priority,low CTR,403.0,0.007444168734491315,8.245657568238213,2.0
3860,client_2094c6eb080311d5,content_fb86de0642cbdf6c,0.6350155190251753,Medium priority,low CTR; weak average position,403.0,0.004962779156327543,12.779156327543424,4.0
3861,client_def0955f7a377868,content_dfeadf06fc2ebe5f,0.6350155190251753,Medium priority,low CTR,401.0,0.004987531172069825,8.089775561097257,3.0
3862,client_f623b01661d4bfe4,content_410bdadcf0e9d22e,0.6350155190251753,Medium priority,low CTR; weak average position,401.0,0.012468827930174564,12.483790523690773,4.0
3863,client_2094c6eb080311d5,content_243522a3b7e3258f,0.6350155190251753,Medium priority,low CTR,401.0,0.004987531172069825,6.698254364089776,3.0
3864,client_2094c6eb080311d5,content_50cf373195409836,0.6350155190251753,Medium priority,low CTR; weak average position,401.0,0.007481296758104738,15.428927680798004,10.0
3865,client_9958f0a7ae1df715,content_b039f5c5c78c6ed6,0.6350155190251753,Medium priority,low CTR; weak average position,400.0,0.005,14.925,5.0
3866,client_3f0ce4d44fe94f3d,content_5a2d385a240707b4,0.6350155190251753,Medium priority,low CTR,400.0,0.005,9.6275,2.0
3867,client_3f0ce4d44fe94f3d,content_2bc12f490f9e5615,0.6350155190251753,Medium priority,low CTR; weak average position,400.0,0.0075,16.0625,1.0
3868,client_3f0ce4d44fe94f3d,content_5b59e2829545a508,0.6350155190251753,Medium priority,low CTR,399.0,0.007518796992481203,6.598997493734336,2.0
3869,client_9958f0a7ae1df715,content_4bb2b9cacd16054d,0.6350155190251753,Medium priority,low CTR,399.0,0.02506265664160401,9.298245614035087,13.0
3870,client_2094c6eb080311d5,content_b4fb1c3cd8687022,0.6350155190251753,Medium priority,low CTR,399.0,0.007518796992481203,5.363408521303258,7.0
3871,client_3f0ce4d44fe94f3d,content_1349422013f86b67,0.6350155190251753,Medium priority,low CTR,399.0,0.010025062656641603,2.408521303258145,4.0
3872,client_2094c6eb080311d5,content_3298d4b80b282f0d,0.6350155190251753,Medium priority,low CTR; weak average position,398.0,0.005025125628140704,19.07286432160804,4.0
3873,client_9958f0a7ae1df715,content_48f3837d8c24aa0a,0.6350155190251753,Medium priority,low CTR,398.0,0.01507537688442211,8.298994974874372,11.0
3874,client_2094c6eb080311d5,content_3cf2665f0a0d622a,0.6350155190251753,Medium priority,low CTR,398.0,0.01256281407035176,4.394472361809045,8.0
3875,client_3f0ce4d44fe94f3d,content_3ad47f1a638e8692,0.6350155190251753,Medium priority,low CTR,397.0,0.005037783375314861,6.8816120906801,
3876,client_2094c6eb080311d5,content_3a3d52b68d71de3a,0.6350155190251753,Medium priority,low CTR,396.0,0.007575757575757576,9.297979797979798,10.0
3877,client_2094c6eb080311d5,content_cd2af290a340f40b,0.6350155190251753,Medium priority,low CTR,396.0,0.005050505050505051,6.595959595959596,2.0
3878,client_3f0ce4d44fe94f3d,content_60eb3eaaf56d0b43,0.6350155190251753,Medium priority,low CTR,395.0,0.007594936708860759,6.445569620253164,2.0
3879,client_0fa64a184f18a4a0,content_7994a99376dac230,0.6350155190251753,Medium priority,low CTR,395.0,0.005063291139240506,2.0151898734177216,3.0
3880,client_3f0ce4d44fe94f3d,content_8a480519a74baa2f,0.6350155190251753,Medium priority,low CTR,395.0,0.020253164556962026,5.10126582278481,3.0
3881,client_2094c6eb080311d5,content_bc9ee15d3628fef9,0.6350155190251753,Medium priority,low CTR,395.0,0.02278481012658228,4.954430379746835,13.0
3882,client_3f0ce4d44fe94f3d,content_005ff80200cd256a,0.6350155190251753,Medium priority,low CTR,395.0,0.007594936708860759,4.481012658227848,2.0
3883,client_3f0ce4d44fe94f3d,content_2c051aa1e5623cac,0.6350155190251753,Medium priority,low CTR,394.0,0.005076142131979695,3.8629441624365484,
3884,client_9958f0a7ae1df715,content_118547164f7e30ad,0.6350155190251753,Medium priority,low CTR; weak average position,394.0,0.005076142131979695,10.223350253807107,3.0
3885,client_0fa64a184f18a4a0,content_6ac651fc9e4865f2,0.6350155190251753,Medium priority,low CTR,394.0,0.007614213197969543,3.1522842639593907,1.0
3886,client_0fa64a184f18a4a0,content_520f054aebd7790a,0.6350155190251753,Medium priority,low CTR,394.0,0.01015228426395939,1.5050761421319796,4.0
3887,client_2094c6eb080311d5,content_62a4f3834becbad2,0.6350155190251753,Medium priority,low CTR; weak average position,393.0,0.017811704834605598,17.358778625954198,7.0
3888,client_9958f0a7ae1df715,content_72f4daaf9fa56290,0.6350155190251753,Medium priority,low CTR; weak average position,392.0,0.007653061224489796,28.191326530612244,8.0
3889,client_3f0ce4d44fe94f3d,content_5d7d8a3c941c9dcc,0.6350155190251753,Medium priority,low CTR,392.0,0.00510204081632653,5.405612244897959,2.0
3890,client_2094c6eb080311d5,content_a5d4dc6a3e0ede6f,0.6350155190251753,Medium priority,low CTR,392.0,0.012755102040816327,5.0688775510204085,10.0
3891,client_0fa64a184f18a4a0,content_3d1f852707ac5790,0.6350155190251753,Medium priority,low CTR,392.0,0.007653061224489796,3.204081632653061,3.0
3892,client_0fa64a184f18a4a0,content_6d4c4f1d607d1235,0.6350155190251753,Medium priority,low CTR,392.0,0.007653061224489796,5.063775510204081,2.0
3893,client_3f0ce4d44fe94f3d,content_6e179df89fb52fb2,0.6350155190251753,Medium priority,low CTR,391.0,0.005115089514066497,4.918158567774936,
3894,client_2094c6eb080311d5,content_f8cddb525a8a5fc5,0.6350155190251753,Medium priority,low CTR,391.0,0.017902813299232736,6.012787723785166,32.0
3895,client_3f0ce4d44fe94f3d,content_bb5f41caea68da6e,0.6350155190251753,Medium priority,low CTR,390.0,0.007692307692307693,2.5358974358974358,1.0
3896,client_3f0ce4d44fe94f3d,content_1d52ecf007b9d352,0.6350155190251753,Medium priority,low CTR,390.0,0.007692307692307693,5.11025641025641,2.0
3897,client_2094c6eb080311d5,content_19ddd790f9fe2508,0.6350155190251753,Medium priority,low CTR,390.0,0.015384615384615385,7.723076923076923,8.0
3898,client_0fa64a184f18a4a0,content_408364ff36ea5004,0.6350155190251753,Medium priority,low CTR,390.0,0.005128205128205128,4.9051282051282055,2.0
3899,client_0fa64a184f18a4a0,content_8567d8317abcf278,0.6350155190251753,Medium priority,low CTR,389.0,0.012853470437017995,4.637532133676093,4.0
3900,client_2094c6eb080311d5,content_beadf5de6d90694d,0.6350155190251753,Medium priority,low CTR,387.0,0.0103359173126615,9.906976744186046,13.0
3901,client_2094c6eb080311d5,content_855fc2384132bc7a,0.6350155190251753,Medium priority,low CTR,387.0,0.03617571059431524,4.873385012919897,15.0
3902,client_f623b01661d4bfe4,content_25bf6f2846262162,0.6350155190251753,Medium priority,low CTR; weak average position,386.0,0.010362694300518135,40.87823834196891,5.0
3903,client_2094c6eb080311d5,content_f1d1964ee46197c5,0.6350155190251753,Medium priority,low CTR,386.0,0.010362694300518135,6.215025906735751,5.0
3904,client_2094c6eb080311d5,content_48f2121b5c171de2,0.6350155190251753,Medium priority,low CTR,386.0,0.010362694300518135,7.349740932642487,5.0
3905,client_2094c6eb080311d5,content_61f59e33e629afaa,0.6350155190251753,Medium priority,low CTR; weak average position,385.0,0.005194805194805195,12.714285714285714,6.0
3906,client_9958f0a7ae1df715,content_9cfdcecfa60ab4fc,0.6350155190251753,Medium priority,low CTR; weak average position,385.0,0.005194805194805195,35.57402597402597,3.0
3907,client_2094c6eb080311d5,content_f2f6d51e2798633a,0.6350155190251753,Medium priority,low CTR; weak average position,384.0,0.010416666666666666,49.330729166666664,5.0
3908,client_2094c6eb080311d5,content_b376a5f0fbafb35d,0.6350155190251753,Medium priority,low CTR,384.0,0.005208333333333333,5.453125,5.0
3909,client_2094c6eb080311d5,content_1ffee03025a15161,0.6350155190251753,Medium priority,low CTR,384.0,0.010416666666666666,6.705729166666667,6.0
3910,client_3f0ce4d44fe94f3d,content_555aa4cd168c3d2f,0.6350155190251753,Medium priority,low CTR,383.0,0.02610966057441253,3.966057441253264,10.0
3911,client_9958f0a7ae1df715,content_089fc8fa3f9330cf,0.6350155190251753,Medium priority,low CTR; weak average position,383.0,0.007832898172323759,43.64490861618799,4.0
3912,client_3f0ce4d44fe94f3d,content_86ac950ce2eafc83,0.6350155190251753,Medium priority,low CTR,382.0,0.01832460732984293,3.1204188481675392,7.0
3913,client_9958f0a7ae1df715,content_5f36761ac450821c,0.6350155190251753,Medium priority,low CTR,382.0,0.013089005235602094,6.609947643979058,4.0
3914,client_3f0ce4d44fe94f3d,content_a2fa409d8c6d66f5,0.6350155190251753,Medium priority,low CTR,382.0,0.007853403141361256,5.096858638743456,3.0
3915,client_9958f0a7ae1df715,content_a5e52c567111f3b9,0.6350155190251753,Medium priority,low CTR; weak average position,382.0,0.015706806282722512,17.222513089005236,9.0
3916,client_f623b01661d4bfe4,content_5fbdd685e44e566c,0.6350155190251753,Medium priority,low CTR; weak average position,382.0,0.015706806282722512,14.62303664921466,6.0
3917,client_2094c6eb080311d5,content_2299c132c67bc399,0.6350155190251753,Medium priority,low CTR,381.0,0.005249343832020997,5.2493438320209975,3.0
3918,client_3f0ce4d44fe94f3d,content_add8a04c60516f96,0.6350155190251753,Medium priority,low CTR,381.0,0.005249343832020997,5.16010498687664,1.0
3919,client_3f0ce4d44fe94f3d,content_92917eab25097abf,0.6350155190251753,Medium priority,low CTR,380.0,0.005263157894736842,3.2473684210526317,1.0
3920,client_9958f0a7ae1df715,content_a1a1130cb255720e,0.6350155190251753,Medium priority,low CTR; weak average position,380.0,0.010526315789473684,11.613157894736842,5.0
3921,client_3f0ce4d44fe94f3d,content_0b552fb0790c8a32,0.6350155190251753,Medium priority,low CTR,380.0,0.015789473684210527,3.110526315789474,2.0
3922,client_3f0ce4d44fe94f3d,content_06b2e6050782250a,0.6350155190251753,Medium priority,low CTR; weak average position,380.0,0.013157894736842105,24.30263157894737,5.0
3923,client_9958f0a7ae1df715,content_8c3cc37e10d11677,0.6350155190251753,Medium priority,low CTR,379.0,0.005277044854881266,5.274406332453826,3.0
3924,client_2094c6eb080311d5,content_1a59aa03729949cf,0.6350155190251753,Medium priority,low CTR,379.0,0.0079155672823219,9.467018469656992,4.0
3925,client_3f0ce4d44fe94f3d,content_c640c10950427589,0.6350155190251753,Medium priority,low CTR; weak average position,377.0,0.010610079575596816,12.822281167108754,5.0
3926,client_0fa64a184f18a4a0,content_67e18ae9b150ff5c,0.6350155190251753,Medium priority,low CTR,376.0,0.005319148936170213,3.515957446808511,2.0
3927,client_9958f0a7ae1df715,content_622a4af7b4a3db6e,0.6350155190251753,Medium priority,low CTR,375.0,0.021333333333333333,7.941333333333334,9.0
3928,client_3f0ce4d44fe94f3d,content_c8c03d765ae0ca95,0.6350155190251753,Medium priority,low CTR,375.0,0.010666666666666666,4.9093333333333335,4.0
3929,client_3f0ce4d44fe94f3d,content_72aacd8de4b5fcc6,0.6350155190251753,Medium priority,low CTR,375.0,0.010666666666666666,5.736,4.0
3930,client_3f0ce4d44fe94f3d,content_e7fb47f88b2bd764,0.6350155190251753,Medium priority,low CTR,374.0,0.008021390374331552,1.5508021390374331,2.0
3931,client_3f0ce4d44fe94f3d,content_5aefdda007215497,0.6350155190251753,Medium priority,low CTR,374.0,0.0213903743315508,4.745989304812834,3.0
3932,client_3f0ce4d44fe94f3d,content_cfdabc531f1d6894,0.6350155190251753,Medium priority,low CTR,374.0,0.0053475935828877,5.382352941176471,
3933,client_9958f0a7ae1df715,content_e802d6e7a49c9bc1,0.6350155190251753,Medium priority,low CTR; weak average position,374.0,0.008021390374331552,24.58288770053476,3.0
3934,client_2094c6eb080311d5,content_8f11ceb8da49049a,0.6350155190251753,Medium priority,low CTR,373.0,0.00804289544235925,6.193029490616622,10.0
3935,client_3f0ce4d44fe94f3d,content_60f6adf34daac271,0.6350155190251753,Medium priority,low CTR,371.0,0.01078167115902965,4.916442048517521,1.0
3936,client_9958f0a7ae1df715,content_e0d532013ecc3786,0.6350155190251753,Medium priority,low CTR,371.0,0.005390835579514825,8.819407008086253,2.0
3937,client_2094c6eb080311d5,content_563a1828c90cf087,0.6350155190251753,Medium priority,low CTR,371.0,0.005390835579514825,8.549865229110512,2.0
3938,client_2094c6eb080311d5,content_d4c21e08e039efd5,0.6350155190251753,Medium priority,low CTR; weak average position,369.0,0.01084010840108401,10.292682926829269,5.0
3939,client_2094c6eb080311d5,content_7c5d6449287e8c68,0.6350155190251753,Medium priority,low CTR,369.0,0.008130081300813009,8.826558265582657,2.0
3940,client_9958f0a7ae1df715,content_b68972203e8743cc,0.6350155190251753,Medium priority,low CTR,369.0,0.005420054200542005,7.176151761517615,2.0
3941,client_9958f0a7ae1df715,content_1d7cf26c2ae459a4,0.6350155190251753,Medium priority,low CTR,368.0,0.005434782608695652,9.869565217391305,2.0
3942,client_0fa64a184f18a4a0,content_52fd4f1eed97a0f7,0.6350155190251753,Medium priority,low CTR,368.0,0.005434782608695652,4.282608695652174,2.0
3943,client_2094c6eb080311d5,content_9fc617c14502151f,0.6350155190251753,Medium priority,low CTR,368.0,0.005434782608695652,6.353260869565218,5.0
3944,client_9958f0a7ae1df715,content_3697ae261f896d64,0.6350155190251753,Medium priority,low CTR; weak average position,367.0,0.005449591280653951,28.653950953678475,3.0
3945,client_3f0ce4d44fe94f3d,content_814701a6179d9bc7,0.6350155190251753,Medium priority,low CTR,367.0,0.008174386920980926,5.182561307901907,3.0
3946,client_3f0ce4d44fe94f3d,content_2d73dd9b851c0af4,0.6350155190251753,Medium priority,low CTR,366.0,0.00546448087431694,6.139344262295082,1.0
3947,client_2094c6eb080311d5,content_a1d5d72ab0d6c557,0.6350155190251753,Medium priority,low CTR,364.0,0.008241758241758242,9.274725274725276,3.0
3948,client_9958f0a7ae1df715,content_297aa7e447168809,0.6350155190251753,Medium priority,low CTR; weak average position,363.0,0.005509641873278237,13.526170798898072,15.0
3949,client_3f0ce4d44fe94f3d,content_feaa12f29f01bf26,0.6350155190251753,Medium priority,low CTR; weak average position,363.0,0.005509641873278237,12.606060606060606,
3950,client_2094c6eb080311d5,content_0a5eefe82b4d66c6,0.6350155190251753,Medium priority,low CTR,362.0,0.03038674033149171,3.947513812154696,13.0
3951,client_3f0ce4d44fe94f3d,content_10c15418f1408fe0,0.6350155190251753,Medium priority,low CTR,362.0,0.0055248618784530384,8.756906077348066,1.0
3952,client_f623b01661d4bfe4,content_a10b5c5d7e0c5b60,0.6350155190251753,Medium priority,low CTR; weak average position,362.0,0.027624309392265192,26.11049723756906,10.0
3953,client_9958f0a7ae1df715,content_c69c8f9580385b55,0.6350155190251753,Medium priority,low CTR; weak average position,362.0,0.008287292817679558,16.3121546961326,2.0
3954,client_2094c6eb080311d5,content_e3c413cb2f33af56,0.6350155190251753,Medium priority,low CTR,361.0,0.008310249307479225,9.634349030470915,7.0
3955,client_0fa64a184f18a4a0,content_61a064fb411f670a,0.6350155190251753,Medium priority,low CTR,360.0,0.005555555555555556,5.663888888888889,2.0
3956,client_3f0ce4d44fe94f3d,content_6f929f3a012196d0,0.6350155190251753,Medium priority,low CTR,359.0,0.005571030640668524,9.426183844011142,1.0
3957,client_2094c6eb080311d5,content_2efad8a39b66c512,0.6350155190251753,Medium priority,low CTR,358.0,0.008379888268156424,5.402234636871508,2.0
3958,client_9958f0a7ae1df715,content_8cbf5d58fe031d1b,0.6350155190251753,Medium priority,low CTR; weak average position,358.0,0.008379888268156424,15.743016759776536,10.0
3959,client_0fa64a184f18a4a0,content_6785cc3c4ffb18f2,0.6350155190251753,Medium priority,low CTR,357.0,0.01680672268907563,4.238095238095238,4.0
3960,client_9958f0a7ae1df715,content_e0230200be2faa0c,0.6350155190251753,Medium priority,low CTR; weak average position,357.0,0.0056022408963585435,14.07563025210084,2.0
3961,client_9958f0a7ae1df715,content_729e9473526cf3b9,0.6350155190251753,Medium priority,low CTR; weak average position,357.0,0.0056022408963585435,34.19887955182073,2.0
3962,client_2094c6eb080311d5,content_d733d1fb22e2b0e2,0.6350155190251753,Medium priority,low CTR; weak average position,357.0,0.0056022408963585435,20.613445378151262,1.0
3963,client_3f0ce4d44fe94f3d,content_f6cbf3fcef526db6,0.6350155190251753,Medium priority,low CTR,357.0,0.008403361344537815,8.826330532212886,4.0
3964,client_2094c6eb080311d5,content_b62a751523c5408a,0.6350155190251753,Medium priority,low CTR,356.0,0.008426966292134831,5.058988764044944,6.0
3965,client_9958f0a7ae1df715,content_108500096f9bc481,0.6350155190251753,Medium priority,low CTR; weak average position,356.0,0.0056179775280898875,14.151685393258427,7.0
3966,client_3f0ce4d44fe94f3d,content_7994dc2aea54b089,0.6350155190251753,Medium priority,low CTR,356.0,0.011235955056179775,5.084269662921348,2.0
3967,client_3f0ce4d44fe94f3d,content_5b7a7eebbc610f0a,0.6350155190251753,Medium priority,low CTR,355.0,0.008450704225352112,8.79718309859155,2.0
3968,client_2094c6eb080311d5,content_976c4a7095543ef2,0.6350155190251753,Medium priority,low CTR; weak average position,355.0,0.005633802816901409,11.630985915492957,10.0
3969,client_2094c6eb080311d5,content_d7c81eb350eb78df,0.6350155190251753,Medium priority,low CTR; weak average position,355.0,0.005633802816901409,22.067605633802817,2.0
3970,client_2094c6eb080311d5,content_182dac7db5de31d7,0.6350155190251753,Medium priority,low CTR; weak average position,354.0,0.014124293785310734,11.361581920903955,7.0
3971,client_3f0ce4d44fe94f3d,content_cd3d594051b0899c,0.6350155190251753,Medium priority,low CTR; weak average position,354.0,0.005649717514124294,14.485875706214689,
3972,client_2094c6eb080311d5,content_a099fed0e848c283,0.6350155190251753,Medium priority,low CTR,354.0,0.031073446327683617,5.700564971751413,9.0
3973,client_0fa64a184f18a4a0,content_90c7e52a9af22bce,0.6350155190251753,Medium priority,low CTR,353.0,0.0056657223796034,2.3909348441926346,3.0
3974,client_9958f0a7ae1df715,content_d3754f255ae49a40,0.6350155190251753,Medium priority,low CTR; weak average position,353.0,0.0056657223796034,16.042492917847024,9.0
3975,client_3f0ce4d44fe94f3d,content_c29433df0189c3be,0.6350155190251753,Medium priority,low CTR,352.0,0.005681818181818182,7.3125,1.0
3976,client_2094c6eb080311d5,content_d0982432f01c2603,0.6350155190251753,Medium priority,low CTR; weak average position,351.0,0.005698005698005698,23.182336182336183,1.0
3977,client_2094c6eb080311d5,content_ebe8f725a965848e,0.6350155190251753,Medium priority,low CTR,351.0,0.005698005698005698,8.826210826210826,1.0
3978,client_9958f0a7ae1df715,content_93791a6fd0ad5566,0.6350155190251753,Medium priority,low CTR,351.0,0.005698005698005698,9.034188034188034,12.0
3979,client_2094c6eb080311d5,content_8f5e16cbbefaa2a5,0.6350155190251753,Medium priority,low CTR; weak average position,351.0,0.005698005698005698,12.145299145299145,3.0
3980,client_2094c6eb080311d5,content_ba678a9fc6fc5a3f,0.6350155190251753,Medium priority,low CTR,351.0,0.005698005698005698,6.15954415954416,5.0
3981,client_2094c6eb080311d5,content_cb4c723e1040ca61,0.6350155190251753,Medium priority,low CTR; weak average position,351.0,0.008547008547008548,13.521367521367521,2.0
3982,client_3f0ce4d44fe94f3d,content_9122d9ec28c9cb28,0.6350155190251753,Medium priority,low CTR,350.0,0.011428571428571429,5.571428571428571,5.0
3983,client_0fa64a184f18a4a0,content_3bbfc06f13c12173,0.6350155190251753,Medium priority,low CTR,350.0,0.008571428571428572,3.9314285714285715,1.0
3984,client_3f0ce4d44fe94f3d,content_1c7b1925d4ec1643,0.6350155190251753,Medium priority,low CTR,350.0,0.008571428571428572,3.62,4.0
3985,client_f623b01661d4bfe4,content_08fc6aa0b504f70b,0.6350155190251753,Medium priority,low CTR; weak average position,350.0,0.008571428571428572,43.93142857142857,3.0
3986,client_cd12bcfd98942aa1,content_1a7c58e01bc547c4,0.6350155190251753,Medium priority,low CTR,349.0,0.0057306590257879654,8.183381088825215,4.0
3987,client_9958f0a7ae1df715,content_eea0e9bdc2ec6643,0.6350155190251753,Medium priority,low CTR,348.0,0.005747126436781609,8.801724137931034,2.0
3988,client_3f0ce4d44fe94f3d,content_ed458c1737ad90a6,0.6350155190251753,Medium priority,low CTR,348.0,0.008620689655172414,7.698275862068965,3.0
3989,client_3f0ce4d44fe94f3d,content_35d7d08e16e1ed32,0.6350155190251753,Medium priority,low CTR,348.0,0.008620689655172414,5.126436781609195,1.0
3990,client_9958f0a7ae1df715,content_55ead56c1217a888,0.6350155190251753,Medium priority,low CTR; weak average position,347.0,0.008645533141210375,12.121037463976945,4.0
3991,client_0fa64a184f18a4a0,content_f680219b942f7b5e,0.6350155190251753,Medium priority,low CTR,347.0,0.005763688760806916,6.659942363112392,2.0
3992,client_3f0ce4d44fe94f3d,content_03839fa2b04f0429,0.6350155190251753,Medium priority,low CTR,347.0,0.005763688760806916,5.3429394812680115,2.0
3993,client_2094c6eb080311d5,content_ec5972331371d948,0.6350155190251753,Medium priority,low CTR,346.0,0.017341040462427744,4.2514450867052025,10.0
3994,client_9958f0a7ae1df715,content_9bf6fdcad80f8875,0.6350155190251753,Medium priority,low CTR; weak average position,346.0,0.02601156069364162,13.040462427745664,9.0
3995,client_2094c6eb080311d5,content_6d3ad27996f61586,0.6350155190251753,Medium priority,low CTR,346.0,0.046242774566473986,6.291907514450867,21.0
3996,client_2094c6eb080311d5,content_ebc9f94a34fa3ccc,0.6350155190251753,Medium priority,low CTR; weak average position,344.0,0.00872093023255814,13.845930232558139,4.0
3997,client_9958f0a7ae1df715,content_13a73ae82ab39fd6,0.6350155190251753,Medium priority,low CTR; weak average position,343.0,0.014577259475218658,12.33527696793003,7.0
3998,client_2094c6eb080311d5,content_eb6a274f99ba0995,0.6350155190251753,Medium priority,low CTR,343.0,0.011661807580174927,5.297376093294461,4.0
3999,client_2094c6eb080311d5,content_67f85b82ec741ba3,0.6350155190251753,Medium priority,low CTR; weak average position,343.0,0.0058309037900874635,11.568513119533527,9.0
4000,client_0fa64a184f18a4a0,content_2efad94a3a9a2f00,0.6350155190251753,Medium priority,low CTR,343.0,0.0058309037900874635,5.17201166180758,2.0
4001,client_0fa64a184f18a4a0,content_1fce68c997557a21,0.6350155190251753,Medium priority,low CTR,342.0,0.005847953216374269,8.58187134502924,2.0
4002,client_2094c6eb080311d5,content_e546f08ba4f1957b,0.6350155190251753,Medium priority,low CTR,342.0,0.011695906432748537,7.06140350877193,7.0
4003,client_2094c6eb080311d5,content_cad2a09d2f072ed4,0.6350155190251753,Medium priority,low CTR,342.0,0.014619883040935672,5.6988304093567255,20.0
4004,client_3f0ce4d44fe94f3d,content_73a1ee5267f1d3d5,0.6350155190251753,Medium priority,low CTR,341.0,0.005865102639296188,2.9120234604105573,1.0
4005,client_3f0ce4d44fe94f3d,content_c0a5ffd5715e048f,0.6350155190251753,Medium priority,low CTR,341.0,0.005865102639296188,6.428152492668621,
4006,client_9958f0a7ae1df715,content_20a702fed568aaac,0.6350155190251753,Medium priority,low CTR; weak average position,340.0,0.0058823529411764705,10.376470588235295,6.0
4007,client_2094c6eb080311d5,content_500107144a9a91ea,0.6350155190251753,Medium priority,low CTR,340.0,0.026470588235294117,4.688235294117647,9.0
4008,client_2094c6eb080311d5,content_75c66915a5b557a1,0.6350155190251753,Medium priority,low CTR,339.0,0.0058997050147492625,5.882005899705015,10.0
4009,client_2094c6eb080311d5,content_f4b997f3901ea0a6,0.6350155190251753,Medium priority,low CTR,338.0,0.011834319526627219,6.671597633136095,3.0
4010,client_2094c6eb080311d5,content_05e605703f865fb0,0.6350155190251753,Medium priority,low CTR; weak average position,337.0,0.005934718100890208,34.474777448071215,8.0
4011,client_9958f0a7ae1df715,content_1667e3a42b1aa374,0.6350155190251753,Medium priority,low CTR,337.0,0.005934718100890208,5.427299703264095,2.0
4012,client_9958f0a7ae1df715,content_f8e5db1949eb810c,0.6350155190251753,Medium priority,low CTR; weak average position,336.0,0.005952380952380952,31.270833333333332,1.0
4013,client_9958f0a7ae1df715,content_8ed433b9c138d4de,0.6350155190251753,Medium priority,low CTR; weak average position,336.0,0.011904761904761904,14.166666666666666,6.0
4014,client_2094c6eb080311d5,content_a622310bbfb1305f,0.6350155190251753,Medium priority,low CTR,334.0,0.008982035928143712,6.059880239520958,4.0
4015,client_3f0ce4d44fe94f3d,content_8ceedaa7508447e2,0.6350155190251753,Medium priority,low CTR,333.0,0.012012012012012012,2.4954954954954953,8.0
4016,client_9958f0a7ae1df715,content_85e0cea9b9749bc4,0.6350155190251753,Medium priority,low CTR; weak average position,333.0,0.015015015015015015,20.033033033033032,14.0
4017,client_0fa64a184f18a4a0,content_25890e4bf23fde11,0.6350155190251753,Medium priority,low CTR,333.0,0.009009009009009009,2.264264264264264,4.0
4018,client_9958f0a7ae1df715,content_7d314811a4623f03,0.6350155190251753,Medium priority,low CTR; weak average position,332.0,0.012048192771084338,17.85843373493976,6.0
4019,client_2094c6eb080311d5,content_68a007abc71b4fc3,0.6350155190251753,Medium priority,low CTR,332.0,0.006024096385542169,7.096385542168675,2.0
4020,client_2094c6eb080311d5,content_c6a5545c024f6bc3,0.6350155190251753,Medium priority,low CTR,330.0,0.00909090909090909,5.675757575757576,3.0
4021,client_3f0ce4d44fe94f3d,content_f02e3bd899393492,0.6350155190251753,Medium priority,low CTR,329.0,0.00911854103343465,7.741641337386018,3.0
4022,client_3f0ce4d44fe94f3d,content_4e9e9f14e6653071,0.6350155190251753,Medium priority,low CTR,329.0,0.0182370820668693,4.3465045592705165,4.0
4023,client_9958f0a7ae1df715,content_260a5be5e9722562,0.6350155190251753,Medium priority,low CTR,328.0,0.006097560975609756,7.948170731707317,3.0
4024,client_2094c6eb080311d5,content_2e27ac9a6d6a7f4d,0.6350155190251753,Medium priority,low CTR,328.0,0.009146341463414634,5.579268292682927,3.0
4025,client_2094c6eb080311d5,content_0926beaf8ac938c3,0.6350155190251753,Medium priority,low CTR,327.0,0.01834862385321101,6.99388379204893,7.0
4026,client_9958f0a7ae1df715,content_f8fbc474136e7a8b,0.6350155190251753,Medium priority,low CTR,327.0,0.0061162079510703364,8.079510703363914,3.0
4027,client_3f0ce4d44fe94f3d,content_9208690ebadf78b1,0.6350155190251753,Medium priority,low CTR; weak average position,327.0,0.012232415902140673,29.648318042813457,6.0
4028,client_9958f0a7ae1df715,content_e96bc7eb569fa239,0.6350155190251753,Medium priority,low CTR; weak average position,327.0,0.0061162079510703364,10.972477064220184,2.0
4029,client_3f0ce4d44fe94f3d,content_8c74c7b154c7479a,0.6350155190251753,Medium priority,low CTR,326.0,0.012269938650306749,5.625766871165644,3.0
4030,client_3f0ce4d44fe94f3d,content_0b0f8ea2fc01cf2a,0.6350155190251753,Medium priority,low CTR,325.0,0.006153846153846154,5.793846153846154,1.0
4031,client_9958f0a7ae1df715,content_d95427e897481b6f,0.6350155190251753,Medium priority,low CTR; weak average position,324.0,0.012345679012345678,26.694444444444443,7.0
4032,client_9958f0a7ae1df715,content_91984c0841ec2b2f,0.6350155190251753,Medium priority,low CTR; weak average position,324.0,0.006172839506172839,14.907407407407407,15.0
4033,client_0fa64a184f18a4a0,content_bf59462aab6f112b,0.6350155190251753,Medium priority,low CTR,324.0,0.009259259259259259,4.395061728395062,4.0
4034,client_2094c6eb080311d5,content_c7f4a12b5aef5711,0.6350155190251753,Medium priority,low CTR,323.0,0.006191950464396285,3.328173374613003,4.0
4035,client_9958f0a7ae1df715,content_fccc1600f7e4ba7b,0.6350155190251753,Medium priority,low CTR,322.0,0.015527950310559006,7.947204968944099,5.0
4036,client_3f0ce4d44fe94f3d,content_47679288f1aae402,0.6350155190251753,Medium priority,low CTR,322.0,0.012422360248447204,8.428571428571429,6.0
4037,client_2094c6eb080311d5,content_a3d4597d945c581a,0.6350155190251753,Medium priority,low CTR; weak average position,321.0,0.006230529595015576,17.75077881619938,3.0
4038,client_2094c6eb080311d5,content_7d7feae83555c069,0.6350155190251753,Medium priority,low CTR,321.0,0.009345794392523364,4.990654205607477,5.0
4039,client_9958f0a7ae1df715,content_f2b159cdad29f64d,0.6350155190251753,Medium priority,low CTR,321.0,0.009345794392523364,8.15576323987539,10.0
4040,client_3f0ce4d44fe94f3d,content_722afeeae919d85b,0.6350155190251753,Medium priority,low CTR,321.0,0.009345794392523364,5.894080996884735,3.0
4041,client_3f0ce4d44fe94f3d,content_eca81c3d7ba1c9e9,0.6350155190251753,Medium priority,low CTR,320.0,0.0125,4.046875,2.0
4042,client_3f0ce4d44fe94f3d,content_6fb6b3261700c5da,0.6350155190251753,Medium priority,low CTR,319.0,0.009404388714733543,7.266457680250784,1.0
4043,client_9958f0a7ae1df715,content_4321ea432c19f695,0.6350155190251753,Medium priority,low CTR,318.0,0.015723270440251572,7.264150943396227,8.0
4044,client_2094c6eb080311d5,content_93d2903570d15131,0.6350155190251753,Medium priority,low CTR,318.0,0.012578616352201259,4.6572327044025155,7.0
4045,client_2094c6eb080311d5,content_c4c14b292922f137,0.6350155190251753,Medium priority,low CTR,318.0,0.009433962264150943,7.553459119496855,12.0
4046,client_f623b01661d4bfe4,content_90a46a0603e214cf,0.6350155190251753,Medium priority,low CTR; weak average position,318.0,0.03773584905660377,27.60062893081761,13.0
4047,client_3f0ce4d44fe94f3d,content_410f2ad937e4623f,0.6350155190251753,Medium priority,low CTR,317.0,0.01892744479495268,0.5993690851735016,2.0
4048,client_3f0ce4d44fe94f3d,content_3c3e83ef9da8c8cc,0.6350155190251753,Medium priority,low CTR,317.0,0.006309148264984227,3.470031545741325,2.0
4049,client_3f0ce4d44fe94f3d,content_e73eae465762ca54,0.6350155190251753,Medium priority,low CTR; weak average position,317.0,0.006309148264984227,15.438485804416404,
4050,client_2094c6eb080311d5,content_c531ca3e12d67625,0.6350155190251753,Medium priority,low CTR,316.0,0.015822784810126583,6.132911392405063,4.0
4051,client_3f0ce4d44fe94f3d,content_d82ebde9ff54bf1a,0.6350155190251753,Medium priority,low CTR,315.0,0.006349206349206349,9.955555555555556,2.0
4052,client_2094c6eb080311d5,content_b1f7b594830179e9,0.6350155190251753,Medium priority,low CTR,315.0,0.006349206349206349,6.457142857142857,4.0
4053,client_3f0ce4d44fe94f3d,content_4fd6e2118d07d903,0.6350155190251753,Medium priority,low CTR; weak average position,315.0,0.006349206349206349,18.892063492063492,2.0
4054,client_0fa64a184f18a4a0,content_9204b7e42e3e7188,0.6350155190251753,Medium priority,low CTR,314.0,0.012738853503184714,2.8853503184713376,3.0
4055,client_9958f0a7ae1df715,content_f483ea9b33eacc73,0.6350155190251753,Medium priority,low CTR; weak average position,313.0,0.006389776357827476,12.594249201277956,5.0
4056,client_0fa64a184f18a4a0,content_e9087d06c31433d4,0.6350155190251753,Medium priority,low CTR,312.0,0.00641025641025641,4.253205128205129,2.0
4057,client_2094c6eb080311d5,content_4e309a27f86410f2,0.6350155190251753,Medium priority,low CTR,312.0,0.00641025641025641,5.871794871794871,4.0
4058,client_2094c6eb080311d5,content_969fe3f90cb70cd2,0.6350155190251753,Medium priority,low CTR,312.0,0.022435897435897436,4.625,7.0
4059,client_2094c6eb080311d5,content_74aaac25a4c8c640,0.6350155190251753,Medium priority,low CTR,311.0,0.00964630225080386,6.794212218649518,6.0
4060,client_0fa64a184f18a4a0,content_8fc90ab3ddfc5139,0.6350155190251753,Medium priority,low CTR,311.0,0.006430868167202572,3.964630225080386,1.0
4061,client_9958f0a7ae1df715,content_2599689a42f42eb6,0.6350155190251753,Medium priority,low CTR,311.0,0.022508038585209004,9.90032154340836,7.0
4062,client_3f0ce4d44fe94f3d,content_17ae29c63ce2ff15,0.6350155190251753,Medium priority,low CTR,311.0,0.01607717041800643,3.147909967845659,2.0
4063,client_9958f0a7ae1df715,content_5ffff10be900852a,0.6350155190251753,Medium priority,low CTR,310.0,0.016129032258064516,7.377419354838709,7.0
4064,client_9958f0a7ae1df715,content_e79fbb5efeed30a1,0.6350155190251753,Medium priority,low CTR; weak average position,310.0,0.00967741935483871,13.987096774193548,4.0
4065,client_def0955f7a377868,content_464655592cad732a,0.6350155190251753,Medium priority,low CTR; weak average position,310.0,0.00967741935483871,11.5,2.0
4066,client_0fa64a184f18a4a0,content_0b31a55361433a1b,0.6350155190251753,Medium priority,low CTR,310.0,0.012903225806451613,1.9548387096774194,4.0
4067,client_9958f0a7ae1df715,content_a47504fa8f5bdac9,0.6350155190251753,Medium priority,low CTR,309.0,0.016181229773462782,7.938511326860842,7.0
4068,client_2094c6eb080311d5,content_b52d60de1f80d586,0.6350155190251753,Medium priority,low CTR,308.0,0.016233766233766232,4.337662337662338,8.0
4069,client_2094c6eb080311d5,content_5b6c321203a6ae9d,0.6350155190251753,Medium priority,low CTR; weak average position,307.0,0.006514657980456026,58.25081433224756,2.0
4070,client_3f0ce4d44fe94f3d,content_1929ac67c36d6841,0.6350155190251753,Medium priority,low CTR,307.0,0.006514657980456026,1.0260586319218241,2.0
4071,client_2094c6eb080311d5,content_13a57ad66e1899f9,0.6350155190251753,Medium priority,low CTR,307.0,0.016286644951140065,6.576547231270358,11.0
4072,client_2094c6eb080311d5,content_c2c4e02262df304d,0.6350155190251753,Medium priority,model-ranked signal combination,307.0,0.06514657980456026,4.710097719869707,25.0
4073,client_0fa64a184f18a4a0,content_6ea74ff098a613a5,0.6350155190251753,Medium priority,low CTR,307.0,0.006514657980456026,1.3615635179153094,3.0
4074,client_2094c6eb080311d5,content_0e24bed840eabf2b,0.6350155190251753,Medium priority,low CTR; weak average position,306.0,0.00980392156862745,10.07516339869281,7.0
4075,client_0fa64a184f18a4a0,content_41a3d049165ac48d,0.6350155190251753,Medium priority,low CTR,305.0,0.006557377049180328,9.062295081967212,3.0
4076,client_3f0ce4d44fe94f3d,content_45fc9a4d3dbd4029,0.6350155190251753,Medium priority,low CTR; weak average position,305.0,0.013114754098360656,10.036065573770491,4.0
4077,client_2094c6eb080311d5,content_266568f03633e149,0.6350155190251753,Medium priority,low CTR; weak average position,304.0,0.009868421052631578,40.5625,6.0
4078,client_2094c6eb080311d5,content_74812bacae4b6028,0.6350155190251753,Medium priority,low CTR,304.0,0.006578947368421052,6.0625,2.0
4079,client_3f0ce4d44fe94f3d,content_d25210f416011098,0.6350155190251753,Medium priority,low CTR; weak average position,302.0,0.006622516556291391,17.705298013245034,1.0
4080,client_3f0ce4d44fe94f3d,content_b01d2eb192643835,0.6350155190251753,Medium priority,low CTR,302.0,0.006622516556291391,6.864238410596027,3.0
4081,client_3f0ce4d44fe94f3d,content_1c3eea1a8395be54,0.6350155190251753,Medium priority,low CTR,302.0,0.009933774834437087,4.576158940397351,3.0
4082,client_2094c6eb080311d5,content_b5760a4a9d476c32,0.6350155190251753,Medium priority,low CTR,301.0,0.006644518272425249,4.053156146179402,2.0
4083,client_3f0ce4d44fe94f3d,content_54f34ca4ad156eb8,0.6350155190251753,Medium priority,low CTR,300.0,0.006666666666666667,6.233333333333333,2.0
4084,client_9958f0a7ae1df715,content_ea89d782f3d0cfad,0.6350155190251753,Medium priority,low CTR; weak average position,300.0,0.01,18.85333333333333,3.0
4085,client_f623b01661d4bfe4,content_663aae66d6d7f7e6,0.6350155190251753,Medium priority,low CTR; weak average position,300.0,0.006666666666666667,62.10666666666667,2.0
4086,client_2094c6eb080311d5,content_8ce3b2f313f7c75b,0.6350155190251753,Medium priority,low CTR,299.0,0.006688963210702341,7.301003344481606,2.0
4087,client_9958f0a7ae1df715,content_a86e92b9163d2d0f,0.6350155190251753,Medium priority,low CTR; weak average position,299.0,0.013377926421404682,10.321070234113712,12.0
4088,client_0fa64a184f18a4a0,content_a9c68ac5f5208bad,0.6350155190251753,Medium priority,low CTR,298.0,0.010067114093959731,4.73489932885906,3.0
4089,client_9958f0a7ae1df715,content_557c0525f0c3bdc3,0.6350155190251753,Medium priority,low CTR,297.0,0.020202020202020204,8.444444444444445,8.0
4090,client_2094c6eb080311d5,content_99a94aec0e95c6a9,0.6350155190251753,Medium priority,low CTR,297.0,0.006734006734006734,5.430976430976431,2.0
4091,client_2094c6eb080311d5,content_3bda3a320f50384d,0.6350155190251753,Medium priority,low CTR; weak average position,297.0,0.006734006734006734,11.188552188552189,3.0
4092,client_9958f0a7ae1df715,content_e7d2269387f93781,0.6350155190251753,Medium priority,low CTR; weak average position,296.0,0.006756756756756757,32.814189189189186,3.0
4093,client_cd12bcfd98942aa1,content_965681ba7d98e2ea,0.6350155190251753,Medium priority,low CTR,296.0,0.010135135135135136,6.280405405405405,3.0
4094,client_0fa64a184f18a4a0,content_c6fc3926fb87bb12,0.6350155190251753,Medium priority,low CTR,295.0,0.010169491525423728,5.51864406779661,1.0
4095,client_0fa64a184f18a4a0,content_750b1ccf3d109138,0.6350155190251753,Medium priority,low CTR,295.0,0.01694915254237288,2.535593220338983,3.0
4096,client_2094c6eb080311d5,content_060d0dcdffdf5d5b,0.6350155190251753,Medium priority,low CTR,295.0,0.010169491525423728,6.138983050847457,3.0
4097,client_3f0ce4d44fe94f3d,content_ee4b65a85910dfb7,0.6350155190251753,Medium priority,low CTR; weak average position,294.0,0.01020408163265306,11.79251700680272,2.0
4098,client_3f0ce4d44fe94f3d,content_29870b9619f42f5d,0.6350155190251753,Medium priority,low CTR,294.0,0.013605442176870748,3.5374149659863945,1.0
4099,client_2094c6eb080311d5,content_66396d27d05fed3b,0.6350155190251753,Medium priority,low CTR,294.0,0.013605442176870748,5.598639455782313,3.0
4100,client_9958f0a7ae1df715,content_5d71002526c7c2ee,0.6350155190251753,Medium priority,low CTR; weak average position,293.0,0.006825938566552901,43.79863481228669,3.0
4101,client_3f0ce4d44fe94f3d,content_dab62dbebec9d7b1,0.6350155190251753,Medium priority,low CTR,292.0,0.00684931506849315,6.664383561643835,
4102,client_9958f0a7ae1df715,content_4bf3af0cc4d2f3c7,0.6350155190251753,Medium priority,low CTR; weak average position,291.0,0.006872852233676976,12.907216494845361,5.0
4103,client_0fa64a184f18a4a0,content_1de7f3c5c15b2291,0.6350155190251753,Medium priority,low CTR,290.0,0.006896551724137931,2.9931034482758623,1.0
4104,client_f623b01661d4bfe4,content_6a8b5bc848c004e9,0.6350155190251753,Medium priority,low CTR; weak average position,290.0,0.006896551724137931,10.217241379310344,1.0
4105,client_cd12bcfd98942aa1,content_f46cda9f784e8d96,0.6350155190251753,Medium priority,low CTR; weak average position,289.0,0.020761245674740483,11.726643598615917,6.0
4106,client_9958f0a7ae1df715,content_1234ba8528868b04,0.6350155190251753,Medium priority,low CTR,289.0,0.010380622837370242,6.1522491349480966,5.0
4107,client_2094c6eb080311d5,content_8ba8e67c22fd6f34,0.6350155190251753,Medium priority,low CTR,288.0,0.006944444444444444,8.17361111111111,2.0
4108,client_2094c6eb080311d5,content_707cd83df2b434bd,0.6350155190251753,Medium priority,low CTR; weak average position,287.0,0.006968641114982578,10.21951219512195,9.0
4109,client_0fa64a184f18a4a0,content_63030cdfc0f0eeb0,0.6350155190251753,Medium priority,low CTR,287.0,0.013937282229965157,1.2822299651567943,4.0
4110,client_3f0ce4d44fe94f3d,content_5add538ae4b202c1,0.6350155190251753,Medium priority,low CTR,287.0,0.006968641114982578,3.5365853658536586,1.0
4111,client_2094c6eb080311d5,content_4244464410d72569,0.6350155190251753,Medium priority,low CTR,287.0,0.006968641114982578,4.693379790940766,4.0
4112,client_2094c6eb080311d5,content_7208ad9a58a6db42,0.6350155190251753,Medium priority,low CTR,287.0,0.006968641114982578,7.303135888501743,3.0
4113,client_2094c6eb080311d5,content_268dc658c3c7eac9,0.6350155190251753,Medium priority,low CTR,287.0,0.010452961672473868,9.400696864111499,4.0
4114,client_2094c6eb080311d5,content_65808550de4b82f4,0.6350155190251753,Medium priority,low CTR,286.0,0.006993006993006993,5.828671328671328,2.0
4115,client_2094c6eb080311d5,content_3681733b60388ee8,0.6350155190251753,Medium priority,low CTR; weak average position,286.0,0.006993006993006993,11.307692307692308,1.0
4116,client_9958f0a7ae1df715,content_96fe7476fada560c,0.6350155190251753,Medium priority,low CTR; weak average position,286.0,0.017482517482517484,29.426573426573427,22.0
4117,client_2094c6eb080311d5,content_d31803de6531aa47,0.6350155190251753,Medium priority,low CTR,285.0,0.014035087719298246,2.168421052631579,6.0
4118,client_3f0ce4d44fe94f3d,content_9e982c6210292766,0.6350155190251753,Medium priority,low CTR; weak average position,285.0,0.010526315789473684,10.83157894736842,3.0
4119,client_9958f0a7ae1df715,content_024ce2b70564da8d,0.6350155190251753,Medium priority,low CTR; weak average position,285.0,0.010526315789473684,35.03508771929825,6.0
4120,client_9958f0a7ae1df715,content_954a8b78f31e98fb,0.6350155190251753,Medium priority,low CTR; weak average position,285.0,0.014035087719298246,36.12982456140351,25.0
4121,client_9958f0a7ae1df715,content_8a8887413de023cd,0.6350155190251753,Medium priority,low CTR,284.0,0.007042253521126761,8.841549295774648,2.0
4122,client_2094c6eb080311d5,content_bc8c5e91298c43ae,0.6350155190251753,Medium priority,low CTR; weak average position,284.0,0.007042253521126761,16.20774647887324,2.0
4123,client_3f0ce4d44fe94f3d,content_59d22a96e33a257c,0.6350155190251753,Medium priority,low CTR,284.0,0.007042253521126761,9.588028169014084,1.0
4124,client_2094c6eb080311d5,content_30f230152fa55909,0.6350155190251753,Medium priority,low CTR,284.0,0.007042253521126761,7.623239436619718,1.0
4125,client_9958f0a7ae1df715,content_c9dcafcabd92fe93,0.6350155190251753,Medium priority,low CTR; weak average position,284.0,0.007042253521126761,38.88380281690141,2.0
4126,client_2094c6eb080311d5,content_8af4ed367915af59,0.6350155190251753,Medium priority,low CTR,284.0,0.007042253521126761,9.51056338028169,1.0
4127,client_9958f0a7ae1df715,content_ef97115193e627a9,0.6350155190251753,Medium priority,low CTR,283.0,0.007067137809187279,6.11660777385159,2.0
4128,client_0fa64a184f18a4a0,content_9d785efc5948a9c8,0.6350155190251753,Medium priority,low CTR,282.0,0.0070921985815602835,3.6382978723404253,1.0
4129,client_9958f0a7ae1df715,content_fe596e1e97d0bc70,0.6350155190251753,Medium priority,low CTR; weak average position,281.0,0.0071174377224199285,14.135231316725978,2.0
4130,client_2094c6eb080311d5,content_a298ddadcee1a311,0.6350155190251753,Medium priority,low CTR,281.0,0.0071174377224199285,9.1067615658363,3.0
4131,client_3f0ce4d44fe94f3d,content_1ab5fdd5b078b6a4,0.6350155190251753,Medium priority,low CTR,281.0,0.0071174377224199285,5.199288256227758,3.0
4132,client_2094c6eb080311d5,content_12f08a7a181e9850,0.6350155190251753,Medium priority,low CTR,281.0,0.014234875444839857,5.387900355871886,6.0
4133,client_9958f0a7ae1df715,content_7ec8a10e4dbfe74e,0.6350155190251753,Medium priority,low CTR,281.0,0.02491103202846975,6.056939501779359,9.0
4134,client_2094c6eb080311d5,content_6afd51c471fee57a,0.6350155190251753,Medium priority,low CTR,281.0,0.0071174377224199285,7.120996441281139,2.0
4135,client_9958f0a7ae1df715,content_ea1b77df43582ba9,0.6350155190251753,Medium priority,low CTR,280.0,0.017857142857142856,7.639285714285714,6.0
4136,client_2094c6eb080311d5,content_ea39fe6a6be38dee,0.6350155190251753,Medium priority,low CTR; weak average position,280.0,0.007142857142857143,11.025,3.0
4137,client_9958f0a7ae1df715,content_5175438fecb054a4,0.6350155190251753,Medium priority,low CTR; weak average position,279.0,0.007168458781362007,15.512544802867383,2.0
4138,client_2094c6eb080311d5,content_246f0d6ddeba1e9f,0.6350155190251753,Medium priority,low CTR,278.0,0.014388489208633094,4.636690647482014,7.0
4139,client_9958f0a7ae1df715,content_aa18662854650efe,0.6350155190251753,Medium priority,low CTR,278.0,0.007194244604316547,7.733812949640288,2.0
4140,client_9958f0a7ae1df715,content_6ede6c2cdbb39635,0.6350155190251753,Medium priority,low CTR; weak average position,278.0,0.01079136690647482,32.97122302158273,8.0
4141,client_0fa64a184f18a4a0,content_fc99b1ba4adf33af,0.6350155190251753,Medium priority,low CTR,278.0,0.01079136690647482,4.823741007194244,2.0
4142,client_9958f0a7ae1df715,content_9e46d9db8a5a2221,0.6350155190251753,Medium priority,low CTR,278.0,0.017985611510791366,8.06115107913669,7.0
4143,client_9958f0a7ae1df715,content_5d4c0d3b1c876a78,0.6350155190251753,Medium priority,low CTR,277.0,0.007220216606498195,6.981949458483754,3.0
4144,client_2094c6eb080311d5,content_7b0e867af57f907b,0.6350155190251753,Medium priority,low CTR,277.0,0.007220216606498195,4.747292418772563,3.0
4145,client_2094c6eb080311d5,content_287950dfd3b125f2,0.6350155190251753,Medium priority,low CTR,277.0,0.010830324909747292,6.458483754512636,6.0
4146,client_3f0ce4d44fe94f3d,content_fa8b2f45ae8cf1f4,0.6350155190251753,Medium priority,low CTR; weak average position,277.0,0.010830324909747292,14.953068592057761,3.0
4147,client_2094c6eb080311d5,content_175e009f594d2168,0.6350155190251753,Medium priority,low CTR,276.0,0.021739130434782608,1.5724637681159421,4.0
4148,client_2094c6eb080311d5,content_e16c3775c2f9e300,0.6350155190251753,Medium priority,low CTR,276.0,0.014492753623188406,4.416666666666667,5.0
4149,client_2094c6eb080311d5,content_5556b36b6e193ff6,0.6350155190251753,Medium priority,low CTR,276.0,0.010869565217391304,8.065217391304348,11.0
4150,client_3f0ce4d44fe94f3d,content_dc0870917f76d8d2,0.6350155190251753,Medium priority,low CTR,274.0,0.010948905109489052,5.306569343065694,3.0
4151,client_f623b01661d4bfe4,content_16949d8f63c6f458,0.6350155190251753,Medium priority,low CTR; weak average position,274.0,0.04744525547445255,16.394160583941606,13.0
4152,client_2094c6eb080311d5,content_9e6d1626393e4d3f,0.6350155190251753,Medium priority,low CTR,274.0,0.01824817518248175,6.343065693430657,7.0
4153,client_3f0ce4d44fe94f3d,content_b3203018690fe6b8,0.6350155190251753,Medium priority,low CTR,274.0,0.0072992700729927005,5.043795620437956,4.0
4154,client_f623b01661d4bfe4,content_e16a0483117eeb16,0.6350155190251753,Medium priority,low CTR; weak average position,274.0,0.010948905109489052,22.616788321167885,3.0
4155,client_2094c6eb080311d5,content_94b918ae924a25c9,0.6350155190251753,Medium priority,low CTR; weak average position,273.0,0.007326007326007326,25.142857142857142,5.0
4156,client_0fa64a184f18a4a0,content_b97c0da104d08a41,0.6350155190251753,Medium priority,low CTR,273.0,0.007326007326007326,3.970695970695971,4.0
4157,client_2094c6eb080311d5,content_4113e4649e4a53c6,0.6350155190251753,Medium priority,low CTR,272.0,0.011029411764705883,7.779411764705882,4.0
4158,client_9958f0a7ae1df715,content_f2e4ed98789a0fc9,0.6350155190251753,Medium priority,low CTR; weak average position,271.0,0.007380073800738007,31.45387453874539,4.0
4159,client_9958f0a7ae1df715,content_aa582669b8372534,0.6350155190251753,Medium priority,low CTR,271.0,0.007380073800738007,8.398523985239853,13.0
4160,client_2094c6eb080311d5,content_4fb3b0c34aba1bf4,0.6350155190251753,Medium priority,low CTR,271.0,0.01845018450184502,6.881918819188192,7.0
4161,client_9958f0a7ae1df715,content_5e948cf4857fa015,0.6350155190251753,Medium priority,low CTR,271.0,0.007380073800738007,8.22509225092251,4.0
4162,client_0fa64a184f18a4a0,content_c3741ca20717457d,0.6350155190251753,Medium priority,low CTR,271.0,0.014760147601476014,3.217712177121771,3.0
4163,client_9958f0a7ae1df715,content_ae445d2d361a3e57,0.6350155190251753,Medium priority,low CTR,270.0,0.022222222222222223,8.77037037037037,16.0
4164,client_0fa64a184f18a4a0,content_f8395518b99e7e14,0.6350155190251753,Medium priority,low CTR; weak average position,270.0,0.007407407407407408,29.214814814814815,2.0
4165,client_9958f0a7ae1df715,content_08c9de4eee1c81bc,0.6350155190251753,Medium priority,low CTR,269.0,0.011152416356877323,7.5353159851301115,8.0
4166,client_2094c6eb080311d5,content_be966a523337ecfd,0.6350155190251753,Medium priority,low CTR,267.0,0.011235955056179775,9.438202247191011,4.0
4167,client_2094c6eb080311d5,content_7f6d60954fb23d19,0.6350155190251753,Medium priority,low CTR,267.0,0.011235955056179775,7.546816479400749,1.0
4168,client_3f0ce4d44fe94f3d,content_e0300839c1f1c4eb,0.6350155190251753,Medium priority,low CTR; weak average position,266.0,0.018796992481203006,12.680451127819548,4.0
4169,client_3f0ce4d44fe94f3d,content_438ea90ff907e7b8,0.6350155190251753,Medium priority,low CTR; weak average position,265.0,0.007547169811320755,12.716981132075471,1.0
4170,client_2094c6eb080311d5,content_8a299c668f180d69,0.6350155190251753,Medium priority,low CTR,265.0,0.018867924528301886,4.720754716981132,7.0
4171,client_3f0ce4d44fe94f3d,content_7c4f2cdbc9842abe,0.6350155190251753,Medium priority,low CTR,264.0,0.007575757575757576,9.200757575757576,2.0
4172,client_9958f0a7ae1df715,content_a2e7cb7183ebeecf,0.6350155190251753,Medium priority,low CTR; weak average position,264.0,0.007575757575757576,19.223484848484848,3.0
4173,client_2094c6eb080311d5,content_190ad40648e982cf,0.6350155190251753,Medium priority,low CTR,264.0,0.007575757575757576,7.079545454545454,3.0
4174,client_2094c6eb080311d5,content_fb33319edda7439f,0.6350155190251753,Medium priority,low CTR,263.0,0.011406844106463879,4.863117870722434,3.0
4175,client_9958f0a7ae1df715,content_d4ef1625932f3770,0.6350155190251753,Medium priority,low CTR; weak average position,262.0,0.007633587786259542,19.912213740458014,2.0
4176,client_2094c6eb080311d5,content_a196837369688232,0.6350155190251753,Medium priority,low CTR,262.0,0.019083969465648856,7.580152671755725,6.0
4177,client_3f0ce4d44fe94f3d,content_15e6e62f619d3df2,0.6350155190251753,Medium priority,low CTR,261.0,0.022988505747126436,8.689655172413794,6.0
4178,client_3f0ce4d44fe94f3d,content_6e8a319a418b5f47,0.6350155190251753,Medium priority,low CTR,261.0,0.007662835249042145,9.486590038314176,4.0
4179,client_0fa64a184f18a4a0,content_1916f5fae992dcf9,0.6350155190251753,Medium priority,low CTR,261.0,0.007662835249042145,3.1877394636015324,2.0
4180,client_0fa64a184f18a4a0,content_7a6e7fda4070f66a,0.6350155190251753,Medium priority,low CTR,260.0,0.007692307692307693,3.5076923076923077,
4181,client_9958f0a7ae1df715,content_51ea3bcd3f9f5714,0.6350155190251753,Medium priority,low CTR; weak average position,259.0,0.015444015444015444,28.694980694980696,6.0
4182,client_9958f0a7ae1df715,content_49d620e62faef307,0.6350155190251753,Medium priority,low CTR; weak average position,259.0,0.007722007722007722,20.127413127413128,17.0
4183,client_f623b01661d4bfe4,content_0a124186f945b8cd,0.6350155190251753,Medium priority,weak average position,259.0,0.07335907335907337,18.444015444015445,18.0
4184,client_3f0ce4d44fe94f3d,content_c27f3b939f43cd92,0.6350155190251753,Medium priority,low CTR,258.0,0.007751937984496124,5.51937984496124,1.0
4185,client_3f0ce4d44fe94f3d,content_105792e6da9c1953,0.6350155190251753,Medium priority,low CTR,258.0,0.007751937984496124,6.945736434108527,
4186,client_0fa64a184f18a4a0,content_eae911a3ad33ab3c,0.6350155190251753,Medium priority,low CTR; weak average position,258.0,0.007751937984496124,10.531007751937985,1.0
4187,client_3f0ce4d44fe94f3d,content_2e1ae9b511351b58,0.6350155190251753,Medium priority,low CTR; weak average position,257.0,0.007782101167315175,22.389105058365757,1.0
4188,client_2094c6eb080311d5,content_382c6af3b712bff2,0.6350155190251753,Medium priority,low CTR,257.0,0.0311284046692607,7.56420233463035,8.0
4189,client_f623b01661d4bfe4,content_36c1a71ed699faff,0.6350155190251753,Medium priority,low CTR; weak average position,257.0,0.007782101167315175,65.84046692607004,2.0
4190,client_3f0ce4d44fe94f3d,content_b739ebeb2b19f79d,0.6350155190251753,Medium priority,low CTR; weak average position,256.0,0.01171875,11.3046875,1.0
4191,client_3f0ce4d44fe94f3d,content_7e04706e441f4cd0,0.6350155190251753,Medium priority,low CTR; weak average position,256.0,0.01171875,14.74609375,3.0
4192,client_2094c6eb080311d5,content_17c1b53d11b50ac5,0.6350155190251753,Medium priority,low CTR,256.0,0.0078125,8.24609375,2.0
4193,client_3f0ce4d44fe94f3d,content_e5c283dd5d3b2211,0.6350155190251753,Medium priority,low CTR,256.0,0.01171875,8.20703125,2.0
4194,client_f623b01661d4bfe4,content_c57a00d91fd134a3,0.6350155190251753,Medium priority,low CTR; weak average position,255.0,0.00784313725490196,61.29019607843137,2.0
4195,client_0fa64a184f18a4a0,content_c5116541ebd005d7,0.6350155190251753,Medium priority,low CTR,254.0,0.011811023622047244,1.905511811023622,1.0
4196,client_2094c6eb080311d5,content_09b8a50e828ac7ff,0.6350155190251753,Medium priority,low CTR,254.0,0.011811023622047244,6.421259842519685,5.0
4197,client_2094c6eb080311d5,content_d481bae7f7843ea4,0.6350155190251753,Medium priority,low CTR; weak average position,254.0,0.015748031496062992,10.409448818897637,7.0
4198,client_3f0ce4d44fe94f3d,content_ec5c2bf4c22862b4,0.6350155190251753,Medium priority,low CTR,252.0,0.007936507936507936,5.964285714285714,1.0
4199,client_3f0ce4d44fe94f3d,content_e0affe05cf58978d,0.6350155190251753,Medium priority,low CTR,252.0,0.015873015873015872,4.281746031746032,2.0
4200,client_9958f0a7ae1df715,content_5aed2b88eeed6f6e,0.6350155190251753,Medium priority,low CTR; weak average position,251.0,0.01593625498007968,17.07171314741036,6.0
4201,client_2094c6eb080311d5,content_d6053e91223c0761,0.6350155190251753,Medium priority,low CTR,251.0,0.00796812749003984,6.414342629482071,5.0
4202,client_f623b01661d4bfe4,content_f9fc3af2dea2e659,0.6350155190251753,Medium priority,low CTR; weak average position,251.0,0.01195219123505976,41.13147410358566,4.0
4203,client_2094c6eb080311d5,content_4aa4033916117484,0.6350155190251753,Medium priority,low CTR,251.0,0.01195219123505976,7.721115537848606,6.0
4204,client_3f0ce4d44fe94f3d,content_fba02459b00a7d4a,0.6350155190251753,Medium priority,low CTR,249.0,0.008032128514056224,6.216867469879518,3.0
4205,client_9958f0a7ae1df715,content_35a5cf7ebe171df7,0.6350155190251753,Medium priority,low CTR,249.0,0.008032128514056224,9.012048192771084,11.0
4206,client_9958f0a7ae1df715,content_dd47d03ec619b7a0,0.6350155190251753,Medium priority,low CTR; weak average position,249.0,0.01606425702811245,20.927710843373493,4.0
4207,client_9958f0a7ae1df715,content_f1899c1ce99cdff5,0.6350155190251753,Medium priority,low CTR; weak average position,249.0,0.008032128514056224,10.196787148594378,10.0
4208,client_2094c6eb080311d5,content_08a42a040b1ad032,0.6350155190251753,Medium priority,low CTR,249.0,0.020080321285140562,7.261044176706827,13.0
4209,client_9958f0a7ae1df715,content_cd24d53d24a35d66,0.6350155190251753,Medium priority,low CTR; weak average position,248.0,0.016129032258064516,13.133064516129032,11.0
4210,client_2094c6eb080311d5,content_249f099b7d6eaa41,0.6350155190251753,Medium priority,low CTR,248.0,0.028225806451612902,7.362903225806452,11.0
4211,client_2094c6eb080311d5,content_aff3dcea0bd50faa,0.6350155190251753,Medium priority,low CTR,248.0,0.016129032258064516,9.528225806451612,11.0
4212,client_2094c6eb080311d5,content_d6f6ae6e52a8ffff,0.6350155190251753,Medium priority,low CTR; weak average position,248.0,0.008064516129032258,11.221774193548388,8.0
4213,client_0fa64a184f18a4a0,content_21d0dec5a93f295a,0.6350155190251753,Medium priority,low CTR,247.0,0.016194331983805668,2.688259109311741,3.0
4214,client_3f0ce4d44fe94f3d,content_6e03837b63120f19,0.6350155190251753,Medium priority,low CTR; weak average position,247.0,0.012145748987854251,25.31174089068826,2.0
4215,client_9958f0a7ae1df715,content_0672d8db776419c0,0.6350155190251753,Medium priority,low CTR,246.0,0.012195121951219513,8.963414634146341,5.0
4216,client_2094c6eb080311d5,content_b88d55dbd79da369,0.6350155190251753,Medium priority,low CTR,246.0,0.008130081300813009,8.41869918699187,2.0
4217,client_3f0ce4d44fe94f3d,content_343480435c01cbc9,0.6350155190251753,Medium priority,low CTR,246.0,0.008130081300813009,6.467479674796748,
4218,client_3f0ce4d44fe94f3d,content_6ca780965c78ca9e,0.6350155190251753,Medium priority,low CTR,245.0,0.012244897959183673,5.081632653061225,2.0
4219,client_0fa64a184f18a4a0,content_20821a97e7c1efc0,0.6350155190251753,Medium priority,low CTR,244.0,0.00819672131147541,2.7868852459016393,1.0
4220,client_2094c6eb080311d5,content_a968e92095e890c9,0.6350155190251753,Medium priority,low CTR,244.0,0.012295081967213115,8.770491803278688,6.0
4221,client_0fa64a184f18a4a0,content_0dbc8b6c0736e5e8,0.6350155190251753,Medium priority,low CTR,244.0,0.00819672131147541,3.360655737704918,1.0
4222,client_f623b01661d4bfe4,content_00260c42bacbfca4,0.6350155190251753,Medium priority,low CTR; weak average position,243.0,0.00823045267489712,58.46913580246913,2.0
4223,client_2094c6eb080311d5,content_56198ae2fffb622c,0.6350155190251753,Medium priority,low CTR,243.0,0.00823045267489712,6.111111111111111,2.0
4224,client_2094c6eb080311d5,content_6cc87728a4ce4240,0.6350155190251753,Medium priority,low CTR,243.0,0.00823045267489712,9.588477366255145,7.0
4225,client_9958f0a7ae1df715,content_8ba39bc32db4d6c7,0.6350155190251753,Medium priority,low CTR,243.0,0.00823045267489712,7.209876543209877,3.0
4226,client_2094c6eb080311d5,content_d501ca59f2970fcc,0.6350155190251753,Medium priority,low CTR,243.0,0.00823045267489712,2.8518518518518516,4.0
4227,client_2094c6eb080311d5,content_2d72f111b5839cb9,0.6350155190251753,Medium priority,low CTR,242.0,0.024793388429752067,4.128099173553719,7.0
4228,client_0fa64a184f18a4a0,content_75e5d6150025b820,0.6350155190251753,Medium priority,low CTR,242.0,0.012396694214876033,8.235537190082646,1.0
4229,client_3f0ce4d44fe94f3d,content_8e113fb1e0c42cb7,0.6350155190251753,Medium priority,low CTR,242.0,0.008264462809917356,2.5867768595041323,5.0
4230,client_2094c6eb080311d5,content_0a3867f914f3dc6f,0.6350155190251753,Medium priority,low CTR,241.0,0.008298755186721992,6.394190871369295,3.0
4231,client_2094c6eb080311d5,content_8442de40495e4d74,0.6350155190251753,Medium priority,low CTR,241.0,0.008298755186721992,8.464730290456432,5.0
4232,client_3f0ce4d44fe94f3d,content_dc58efa2fd8a66c2,0.6350155190251753,Medium priority,low CTR,240.0,0.0125,3.1166666666666667,3.0
4233,client_2094c6eb080311d5,content_ca50a6559b440c58,0.6350155190251753,Medium priority,low CTR,240.0,0.008333333333333333,3.8291666666666666,2.0
4234,client_2094c6eb080311d5,content_558964ff3b464d34,0.6350155190251753,Medium priority,low CTR; weak average position,240.0,0.0125,44.34583333333333,3.0
4235,client_2094c6eb080311d5,content_e4e8fcedc4a73458,0.6350155190251753,Medium priority,low CTR; weak average position,240.0,0.008333333333333333,30.479166666666668,3.0
4236,client_2094c6eb080311d5,content_58a1bc517d18d0e0,0.6350155190251753,Medium priority,low CTR; weak average position,240.0,0.008333333333333333,10.1375,1.0
4237,client_3f0ce4d44fe94f3d,content_6cb8c6b926ec2464,0.6350155190251753,Medium priority,low CTR,240.0,0.008333333333333333,3.1333333333333333,1.0
4238,client_2094c6eb080311d5,content_205a479038d8e731,0.6350155190251753,Medium priority,low CTR,239.0,0.016736401673640166,8.786610878661088,4.0
4239,client_9958f0a7ae1df715,content_d237e43c93144a57,0.6350155190251753,Medium priority,low CTR; weak average position,239.0,0.008368200836820083,13.426778242677825,5.0
4240,client_0fa64a184f18a4a0,content_dc6a983aa93526a3,0.6350155190251753,Medium priority,low CTR,238.0,0.012605042016806723,5.168067226890757,4.0
4241,client_2094c6eb080311d5,content_28b77f8e50a585d9,0.6350155190251753,Medium priority,low CTR,238.0,0.04201680672268908,4.65546218487395,10.0
4242,client_0fa64a184f18a4a0,content_200b1bf870d15be6,0.6350155190251753,Medium priority,low CTR,238.0,0.008403361344537815,3.7857142857142856,1.0
4243,client_2094c6eb080311d5,content_a01f07c1d2215504,0.6350155190251753,Medium priority,low CTR; weak average position,238.0,0.037815126050420166,16.008403361344538,10.0
4244,client_2094c6eb080311d5,content_52a5bed585395fd9,0.6350155190251753,Medium priority,low CTR; weak average position,238.0,0.012605042016806723,11.533613445378151,5.0
4245,client_9958f0a7ae1df715,content_f7b6b8e51adde326,0.6350155190251753,Medium priority,low CTR; weak average position,237.0,0.008438818565400843,19.945147679324894,3.0
4246,client_cd12bcfd98942aa1,content_ed50706791fbb736,0.6350155190251753,Medium priority,low CTR,237.0,0.012658227848101266,5.658227848101266,5.0
4247,client_2094c6eb080311d5,content_30374186b4d6ada0,0.6350155190251753,Medium priority,low CTR,236.0,0.00847457627118644,7.88135593220339,3.0
4248,client_2094c6eb080311d5,content_95bc2102918833cf,0.6350155190251753,Medium priority,low CTR,236.0,0.00847457627118644,6.932203389830509,
4249,client_2094c6eb080311d5,content_ebec8c4d52554cd5,0.6350155190251753,Medium priority,low CTR,235.0,0.00851063829787234,6.825531914893617,10.0
4250,client_2094c6eb080311d5,content_2cf74da0b3371896,0.6350155190251753,Medium priority,low CTR,235.0,0.01276595744680851,3.5872340425531917,4.0
4251,client_3f0ce4d44fe94f3d,content_9223a30445656515,0.6350155190251753,Medium priority,low CTR,235.0,0.00851063829787234,5.280851063829787,3.0
4252,client_3f0ce4d44fe94f3d,content_4fba56c2c36500d1,0.6350155190251753,Medium priority,low CTR,234.0,0.008547008547008548,8.256410256410257,1.0
4253,client_2094c6eb080311d5,content_f4397b55ea8d8a50,0.6350155190251753,Medium priority,low CTR,234.0,0.008547008547008548,6.3076923076923075,2.0
4254,client_0fa64a184f18a4a0,content_36dc6ed1abddc566,0.6350155190251753,Medium priority,low CTR; weak average position,233.0,0.008583690987124463,16.30472103004292,
4255,client_2094c6eb080311d5,content_c2bb51be9ca5a396,0.6350155190251753,Medium priority,low CTR,233.0,0.034334763948497854,5.2703862660944205,7.0
4256,client_2094c6eb080311d5,content_f613e7ea5ce70b35,0.6350155190251753,Medium priority,low CTR,233.0,0.02575107296137339,6.682403433476395,10.0
4257,client_cd12bcfd98942aa1,content_e0ad13a65e757e29,0.6350155190251753,Medium priority,low CTR; weak average position,232.0,0.01293103448275862,24.814655172413794,4.0
4258,client_f623b01661d4bfe4,content_74e3722d843fddff,0.6350155190251753,Medium priority,low CTR; weak average position,232.0,0.008620689655172414,76.73275862068965,2.0
4259,client_9958f0a7ae1df715,content_3bd4c24c3160b8eb,0.6350155190251753,Medium priority,low CTR; weak average position,230.0,0.008695652173913044,23.047826086956523,2.0
4260,client_2094c6eb080311d5,content_d8bfd765abdccc24,0.6350155190251753,Medium priority,low CTR,230.0,0.008695652173913044,5.8,2.0
4261,client_9958f0a7ae1df715,content_5024927e82d8c5f7,0.6350155190251753,Medium priority,low CTR; weak average position,229.0,0.017467248908296942,30.266375545851528,3.0
4262,client_9958f0a7ae1df715,content_83204022c0726b9a,0.6350155190251753,Medium priority,low CTR,229.0,0.008733624454148471,9.921397379912664,15.0
4263,client_0fa64a184f18a4a0,content_274ab3fbee34dbb3,0.6350155190251753,Medium priority,low CTR,228.0,0.013157894736842105,3.776315789473684,2.0
4264,client_2094c6eb080311d5,content_19169ee7527eacff,0.6350155190251753,Medium priority,low CTR,228.0,0.03508771929824561,5.394736842105263,11.0
4265,client_2094c6eb080311d5,content_26564792b5bbaac8,0.6350155190251753,Medium priority,low CTR; weak average position,228.0,0.008771929824561403,14.723684210526315,3.0
4266,client_9958f0a7ae1df715,content_c27d669d0d9e75af,0.6350155190251753,Medium priority,low CTR,227.0,0.004405286343612335,4.079295154185022,1.0
4267,client_3f0ce4d44fe94f3d,content_20277fada9cb2875,0.6350155190251753,Medium priority,low CTR,227.0,0.00881057268722467,4.47136563876652,1.0
4268,client_3f0ce4d44fe94f3d,content_9370f88555a6573f,0.6350155190251753,Medium priority,low CTR,227.0,0.004405286343612335,4.6607929515418505,1.0
4269,client_2094c6eb080311d5,content_0e2953499d9932fe,0.6350155190251753,Medium priority,low CTR; weak average position,227.0,0.013215859030837005,11.22907488986784,7.0
4270,client_2094c6eb080311d5,content_ad08373dc7ab3403,0.6350155190251753,Medium priority,low CTR; weak average position,226.0,0.004424778761061947,18.460176991150444,4.0
4271,client_0fa64a184f18a4a0,content_451fb41f67d8fa39,0.6350155190251753,Medium priority,low CTR,226.0,0.008849557522123894,1.7433628318584071,3.0
4272,client_2094c6eb080311d5,content_e3598edc51fee4e1,0.6350155190251753,Medium priority,low CTR; weak average position,226.0,0.008849557522123894,12.650442477876107,2.0
4273,client_f623b01661d4bfe4,content_f4938665fa6e4efe,0.6350155190251753,Medium priority,low CTR; weak average position,226.0,0.01327433628318584,17.924778761061948,3.0
4274,client_2094c6eb080311d5,content_6d6963abcde728ef,0.6350155190251753,Medium priority,low CTR; weak average position,225.0,0.008888888888888889,27.395555555555557,8.0
4275,client_2094c6eb080311d5,content_f0a2e715851a8c84,0.6350155190251753,Medium priority,low CTR,225.0,0.008888888888888889,6.044444444444444,2.0
4276,client_2094c6eb080311d5,content_52f5a43e33aba65d,0.6350155190251753,Medium priority,low CTR,224.0,0.004464285714285714,6.535714285714286,1.0
4277,client_9958f0a7ae1df715,content_a9440bbe132e8a45,0.6350155190251753,Medium priority,low CTR,224.0,0.004464285714285714,9.205357142857142,8.0
4278,client_2094c6eb080311d5,content_2cfd62ca5580480f,0.6350155190251753,Medium priority,low CTR; weak average position,224.0,0.004464285714285714,24.388392857142858,1.0
4279,client_9958f0a7ae1df715,content_e99670003a988bfb,0.6350155190251753,Medium priority,low CTR; weak average position,224.0,0.004464285714285714,28.388392857142858,1.0
4280,client_9958f0a7ae1df715,content_fbc9773b48b2d848,0.6350155190251753,Medium priority,low CTR; weak average position,224.0,0.008928571428571428,11.138392857142858,4.0
4281,client_2094c6eb080311d5,content_17af4de5264f5c67,0.6350155190251753,Medium priority,low CTR,224.0,0.017857142857142856,5.830357142857143,5.0
4282,client_2094c6eb080311d5,content_e669c15fc1afa72c,0.6350155190251753,Medium priority,low CTR,224.0,0.008928571428571428,6.897321428571429,7.0
4283,client_2094c6eb080311d5,content_fb1704ff859bd5a1,0.6350155190251753,Medium priority,low CTR,224.0,0.008928571428571428,6.790178571428571,3.0
4284,client_2094c6eb080311d5,content_b4027e789b1d85bf,0.6350155190251753,Medium priority,low CTR; weak average position,224.0,0.008928571428571428,17.013392857142858,3.0
4285,client_2094c6eb080311d5,content_121257b1a2d1ce98,0.6350155190251753,Medium priority,low CTR; weak average position,223.0,0.008968609865470852,11.502242152466367,2.0
4286,client_f623b01661d4bfe4,content_8cab59d9585e0dab,0.6350155190251753,Medium priority,low CTR; weak average position,223.0,0.004484304932735426,58.66816143497758,1.0
4287,client_9958f0a7ae1df715,content_2004d97d382c251f,0.6350155190251753,Medium priority,low CTR; weak average position,223.0,0.004484304932735426,52.17488789237668,2.0
4288,client_0fa64a184f18a4a0,content_a5417884b306a25d,0.6350155190251753,Medium priority,low CTR,223.0,0.004484304932735426,2.5112107623318387,1.0
4289,client_0fa64a184f18a4a0,content_ed02b0783c73a05e,0.6350155190251753,Medium priority,low CTR,223.0,0.004484304932735426,2.5470852017937218,2.0
4290,client_9958f0a7ae1df715,content_61cb637b1e493b91,0.6350155190251753,Medium priority,low CTR,223.0,0.008968609865470852,9.77578475336323,2.0
4291,client_9958f0a7ae1df715,content_a725d358a36f9c03,0.6350155190251753,Medium priority,low CTR,223.0,0.004484304932735426,9.874439461883409,2.0
4292,client_3f0ce4d44fe94f3d,content_26b891d14ddb1ff1,0.6350155190251753,Medium priority,low CTR,223.0,0.004484304932735426,7.968609865470852,
4293,client_2094c6eb080311d5,content_9d1543a4294e5a7e,0.6350155190251753,Medium priority,low CTR,222.0,0.0045045045045045045,6.301801801801802,3.0
4294,client_9958f0a7ae1df715,content_9e58589d5cab8414,0.6350155190251753,Medium priority,low CTR; weak average position,222.0,0.0045045045045045045,15.59009009009009,
4295,client_2094c6eb080311d5,content_57c3bf37fccf8086,0.6350155190251753,Medium priority,low CTR,222.0,0.009009009009009009,5.108108108108108,3.0
4296,client_3f0ce4d44fe94f3d,content_0227a483d025f6ce,0.6350155190251753,Medium priority,low CTR,222.0,0.013513513513513514,8.635135135135135,1.0
4297,client_2094c6eb080311d5,content_6cde9ec67557805e,0.6350155190251753,Medium priority,low CTR,222.0,0.0045045045045045045,6.914414414414415,1.0
4298,client_0fa64a184f18a4a0,content_0316dabdbc4e90d9,0.6350155190251753,Medium priority,low CTR,221.0,0.004524886877828055,2.4479638009049776,1.0
4299,client_0fa64a184f18a4a0,content_a766426c7c93068f,0.6350155190251753,Medium priority,low CTR,221.0,0.004524886877828055,3.669683257918552,1.0
4300,client_2094c6eb080311d5,content_616cb97ec04ddc0d,0.6350155190251753,Medium priority,low CTR; weak average position,221.0,0.004524886877828055,39.65610859728507,1.0
4301,client_2094c6eb080311d5,content_d0e24fbd724f7054,0.6350155190251753,Medium priority,low CTR; weak average position,221.0,0.00904977375565611,13.135746606334841,2.0
4302,client_0fa64a184f18a4a0,content_e5cad3e254118129,0.6350155190251753,Medium priority,low CTR,221.0,0.00904977375565611,1.4751131221719458,3.0
4303,client_2094c6eb080311d5,content_bdcd5a3bddc99e5d,0.6350155190251753,Medium priority,low CTR,221.0,0.004524886877828055,9.447963800904978,2.0
4304,client_2094c6eb080311d5,content_434e7bd1fe530581,0.6350155190251753,Medium priority,low CTR,221.0,0.004524886877828055,6.529411764705882,2.0
4305,client_0fa64a184f18a4a0,content_85c36e7186c4a2f6,0.6350155190251753,Medium priority,low CTR,220.0,0.00909090909090909,1.5454545454545454,
4306,client_0fa64a184f18a4a0,content_942d18194a4f7767,0.6350155190251753,Medium priority,low CTR,220.0,0.004545454545454545,3.5863636363636364,
4307,client_9958f0a7ae1df715,content_983e898119d71f56,0.6350155190251753,Medium priority,low CTR,220.0,0.004545454545454545,7.45,1.0
4308,client_3f0ce4d44fe94f3d,content_4a1b32cf89c4a90a,0.6350155190251753,Medium priority,low CTR,220.0,0.004545454545454545,6.781818181818182,1.0
4309,client_9958f0a7ae1df715,content_12e2781cf0f79313,0.6350155190251753,Medium priority,low CTR; weak average position,220.0,0.00909090909090909,22.072727272727274,1.0
4310,client_2094c6eb080311d5,content_006de63c8b1e6d07,0.6350155190251753,Medium priority,low CTR; weak average position,219.0,0.0136986301369863,11.520547945205479,5.0
4311,client_cd12bcfd98942aa1,content_d01df0d1a8c5d790,0.6350155190251753,Medium priority,low CTR; weak average position,219.0,0.0045662100456621,15.721461187214611,15.0
4312,client_f623b01661d4bfe4,content_a23309f704c98e59,0.6350155190251753,Medium priority,low CTR,219.0,0.0228310502283105,5.65296803652968,4.0
4313,client_9958f0a7ae1df715,content_00989e80282caca4,0.6350155190251753,Medium priority,low CTR; weak average position,219.0,0.0045662100456621,26.963470319634702,
4314,client_2094c6eb080311d5,content_43881da59842cc07,0.6350155190251753,Medium priority,low CTR,219.0,0.0045662100456621,6.351598173515982,1.0
4315,client_3f0ce4d44fe94f3d,content_fa8128bdcb9b473b,0.6350155190251753,Medium priority,low CTR,219.0,0.0045662100456621,9.082191780821917,
4316,client_0fa64a184f18a4a0,content_e67d7ca0ab7d4bc1,0.6350155190251753,Medium priority,low CTR,218.0,0.013761467889908258,4.889908256880734,1.0
4317,client_2094c6eb080311d5,content_99bf6f19e31462dc,0.6350155190251753,Medium priority,low CTR; weak average position,218.0,0.0045871559633027525,13.793577981651376,2.0
4318,client_cd12bcfd98942aa1,content_51a96452263ea9a8,0.6350155190251753,Medium priority,low CTR,218.0,0.0045871559633027525,8.220183486238533,2.0
4319,client_2094c6eb080311d5,content_c4f81cd366cbcf6d,0.6350155190251753,Medium priority,low CTR,217.0,0.004608294930875576,7.6036866359447,15.0
4320,client_2094c6eb080311d5,content_695a9d3d311a9fe1,0.6350155190251753,Medium priority,low CTR,217.0,0.009216589861751152,8.013824884792626,2.0
4321,client_2094c6eb080311d5,content_cf0cd3f82754740e,0.6350155190251753,Medium priority,low CTR,217.0,0.004608294930875576,7.852534562211981,1.0
4322,client_0fa64a184f18a4a0,content_02e5e325c9f93569,0.6350155190251753,Medium priority,low CTR,217.0,0.004608294930875576,3.3317972350230414,1.0
4323,client_2094c6eb080311d5,content_1fe2cb9a49b100f8,0.6350155190251753,Medium priority,low CTR,217.0,0.004608294930875576,7.631336405529954,2.0
4324,client_9958f0a7ae1df715,content_7532086c3a2e4d0e,0.6350155190251753,Medium priority,low CTR; weak average position,217.0,0.018433179723502304,16.06451612903226,10.0
4325,client_0fa64a184f18a4a0,content_eab98eecbc264c30,0.6350155190251753,Medium priority,low CTR; weak average position,217.0,0.004608294930875576,13.534562211981568,1.0
4326,client_3f0ce4d44fe94f3d,content_946fff0b6f8293a5,0.6350155190251753,Medium priority,low CTR; weak average position,217.0,0.004608294930875576,13.096774193548388,1.0
4327,client_9958f0a7ae1df715,content_bdada6cb781edd75,0.6350155190251753,Medium priority,low CTR,216.0,0.009259259259259259,9.75925925925926,2.0
4328,client_9958f0a7ae1df715,content_8f2ceecca23baed6,0.6350155190251753,Medium priority,low CTR,216.0,0.004629629629629629,8.305555555555555,2.0
4329,client_2094c6eb080311d5,content_cecba90d5bd90899,0.6350155190251753,Medium priority,low CTR; weak average position,216.0,0.004629629629629629,21.34259259259259,1.0
4330,client_9958f0a7ae1df715,content_82835ea7e6176bb7,0.6350155190251753,Medium priority,low CTR; weak average position,216.0,0.004629629629629629,25.319444444444443,1.0
4331,client_2094c6eb080311d5,content_f255794ec5284fb2,0.6350155190251753,Medium priority,low CTR; weak average position,216.0,0.009259259259259259,26.925925925925927,5.0
4332,client_3f0ce4d44fe94f3d,content_bd6d4ae99dfd29d3,0.6350155190251753,Medium priority,low CTR,215.0,0.004651162790697674,7.241860465116279,
4333,client_2094c6eb080311d5,content_28ddf7fa4fede0ca,0.6350155190251753,Medium priority,low CTR,215.0,0.004651162790697674,5.190697674418605,1.0
4334,client_2094c6eb080311d5,content_3f3dff7c03e9f610,0.6350155190251753,Medium priority,low CTR; weak average position,215.0,0.009302325581395349,10.18139534883721,2.0
4335,client_2094c6eb080311d5,content_6a5fbb0b380d6039,0.6350155190251753,Medium priority,low CTR,215.0,0.023255813953488372,4.8930232558139535,10.0
4336,client_9958f0a7ae1df715,content_c4d217f6f207174d,0.6350155190251753,Medium priority,low CTR; weak average position,215.0,0.023255813953488372,12.511627906976743,14.0
4337,client_3f0ce4d44fe94f3d,content_385efc1afd1088a4,0.6350155190251753,Medium priority,low CTR,215.0,0.018604651162790697,5.758139534883721,2.0
4338,client_2094c6eb080311d5,content_518a293fe6111ae7,0.6350155190251753,Medium priority,low CTR,215.0,0.004651162790697674,6.981395348837209,2.0
4339,client_9958f0a7ae1df715,content_e8b8cc0bf0e70131,0.6350155190251753,Medium priority,low CTR; weak average position,215.0,0.009302325581395349,19.330232558139535,
4340,client_def0955f7a377868,content_686d070c2a12f774,0.6350155190251753,Medium priority,low CTR; weak average position,214.0,0.014018691588785047,22.439252336448597,5.0
4341,client_9958f0a7ae1df715,content_00312317dafbe080,0.6350155190251753,Medium priority,low CTR; weak average position,214.0,0.004672897196261682,13.878504672897197,6.0
4342,client_3f0ce4d44fe94f3d,content_a46faa58f31b458e,0.6350155190251753,Medium priority,low CTR,214.0,0.004672897196261682,7.602803738317757,1.0
4343,client_9958f0a7ae1df715,content_9e477b57608d4f8a,0.6350155190251753,Medium priority,low CTR; weak average position,214.0,0.004672897196261682,52.294392523364486,1.0
4344,client_0fa64a184f18a4a0,content_612f4efcfecbe97e,0.6350155190251753,Medium priority,low CTR,214.0,0.009345794392523364,3.116822429906542,2.0
4345,client_9958f0a7ae1df715,content_854de1300db61272,0.6350155190251753,Medium priority,low CTR; weak average position,213.0,0.014084507042253521,34.88732394366197,4.0
4346,client_3f0ce4d44fe94f3d,content_f5c1fb735fb4a08c,0.6350155190251753,Medium priority,low CTR; weak average position,212.0,0.009433962264150943,46.12264150943396,4.0
4347,client_2094c6eb080311d5,content_66399b01e068e192,0.6350155190251753,Medium priority,low CTR,212.0,0.009433962264150943,6.15566037735849,5.0
4348,client_2094c6eb080311d5,content_658e508f2349745e,0.6350155190251753,Medium priority,low CTR,212.0,0.009433962264150943,7.570754716981132,2.0
4349,client_0fa64a184f18a4a0,content_61a98a714189ee28,0.6350155190251753,Medium priority,low CTR,212.0,0.009433962264150943,2.7122641509433962,4.0
4350,client_2094c6eb080311d5,content_d0b981f8dd1f2286,0.6350155190251753,Medium priority,low CTR,212.0,0.0047169811320754715,6.830188679245283,1.0
4351,client_9958f0a7ae1df715,content_7420699c65e10fbe,0.6350155190251753,Medium priority,low CTR; weak average position,212.0,0.0047169811320754715,12.099056603773585,2.0
4352,client_2094c6eb080311d5,content_52f29495e2614863,0.6350155190251753,Medium priority,low CTR,211.0,0.014218009478672985,7.625592417061611,6.0
4353,client_3f0ce4d44fe94f3d,content_07620b5b14adc744,0.6350155190251753,Medium priority,low CTR; weak average position,211.0,0.004739336492890996,19.677725118483412,
4354,client_9958f0a7ae1df715,content_2566dc555e8e4078,0.6350155190251753,Medium priority,low CTR,210.0,0.023809523809523808,8.366666666666667,12.0
4355,client_f623b01661d4bfe4,content_67b927d6a02c59e5,0.6350155190251753,Medium priority,low CTR; weak average position,210.0,0.014285714285714285,71.93809523809524,8.0
4356,client_2094c6eb080311d5,content_dc5995784e9f2c9b,0.6350155190251753,Medium priority,low CTR,210.0,0.0380952380952381,5.747619047619048,15.0
4357,client_f623b01661d4bfe4,content_c35c3107cf17f4d1,0.6350155190251753,Medium priority,low CTR; weak average position,210.0,0.004761904761904762,39.63809523809524,2.0
4358,client_9958f0a7ae1df715,content_abdc61aa556a9a1d,0.6350155190251753,Medium priority,low CTR; weak average position,210.0,0.004761904761904762,42.43333333333333,6.0
4359,client_9958f0a7ae1df715,content_202277c2683c95b8,0.6350155190251753,Medium priority,low CTR; weak average position,210.0,0.02857142857142857,10.519047619047619,26.0
4360,client_9958f0a7ae1df715,content_dd658d5c7b6bc089,0.6350155190251753,Medium priority,low CTR; weak average position,210.0,0.014285714285714285,20.904761904761905,22.0
4361,client_2094c6eb080311d5,content_b6d5278a3aa58790,0.6350155190251753,Medium priority,low CTR; weak average position,210.0,0.009523809523809525,10.442857142857143,2.0
4362,client_2094c6eb080311d5,content_af3d382fc9df5558,0.6350155190251753,Medium priority,low CTR,209.0,0.009569377990430622,8.660287081339712,2.0
4363,client_3f0ce4d44fe94f3d,content_693ea53388ac18bb,0.6350155190251753,Medium priority,low CTR,209.0,0.004784688995215311,7.6124401913875595,
4364,client_3f0ce4d44fe94f3d,content_e19fb6b9e0627e1e,0.6350155190251753,Medium priority,low CTR,209.0,0.004784688995215311,3.8421052631578947,1.0
4365,client_9958f0a7ae1df715,content_3fd8198464e46d66,0.6350155190251753,Medium priority,low CTR; weak average position,209.0,0.009569377990430622,26.751196172248804,
4366,client_2094c6eb080311d5,content_b33c90ec8aaae2dc,0.6350155190251753,Medium priority,low CTR,209.0,0.009569377990430622,6.660287081339713,6.0
4367,client_2094c6eb080311d5,content_b04160170c52c17b,0.6350155190251753,Medium priority,low CTR,209.0,0.004784688995215311,6.866028708133971,3.0
4368,client_2094c6eb080311d5,content_343b15a6c626782b,0.6350155190251753,Medium priority,low CTR,208.0,0.019230769230769232,3.418269230769231,4.0
4369,client_2094c6eb080311d5,content_286aea882ac86102,0.6350155190251753,Medium priority,low CTR; weak average position,208.0,0.009615384615384616,40.91346153846154,2.0
4370,client_9958f0a7ae1df715,content_47f5d081e70796e3,0.6350155190251753,Medium priority,low CTR; weak average position,208.0,0.004807692307692308,14.923076923076923,3.0
4371,client_2094c6eb080311d5,content_d85c1bb947f8d0fb,0.6350155190251753,Medium priority,low CTR,208.0,0.004807692307692308,6.298076923076923,9.0
4372,client_9958f0a7ae1df715,content_7e4f0767176d05b8,0.6350155190251753,Medium priority,low CTR; weak average position,208.0,0.004807692307692308,39.74519230769231,2.0
4373,client_f623b01661d4bfe4,content_5b9142291eabaa08,0.6350155190251753,Medium priority,low CTR; weak average position,208.0,0.019230769230769232,41.64903846153846,6.0
4374,client_3f0ce4d44fe94f3d,content_6589c384f7124f0b,0.6350155190251753,Medium priority,low CTR,208.0,0.019230769230769232,7.865384615384615,2.0
4375,client_9958f0a7ae1df715,content_973147c98fc7d638,0.6350155190251753,Medium priority,low CTR; weak average position,208.0,0.004807692307692308,17.25,15.0
4376,client_f623b01661d4bfe4,content_e4a6ed9b9592cb9c,0.6350155190251753,Medium priority,low CTR; weak average position,207.0,0.00966183574879227,48.80193236714976,2.0
4377,client_2094c6eb080311d5,content_db07dd40d8d63252,0.6350155190251753,Medium priority,low CTR,207.0,0.004830917874396135,7.903381642512077,1.0
4378,client_0fa64a184f18a4a0,content_26a377e1c9c8999d,0.6350155190251753,Medium priority,low CTR,207.0,0.00966183574879227,1.5797101449275361,2.0
4379,client_3f0ce4d44fe94f3d,content_c78961b3d0ce2e29,0.6350155190251753,Medium priority,low CTR; weak average position,206.0,0.009708737864077669,37.067961165048544,2.0
4380,client_0fa64a184f18a4a0,content_dded61468a3307a2,0.6350155190251753,Medium priority,low CTR,206.0,0.0048543689320388345,1.4271844660194175,1.0
4381,client_3f0ce4d44fe94f3d,content_eb4e55f248f5b364,0.6350155190251753,Medium priority,low CTR; weak average position,206.0,0.0048543689320388345,39.810679611650485,
4382,client_9958f0a7ae1df715,content_38ca8f5e1d5ecb38,0.6350155190251753,Medium priority,low CTR; weak average position,206.0,0.0048543689320388345,12.650485436893204,4.0
4383,client_9958f0a7ae1df715,content_084795205e8e0da4,0.6350155190251753,Medium priority,low CTR; weak average position,206.0,0.009708737864077669,14.412621359223301,7.0
4384,client_2094c6eb080311d5,content_0516b0c08aa6be50,0.6350155190251753,Medium priority,low CTR,206.0,0.0048543689320388345,8.160194174757281,2.0
4385,client_2094c6eb080311d5,content_1cc6739167f5e2ba,0.6350155190251753,Medium priority,low CTR,206.0,0.009708737864077669,5.300970873786408,12.0
4386,client_2094c6eb080311d5,content_5050b7773162dad7,0.6350155190251753,Medium priority,low CTR,206.0,0.014563106796116505,6.427184466019417,3.0
4387,client_2094c6eb080311d5,content_578dba1e23cc8d94,0.6350155190251753,Medium priority,low CTR; weak average position,206.0,0.009708737864077669,11.160194174757281,3.0
4388,client_2094c6eb080311d5,content_63ce89d23d735079,0.6350155190251753,Medium priority,low CTR; weak average position,206.0,0.0048543689320388345,28.053398058252426,1.0
4389,client_0fa64a184f18a4a0,content_bfdcb4e19c142af4,0.6350155190251753,Medium priority,low CTR,205.0,0.004878048780487805,6.575609756097561,1.0
4390,client_2094c6eb080311d5,content_92827cb836611e37,0.6350155190251753,Medium priority,low CTR,205.0,0.004878048780487805,3.8780487804878048,1.0
4391,client_cd12bcfd98942aa1,content_26bf21e6a90550c5,0.6350155190251753,Medium priority,low CTR,205.0,0.004878048780487805,9.565853658536586,3.0
4392,client_3f0ce4d44fe94f3d,content_ecd409aad706a88e,0.6350155190251753,Medium priority,low CTR,204.0,0.024509803921568627,8.794117647058824,1.0
4393,client_2094c6eb080311d5,content_4e9ada578917b538,0.6350155190251753,Medium priority,low CTR; weak average position,204.0,0.004901960784313725,17.372549019607842,2.0
4394,client_3f0ce4d44fe94f3d,content_8510500ae0f224ba,0.6350155190251753,Medium priority,low CTR; weak average position,204.0,0.004901960784313725,12.156862745098039,
4395,client_2094c6eb080311d5,content_4307adfe1f71ef8a,0.6350155190251753,Medium priority,low CTR,204.0,0.014705882352941176,8.941176470588236,9.0
4396,client_2094c6eb080311d5,content_60986b5d4339d7ed,0.6350155190251753,Medium priority,low CTR; weak average position,204.0,0.004901960784313725,72.6078431372549,1.0
4397,client_3f0ce4d44fe94f3d,content_f84f5976c2fafe9a,0.6350155190251753,Medium priority,low CTR,203.0,0.009852216748768473,8.783251231527094,2.0
4398,client_2094c6eb080311d5,content_5a3b41595d580883,0.6350155190251753,Medium priority,low CTR; weak average position,203.0,0.0049261083743842365,35.3448275862069,2.0
4399,client_9958f0a7ae1df715,content_69e9086ead511540,0.6350155190251753,Medium priority,low CTR; weak average position,203.0,0.0049261083743842365,29.63054187192118,10.0
4400,client_2094c6eb080311d5,content_32164cb5e2eed580,0.6350155190251753,Medium priority,low CTR,203.0,0.0049261083743842365,8.029556650246306,1.0
4401,client_9958f0a7ae1df715,content_973ad4a5cb0b3a2c,0.6350155190251753,Medium priority,low CTR; weak average position,203.0,0.0049261083743842365,10.54679802955665,3.0
4402,client_9958f0a7ae1df715,content_b1884ed19fd49d18,0.6350155190251753,Medium priority,low CTR; weak average position,203.0,0.009852216748768473,16.748768472906406,3.0
4403,client_2094c6eb080311d5,content_184e389d5aa761f1,0.6350155190251753,Medium priority,low CTR,203.0,0.0049261083743842365,5.177339901477833,2.0
4404,client_3f0ce4d44fe94f3d,content_9fe6f825f4a46e94,0.6350155190251753,Medium priority,low CTR; weak average position,203.0,0.014778325123152709,14.916256157635468,5.0
4405,client_2094c6eb080311d5,content_e1fa8d8fe246db6a,0.6350155190251753,Medium priority,low CTR,202.0,0.0049504950495049506,5.9405940594059405,
4406,client_9958f0a7ae1df715,content_7d5905b42be3e1de,0.6350155190251753,Medium priority,low CTR; weak average position,202.0,0.009900990099009901,13.509900990099009,5.0
4407,client_9958f0a7ae1df715,content_b772fe55de4ce213,0.6350155190251753,Medium priority,low CTR; weak average position,202.0,0.009900990099009901,26.777227722772277,7.0
4408,client_cd12bcfd98942aa1,content_9a96493562813879,0.6350155190251753,Medium priority,low CTR,202.0,0.0049504950495049506,8.549504950495049,3.0
4409,client_2094c6eb080311d5,content_e61985fd62fdf70a,0.6350155190251753,Medium priority,low CTR,201.0,0.004975124378109453,8.671641791044776,1.0
4410,client_2094c6eb080311d5,content_47ff3f3337ef0383,0.6350155190251753,Medium priority,low CTR,201.0,0.004975124378109453,7.064676616915423,2.0
4411,client_2094c6eb080311d5,content_89569f977d875948,0.6350155190251753,Medium priority,low CTR,201.0,0.014925373134328358,5.517412935323383,2.0
4412,client_3f0ce4d44fe94f3d,content_168cdc161e191fc1,0.6350155190251753,Medium priority,low CTR; weak average position,201.0,0.004975124378109453,11.91542288557214,
4413,client_9958f0a7ae1df715,content_22da67ec74ea61cb,0.6350155190251753,Medium priority,low CTR; weak average position,201.0,0.004975124378109453,22.497512437810947,3.0
4414,client_2094c6eb080311d5,content_ebdc3c4306899838,0.6350155190251753,Medium priority,low CTR,201.0,0.004975124378109453,8.412935323383085,5.0
4415,client_0fa64a184f18a4a0,content_0551382dafdefb6d,0.6350155190251753,Medium priority,low CTR,201.0,0.004975124378109453,2.3582089552238807,
4416,client_cd12bcfd98942aa1,content_733677da5d881b0f,0.6350155190251753,Medium priority,low CTR,201.0,0.014925373134328358,6.54726368159204,4.0
4417,client_9958f0a7ae1df715,content_6abbb579b216aa96,0.6350155190251753,Medium priority,low CTR; weak average position,200.0,0.005,34.115,2.0
4418,client_9958f0a7ae1df715,content_9c65e6d39c83b495,0.6350155190251753,Medium priority,low CTR,200.0,0.005,9.12,1.0
4419,client_0fa64a184f18a4a0,content_4638b598748a9ba1,0.6350155190251753,Medium priority,low CTR,200.0,0.005,1.94,1.0
4420,client_2094c6eb080311d5,content_ac04f5faa1fbc59b,0.6350155190251753,Medium priority,low CTR,200.0,0.005,4.42,2.0
4421,client_2094c6eb080311d5,content_3738842711a0ff81,0.6350155190251753,Medium priority,low CTR; weak average position,200.0,0.005,11.76,4.0
4422,client_0fa64a184f18a4a0,content_c602701f7fb78af4,0.6350155190251753,Medium priority,low CTR,200.0,0.01,3.155,3.0
4423,client_2094c6eb080311d5,content_f61586062e87396c,0.6350155190251753,Medium priority,low CTR,199.0,0.005025125628140704,4.100502512562814,2.0
4424,client_9958f0a7ae1df715,content_7d1731ca239131de,0.6350155190251753,Medium priority,low CTR; weak average position,199.0,0.005025125628140704,38.28643216080402,2.0
4425,client_0fa64a184f18a4a0,content_305c1fa4cc05b8b2,0.6350155190251753,Medium priority,low CTR,199.0,0.005025125628140704,2.663316582914573,2.0
4426,client_2094c6eb080311d5,content_76a9b924e7b5e5a8,0.6350155190251753,Medium priority,low CTR,199.0,0.005025125628140704,7.291457286432161,3.0
4427,client_9958f0a7ae1df715,content_08f6cfd32591ca42,0.6350155190251753,Medium priority,low CTR; weak average position,198.0,0.005050505050505051,17.47979797979798,
4428,client_2094c6eb080311d5,content_3cd07c31dcf42b95,0.6350155190251753,Medium priority,low CTR; weak average position,198.0,0.005050505050505051,19.075757575757574,1.0
4429,client_9958f0a7ae1df715,content_ff7637fbef5a67c1,0.6350155190251753,Medium priority,low CTR; weak average position,198.0,0.015151515151515152,16.343434343434343,2.0
4430,client_9958f0a7ae1df715,content_99dff1a171f7848f,0.6350155190251753,Medium priority,low CTR; weak average position,198.0,0.005050505050505051,21.661616161616163,1.0
4431,client_0fa64a184f18a4a0,content_2c77cf7d7c787953,0.6350155190251753,Medium priority,low CTR,197.0,0.01015228426395939,1.4111675126903553,2.0
4432,client_3f0ce4d44fe94f3d,content_e1d97f05713fe17a,0.6350155190251753,Medium priority,low CTR; weak average position,197.0,0.005076142131979695,52.964467005076145,1.0
4433,client_3f0ce4d44fe94f3d,content_094c992d3035c506,0.6350155190251753,Medium priority,low CTR,197.0,0.005076142131979695,7.558375634517766,2.0
4434,client_f623b01661d4bfe4,content_1616570630854b71,0.6350155190251753,Medium priority,low CTR; weak average position,197.0,0.04060913705583756,23.14213197969543,6.0
4435,client_9958f0a7ae1df715,content_1e99eb4c82225457,0.6350155190251753,Medium priority,low CTR; weak average position,197.0,0.015228426395939087,10.375634517766498,8.0
4436,client_2094c6eb080311d5,content_2556565340bf4d0b,0.6350155190251753,Medium priority,low CTR; weak average position,197.0,0.01015228426395939,32.65482233502538,5.0
4437,client_3f0ce4d44fe94f3d,content_884dc582175c6914,0.6350155190251753,Medium priority,low CTR,197.0,0.015228426395939087,6.106598984771574,2.0
4438,client_9958f0a7ae1df715,content_08854aa6fe4b13da,0.6350155190251753,Medium priority,low CTR; weak average position,196.0,0.00510204081632653,35.785714285714285,4.0
4439,client_cd12bcfd98942aa1,content_ef4713e792699ab7,0.6350155190251753,Medium priority,low CTR; weak average position,196.0,0.00510204081632653,15.311224489795919,1.0
4440,client_9958f0a7ae1df715,content_280ab6046d36661e,0.6350155190251753,Medium priority,low CTR; weak average position,196.0,0.00510204081632653,23.362244897959183,2.0
4441,client_9958f0a7ae1df715,content_764d47fd3cc38156,0.6350155190251753,Medium priority,low CTR; weak average position,196.0,0.00510204081632653,13.316326530612244,1.0
4442,client_2094c6eb080311d5,content_259a8c1520615fe4,0.6350155190251753,Medium priority,low CTR; weak average position,196.0,0.01020408163265306,10.311224489795919,3.0
4443,client_2094c6eb080311d5,content_f9be29a870e49c79,0.6350155190251753,Medium priority,low CTR; weak average position,196.0,0.00510204081632653,14.16326530612245,1.0
4444,client_3f0ce4d44fe94f3d,content_3f1eedbf07c82a81,0.6350155190251753,Medium priority,low CTR,196.0,0.015306122448979591,7.285714285714286,2.0
4445,client_9958f0a7ae1df715,content_964474899cedee02,0.6350155190251753,Medium priority,low CTR; weak average position,195.0,0.005128205128205128,10.34871794871795,3.0
4446,client_0fa64a184f18a4a0,content_aec67d831955a349,0.6350155190251753,Medium priority,low CTR,195.0,0.015384615384615385,4.4974358974358974,2.0
4447,client_9958f0a7ae1df715,content_11f0897236c3049d,0.6350155190251753,Medium priority,low CTR; weak average position,195.0,0.005128205128205128,44.748717948717946,1.0
4448,client_2094c6eb080311d5,content_49d5b4a7166200a8,0.6350155190251753,Medium priority,low CTR,195.0,0.010256410256410256,6.030769230769231,2.0
4449,client_3f0ce4d44fe94f3d,content_e20fe5f9f8842c98,0.6350155190251753,Medium priority,low CTR; weak average position,195.0,0.005128205128205128,29.225641025641025,1.0
4450,client_9958f0a7ae1df715,content_c04fa223bde1fcce,0.6350155190251753,Medium priority,low CTR; weak average position,195.0,0.010256410256410256,16.851282051282052,6.0
4451,client_2094c6eb080311d5,content_bf2ca3f54a59ccb7,0.6350155190251753,Medium priority,low CTR; weak average position,195.0,0.010256410256410256,17.964102564102564,2.0
4452,client_3f0ce4d44fe94f3d,content_4881d0e77645022e,0.6350155190251753,Medium priority,low CTR,194.0,0.005154639175257732,4.927835051546392,
4453,client_2094c6eb080311d5,content_e5cd616cdc88ecce,0.6350155190251753,Medium priority,low CTR,194.0,0.015463917525773196,3.7628865979381443,8.0
4454,client_def0955f7a377868,content_0b114ddb013655a7,0.6350155190251753,Medium priority,low CTR,194.0,0.005154639175257732,8.737113402061855,4.0
4455,client_2094c6eb080311d5,content_4d56f7cfdd584052,0.6350155190251753,Medium priority,low CTR,194.0,0.030927835051546393,4.623711340206185,4.0
4456,client_3f0ce4d44fe94f3d,content_f5c1c8a638607e37,0.6350155190251753,Medium priority,low CTR; weak average position,194.0,0.005154639175257732,39.08762886597938,1.0
4457,client_2094c6eb080311d5,content_7506b085550b7a87,0.6350155190251753,Medium priority,low CTR,193.0,0.010362694300518135,7.05699481865285,2.0
4458,client_9958f0a7ae1df715,content_29d4cc409133ef23,0.6350155190251753,Medium priority,low CTR,193.0,0.02072538860103627,7.896373056994818,4.0
4459,client_9958f0a7ae1df715,content_48b01ea98ec1ea03,0.6350155190251753,Medium priority,low CTR; weak average position,193.0,0.010362694300518135,15.217616580310882,8.0
4460,client_0fa64a184f18a4a0,content_d24b24495001d5be,0.6350155190251753,Medium priority,low CTR,193.0,0.0051813471502590676,3.8860103626943006,1.0
4461,client_3f0ce4d44fe94f3d,content_d1a9356897364193,0.6350155190251753,Medium priority,low CTR; weak average position,193.0,0.0051813471502590676,13.564766839378239,1.0
4462,client_9958f0a7ae1df715,content_5248e72982dca4e7,0.6350155190251753,Medium priority,low CTR; weak average position,192.0,0.005208333333333333,13.119791666666666,3.0
4463,client_2094c6eb080311d5,content_a2a08ec4593b7f94,0.6350155190251753,Medium priority,low CTR,192.0,0.010416666666666666,5.447916666666667,2.0
4464,client_2094c6eb080311d5,content_25c7cdd342f0f297,0.6350155190251753,Medium priority,low CTR; weak average position,192.0,0.005208333333333333,54.96875,1.0
4465,client_2094c6eb080311d5,content_dfb5af55e312d15a,0.6350155190251753,Medium priority,low CTR,192.0,0.005208333333333333,3.4427083333333335,1.0
4466,client_2094c6eb080311d5,content_ac9280fb5762257a,0.6350155190251753,Medium priority,low CTR,192.0,0.005208333333333333,4.286458333333333,5.0
4467,client_9958f0a7ae1df715,content_9068ed0335cab6ee,0.6350155190251753,Medium priority,low CTR,192.0,0.020833333333333332,7.359375,3.0
4468,client_2094c6eb080311d5,content_fc9593c7c80020eb,0.6350155190251753,Medium priority,low CTR; weak average position,192.0,0.005208333333333333,13.171875,1.0
4469,client_2094c6eb080311d5,content_a3e21db0496246df,0.6350155190251753,Medium priority,low CTR; weak average position,192.0,0.005208333333333333,12.989583333333334,1.0
4470,client_2094c6eb080311d5,content_b8f6fb08373dca8b,0.6350155190251753,Medium priority,low CTR; weak average position,192.0,0.005208333333333333,27.328125,1.0
4471,client_2094c6eb080311d5,content_c3cca31a3d380594,0.6350155190251753,Medium priority,low CTR,191.0,0.010471204188481676,4.570680628272251,1.0
4472,client_f623b01661d4bfe4,content_73024f7f4bcd56a0,0.6350155190251753,Medium priority,low CTR; weak average position,191.0,0.005235602094240838,72.81151832460733,2.0
4473,client_2094c6eb080311d5,content_9acdd629fc852b5d,0.6350155190251753,Medium priority,low CTR,191.0,0.005235602094240838,8.492146596858639,7.0
4474,client_2094c6eb080311d5,content_a3e7159645544fba,0.6350155190251753,Medium priority,low CTR; weak average position,191.0,0.005235602094240838,48.80104712041885,6.0
4475,client_cd12bcfd98942aa1,content_6caccdcae3ff1675,0.6350155190251753,Medium priority,low CTR; weak average position,191.0,0.005235602094240838,25.57591623036649,1.0
4476,client_3f0ce4d44fe94f3d,content_2dcbb0bfb5aa3a52,0.6350155190251753,Medium priority,low CTR,190.0,0.010526315789473684,5.5473684210526315,1.0
4477,client_9958f0a7ae1df715,content_c97746e73f80a5b9,0.6350155190251753,Medium priority,low CTR; weak average position,190.0,0.005263157894736842,29.878947368421052,1.0
4478,client_0fa64a184f18a4a0,content_b450c319ae9763a0,0.6350155190251753,Medium priority,low CTR,190.0,0.005263157894736842,4.421052631578948,1.0
4479,client_0fa64a184f18a4a0,content_28afe6f2402bd4bc,0.6350155190251753,Medium priority,low CTR,190.0,0.005263157894736842,7.573684210526316,2.0
4480,client_0fa64a184f18a4a0,content_ee8919c0e0bd7981,0.6350155190251753,Medium priority,low CTR,190.0,0.015789473684210527,1.1736842105263159,3.0
4481,client_0fa64a184f18a4a0,content_ddc321e14f8c7ae6,0.6350155190251753,Medium priority,low CTR,189.0,0.015873015873015872,4.64021164021164,3.0
4482,client_9958f0a7ae1df715,content_aa83da64c9b1e87d,0.6350155190251753,Medium priority,low CTR; weak average position,189.0,0.010582010582010581,28.333333333333332,4.0
4483,client_0fa64a184f18a4a0,content_9f65ad201df85145,0.6350155190251753,Medium priority,low CTR,189.0,0.010582010582010581,5.417989417989418,1.0
4484,client_2094c6eb080311d5,content_0a4137f99330c2c6,0.6350155190251753,Medium priority,low CTR; weak average position,189.0,0.005291005291005291,14.798941798941799,1.0
4485,client_2094c6eb080311d5,content_1247402903f5bc9b,0.6350155190251753,Medium priority,low CTR; weak average position,189.0,0.005291005291005291,16.17989417989418,1.0
4486,client_2094c6eb080311d5,content_1c98c56aef7c1f61,0.6350155190251753,Medium priority,low CTR,188.0,0.02127659574468085,6.8936170212765955,4.0
4487,client_2094c6eb080311d5,content_8cb2a368825d97f8,0.6350155190251753,Medium priority,low CTR,188.0,0.005319148936170213,4.537234042553192,3.0
4488,client_2094c6eb080311d5,content_47adde65efb37d99,0.6350155190251753,Medium priority,low CTR,188.0,0.02127659574468085,5.632978723404255,11.0
4489,client_2094c6eb080311d5,content_b74411485dded68a,0.6350155190251753,Medium priority,low CTR; weak average position,188.0,0.005319148936170213,17.20744680851064,1.0
4490,client_f623b01661d4bfe4,content_143d2ed88675b143,0.6350155190251753,Medium priority,low CTR; weak average position,188.0,0.005319148936170213,47.15425531914894,1.0
4491,client_cd12bcfd98942aa1,content_7dbb3bba2ee81c52,0.6350155190251753,Medium priority,low CTR,188.0,0.005319148936170213,6.617021276595745,3.0
4492,client_9958f0a7ae1df715,content_6486ebe4abb9e7fb,0.6350155190251753,Medium priority,low CTR,188.0,0.005319148936170213,9.143617021276595,4.0
4493,client_9958f0a7ae1df715,content_23de62a247d3f2f4,0.6350155190251753,Medium priority,low CTR; weak average position,188.0,0.026595744680851064,16.664893617021278,6.0
4494,client_3f0ce4d44fe94f3d,content_fd88bdc9c73c2dc6,0.6350155190251753,Medium priority,low CTR; weak average position,188.0,0.005319148936170213,28.28191489361702,
4495,client_2094c6eb080311d5,content_c109ac28ef2043b7,0.6350155190251753,Medium priority,low CTR,187.0,0.016042780748663103,6.60427807486631,4.0
4496,client_3f0ce4d44fe94f3d,content_f1a890bdf5f5bacf,0.6350155190251753,Medium priority,low CTR,187.0,0.0106951871657754,5.818181818181818,
4497,client_2094c6eb080311d5,content_8e378c807228b278,0.6350155190251753,Medium priority,low CTR,187.0,0.0374331550802139,4.390374331550802,17.0
4498,client_2094c6eb080311d5,content_933049c45b41bd74,0.6350155190251753,Medium priority,low CTR,186.0,0.010752688172043012,6.591397849462366,4.0
4499,client_2094c6eb080311d5,content_ba29de0aa96b5b2e,0.6350155190251753,Medium priority,low CTR,186.0,0.010752688172043012,5.048387096774194,4.0
4500,client_3f0ce4d44fe94f3d,content_648c2730e7357af2,0.6350155190251753,Medium priority,low CTR,186.0,0.010752688172043012,4.134408602150538,
4501,client_3f0ce4d44fe94f3d,content_7268f720bb0b338d,0.6350155190251753,Medium priority,low CTR,185.0,0.005405405405405406,7.232432432432432,1.0
4502,client_9958f0a7ae1df715,content_ef2b0fe5b352cc9b,0.6350155190251753,Medium priority,low CTR; weak average position,185.0,0.005405405405405406,10.843243243243244,1.0
4503,client_9958f0a7ae1df715,content_92213be18512c150,0.6350155190251753,Medium priority,low CTR; weak average position,185.0,0.010810810810810811,19.43243243243243,2.0
4504,client_3f0ce4d44fe94f3d,content_7de4d709f598cb61,0.6350155190251753,Medium priority,low CTR; weak average position,185.0,0.005405405405405406,29.82162162162162,
4505,client_3f0ce4d44fe94f3d,content_82afec227be14a54,0.6350155190251753,Medium priority,low CTR,185.0,0.010810810810810811,6.675675675675675,3.0
4506,client_2094c6eb080311d5,content_bc94c5b74aed819c,0.6350155190251753,Medium priority,low CTR,184.0,0.010869565217391304,5.592391304347826,2.0
4507,client_0fa64a184f18a4a0,content_44f7659dba32356c,0.6350155190251753,Medium priority,low CTR,184.0,0.005434782608695652,4.7228260869565215,1.0
4508,client_9958f0a7ae1df715,content_8d3b3944b7f06eeb,0.6350155190251753,Medium priority,low CTR; weak average position,184.0,0.005434782608695652,26.472826086956523,4.0
4509,client_9958f0a7ae1df715,content_dfaba18c800d7db6,0.6350155190251753,Medium priority,low CTR,184.0,0.010869565217391304,9.277173913043478,4.0
4510,client_2094c6eb080311d5,content_db1f39118f481efd,0.6350155190251753,Medium priority,low CTR,184.0,0.005434782608695652,5.456521739130435,6.0
4511,client_9958f0a7ae1df715,content_47770aa3c3361860,0.6350155190251753,Medium priority,low CTR; weak average position,184.0,0.005434782608695652,46.21195652173913,2.0
4512,client_9958f0a7ae1df715,content_995aae97f43f95b0,0.6350155190251753,Medium priority,low CTR; weak average position,183.0,0.03825136612021858,15.234972677595628,4.0
4513,client_2094c6eb080311d5,content_b2ce6e95437500ca,0.6350155190251753,Medium priority,low CTR; weak average position,183.0,0.01092896174863388,11.579234972677595,4.0
4514,client_9958f0a7ae1df715,content_0212c736069e43fd,0.6350155190251753,Medium priority,low CTR; weak average position,183.0,0.00546448087431694,36.55191256830601,2.0
4515,client_f623b01661d4bfe4,content_8e934cf3d4bd5ce1,0.6350155190251753,Medium priority,low CTR; weak average position,183.0,0.01092896174863388,61.94535519125683,2.0
4516,client_9958f0a7ae1df715,content_d9742cd2ef1800d4,0.6350155190251753,Medium priority,low CTR; weak average position,183.0,0.01639344262295082,11.0,4.0
4517,client_2094c6eb080311d5,content_18846f43417fc06c,0.6350155190251753,Medium priority,low CTR,183.0,0.00546448087431694,8.316939890710383,1.0
4518,client_0fa64a184f18a4a0,content_ef38173669ce1f8f,0.6350155190251753,Medium priority,low CTR; weak average position,182.0,0.005494505494505495,23.818681318681318,1.0
4519,client_9958f0a7ae1df715,content_a9e247e36de34619,0.6350155190251753,Medium priority,low CTR; weak average position,182.0,0.005494505494505495,27.12087912087912,2.0
4520,client_9958f0a7ae1df715,content_942210a707f08ab3,0.6350155190251753,Medium priority,low CTR; weak average position,182.0,0.016483516483516484,25.23076923076923,4.0
4521,client_0fa64a184f18a4a0,content_8c585183b4555fbf,0.6350155190251753,Medium priority,low CTR,182.0,0.01098901098901099,5.428571428571429,2.0
4522,client_2094c6eb080311d5,content_5fa068c697f4a4e6,0.6350155190251753,Medium priority,low CTR,182.0,0.005494505494505495,8.247252747252746,
4523,client_2094c6eb080311d5,content_4080b6d6a9a60000,0.6350155190251753,Medium priority,low CTR,182.0,0.005494505494505495,9.131868131868131,9.0
4524,client_3f0ce4d44fe94f3d,content_af5dcaab77f00845,0.6350155190251753,Medium priority,low CTR; weak average position,182.0,0.01098901098901099,12.791208791208792,1.0
4525,client_0fa64a184f18a4a0,content_ef374ea12695e624,0.6350155190251753,Medium priority,low CTR,182.0,0.005494505494505495,1.5879120879120878,1.0
4526,client_2094c6eb080311d5,content_6772be363d1c4720,0.6350155190251753,Medium priority,low CTR,181.0,0.0055248618784530384,5.845303867403315,2.0
4527,client_2094c6eb080311d5,content_873b09815c3ab447,0.6350155190251753,Medium priority,low CTR,181.0,0.0055248618784530384,6.9779005524861875,1.0
4528,client_2094c6eb080311d5,content_7f3e5c1ec603a7f1,0.6350155190251753,Medium priority,model-ranked signal combination,181.0,0.06629834254143646,2.303867403314917,13.0
4529,client_2094c6eb080311d5,content_caf6315c53a65e42,0.6350155190251753,Medium priority,low CTR,181.0,0.011049723756906077,5.1878453038674035,2.0
4530,client_0fa64a184f18a4a0,content_e4e9347eb4cc5c9e,0.6350155190251753,Medium priority,low CTR,181.0,0.011049723756906077,5.569060773480663,1.0
4531,client_9958f0a7ae1df715,content_bda478d54caf6a8c,0.6350155190251753,Medium priority,low CTR,180.0,0.03888888888888889,7.316666666666666,9.0
4532,client_9958f0a7ae1df715,content_67151ff610df4d12,0.6350155190251753,Medium priority,low CTR; weak average position,180.0,0.005555555555555556,50.22222222222222,10.0
4533,client_cd12bcfd98942aa1,content_5e97c23ac01739b5,0.6350155190251753,Medium priority,low CTR; weak average position,180.0,0.005555555555555556,38.13333333333333,17.0
4534,client_9958f0a7ae1df715,content_731689b4650bfb02,0.6350155190251753,Medium priority,low CTR,180.0,0.022222222222222223,9.566666666666666,5.0
4535,client_2094c6eb080311d5,content_949363395273b6f7,0.6350155190251753,Medium priority,low CTR; weak average position,180.0,0.005555555555555556,15.005555555555556,2.0
4536,client_f623b01661d4bfe4,content_9bc2bb4a246973ba,0.6350155190251753,Medium priority,low CTR; weak average position,180.0,0.005555555555555556,59.87777777777778,1.0
4537,client_0fa64a184f18a4a0,content_9b7f05593816572a,0.6350155190251753,Medium priority,low CTR; weak average position,180.0,0.005555555555555556,20.116666666666667,1.0
4538,client_2094c6eb080311d5,content_0df1bfe5f7c25973,0.6350155190251753,Medium priority,low CTR,180.0,0.011111111111111112,6.85,8.0
4539,client_2094c6eb080311d5,content_2d46ae6b9b343c08,0.6350155190251753,Medium priority,low CTR; weak average position,180.0,0.005555555555555556,27.17222222222222,1.0
4540,client_cd12bcfd98942aa1,content_75aa17c07b0b16c3,0.6350155190251753,Medium priority,low CTR,180.0,0.005555555555555556,7.205555555555556,2.0
4541,client_9958f0a7ae1df715,content_08c754ff95649a86,0.6350155190251753,Medium priority,low CTR; weak average position,179.0,0.00558659217877095,18.262569832402235,3.0
4542,client_0fa64a184f18a4a0,content_1a96c5be2c90593d,0.6350155190251753,Medium priority,low CTR,179.0,0.027932960893854747,3.8491620111731844,5.0
4543,client_3f0ce4d44fe94f3d,content_03156667c0537344,0.6350155190251753,Medium priority,low CTR; weak average position,179.0,0.00558659217877095,31.106145251396647,
4544,client_0fa64a184f18a4a0,content_11ca24a98d6f214a,0.6350155190251753,Medium priority,low CTR,179.0,0.00558659217877095,2.078212290502793,1.0
4545,client_2094c6eb080311d5,content_7668c05c04c1e4c5,0.6350155190251753,Medium priority,low CTR; weak average position,179.0,0.00558659217877095,10.251396648044693,4.0
4546,client_9958f0a7ae1df715,content_37fab2aaad539c8d,0.6350155190251753,Medium priority,low CTR; weak average position,179.0,0.00558659217877095,10.363128491620111,2.0
4547,client_9958f0a7ae1df715,content_d9f0299914beff6a,0.6350155190251753,Medium priority,low CTR; weak average position,179.0,0.0111731843575419,26.156424581005588,2.0
4548,client_2094c6eb080311d5,content_a598b5e43716d4ec,0.6350155190251753,Medium priority,low CTR; weak average position,179.0,0.01675977653631285,18.804469273743017,4.0
4549,client_cd12bcfd98942aa1,content_1711898f156e1943,0.6350155190251753,Medium priority,low CTR; weak average position,179.0,0.00558659217877095,16.43016759776536,3.0
4550,client_2094c6eb080311d5,content_c5c805566daf2b9b,0.6350155190251753,Medium priority,low CTR,179.0,0.00558659217877095,7.988826815642458,2.0
4551,client_2094c6eb080311d5,content_37bcc4e5af9d76d7,0.6350155190251753,Medium priority,low CTR,178.0,0.03932584269662921,6.466292134831461,9.0
4552,client_9958f0a7ae1df715,content_b7e8333780b3b86d,0.6350155190251753,Medium priority,low CTR,178.0,0.0056179775280898875,8.230337078651685,11.0
4553,client_2094c6eb080311d5,content_fc38cfde407f10ce,0.6350155190251753,Medium priority,low CTR; weak average position,178.0,0.016853932584269662,12.359550561797754,8.0
4554,client_2094c6eb080311d5,content_6f8583c493b8cfd1,0.6350155190251753,Medium priority,low CTR,178.0,0.0056179775280898875,7.921348314606742,6.0
4555,client_9958f0a7ae1df715,content_4fc4d24b40b87e42,0.6350155190251753,Medium priority,low CTR; weak average position,178.0,0.0056179775280898875,27.741573033707866,3.0
4556,client_2094c6eb080311d5,content_48262ee4bda8e7b9,0.6350155190251753,Medium priority,low CTR,178.0,0.0056179775280898875,5.286516853932584,1.0
4557,client_9958f0a7ae1df715,content_3e04f9d434376e2d,0.6350155190251753,Medium priority,low CTR; weak average position,177.0,0.005649717514124294,21.214689265536723,2.0
4558,client_9958f0a7ae1df715,content_b04f4c0816958690,0.6350155190251753,Medium priority,low CTR; weak average position,177.0,0.011299435028248588,44.30508474576271,3.0
4559,client_9958f0a7ae1df715,content_eb73b65e1dd176e6,0.6350155190251753,Medium priority,low CTR; weak average position,177.0,0.005649717514124294,10.745762711864407,4.0
4560,client_9958f0a7ae1df715,content_5f984e0d0b2af09d,0.6350155190251753,Medium priority,low CTR; weak average position,177.0,0.005649717514124294,25.36723163841808,36.0
4561,client_2094c6eb080311d5,content_8fdc6e9b316c3158,0.6350155190251753,Medium priority,low CTR,177.0,0.005649717514124294,9.519774011299434,1.0
4562,client_2094c6eb080311d5,content_b1f344e7e6a65cf4,0.6350155190251753,Medium priority,low CTR,176.0,0.005681818181818182,5.971590909090909,1.0
4563,client_9958f0a7ae1df715,content_326b8ae3ee94272b,0.6350155190251753,Medium priority,low CTR,176.0,0.011363636363636364,6.823863636363637,2.0
4564,client_9958f0a7ae1df715,content_bc2989ccee6f92dc,0.6350155190251753,Medium priority,low CTR; weak average position,176.0,0.005681818181818182,18.767045454545453,15.0
4565,client_0fa64a184f18a4a0,content_4e8b474a6ed43633,0.6350155190251753,Medium priority,low CTR; weak average position,176.0,0.005681818181818182,13.397727272727273,2.0
4566,client_9958f0a7ae1df715,content_cabf4f59675903f6,0.6350155190251753,Medium priority,low CTR,176.0,0.005681818181818182,7.755681818181818,1.0
4567,client_2094c6eb080311d5,content_cc547fde05f39742,0.6350155190251753,Medium priority,low CTR,176.0,0.005681818181818182,6.6647727272727275,2.0
4568,client_f623b01661d4bfe4,content_571d95fb1a2f1fb5,0.6350155190251753,Medium priority,low CTR; weak average position,175.0,0.005714285714285714,59.6,1.0
4569,client_9958f0a7ae1df715,content_be424bf93f9071d5,0.6350155190251753,Medium priority,low CTR; weak average position,175.0,0.005714285714285714,17.377142857142857,4.0
4570,client_2094c6eb080311d5,content_704a5193b058961d,0.6350155190251753,Medium priority,low CTR,174.0,0.017241379310344827,5.913793103448276,4.0
4571,client_2094c6eb080311d5,content_2ec6955b8762f062,0.6350155190251753,Medium priority,low CTR,174.0,0.022988505747126436,6.367816091954023,5.0
4572,client_2094c6eb080311d5,content_8cf07e8cfcf418b1,0.6350155190251753,Medium priority,low CTR,174.0,0.005747126436781609,6.885057471264368,
4573,client_9958f0a7ae1df715,content_bbcdd929e32d8bf9,0.6350155190251753,Medium priority,low CTR,174.0,0.005747126436781609,6.304597701149425,2.0
4574,client_9958f0a7ae1df715,content_cb406e7519f3357c,0.6350155190251753,Medium priority,low CTR; weak average position,174.0,0.005747126436781609,34.52298850574713,12.0
4575,client_3f0ce4d44fe94f3d,content_9e8c428334cab74f,0.6350155190251753,Medium priority,low CTR,174.0,0.005747126436781609,7.764367816091954,1.0
4576,client_2094c6eb080311d5,content_1b43db13c7ab98ea,0.6350155190251753,Medium priority,low CTR,174.0,0.028735632183908046,6.32183908045977,12.0
4577,client_3f0ce4d44fe94f3d,content_21b97462dad22fb0,0.6350155190251753,Medium priority,low CTR; weak average position,174.0,0.005747126436781609,20.649425287356323,1.0
4578,client_2094c6eb080311d5,content_b1cea3f9023164c8,0.6350155190251753,Medium priority,low CTR,173.0,0.017341040462427744,8.965317919075144,3.0
4579,client_f623b01661d4bfe4,content_98e27f1f327e69b9,0.6350155190251753,Medium priority,low CTR; weak average position,173.0,0.017341040462427744,31.791907514450866,4.0
4580,client_3f0ce4d44fe94f3d,content_9cb08a61bbd6470c,0.6350155190251753,Medium priority,low CTR; weak average position,173.0,0.005780346820809248,25.289017341040463,1.0
4581,client_2094c6eb080311d5,content_6d0a09d75e0d2805,0.6350155190251753,Medium priority,low CTR; weak average position,173.0,0.005780346820809248,20.959537572254334,2.0
4582,client_0fa64a184f18a4a0,content_1e04b41390d36faa,0.6350155190251753,Medium priority,low CTR,173.0,0.005780346820809248,7.196531791907514,
4583,client_9958f0a7ae1df715,content_1984f849589da224,0.6350155190251753,Medium priority,low CTR; weak average position,173.0,0.017341040462427744,11.242774566473988,9.0
4584,client_2094c6eb080311d5,content_d8c8b8075bdd2df2,0.6350155190251753,Medium priority,low CTR,173.0,0.005780346820809248,6.630057803468208,4.0
4585,client_2094c6eb080311d5,content_703cf5c74e0eafe6,0.6350155190251753,Medium priority,low CTR; weak average position,173.0,0.005780346820809248,11.745664739884393,3.0
4586,client_cd12bcfd98942aa1,content_20db0020d8a8d669,0.6350155190251753,Medium priority,low CTR; weak average position,173.0,0.005780346820809248,10.202312138728324,2.0
4587,client_9958f0a7ae1df715,content_6e74280277dc6d99,0.6350155190251753,Medium priority,low CTR; weak average position,172.0,0.005813953488372093,17.796511627906977,18.0
4588,client_0fa64a184f18a4a0,content_6c8850d1588d3eb7,0.6350155190251753,Medium priority,low CTR,172.0,0.01744186046511628,3.4244186046511627,2.0
4589,client_2094c6eb080311d5,content_ea96f9ecbfd5b5c8,0.6350155190251753,Medium priority,low CTR,172.0,0.011627906976744186,6.691860465116279,5.0
4590,client_2094c6eb080311d5,content_4a22d2f04a0ea1d7,0.6350155190251753,Medium priority,low CTR,172.0,0.005813953488372093,4.686046511627907,
4591,client_0fa64a184f18a4a0,content_a1e0cf21fdbe3c1d,0.6350155190251753,Medium priority,low CTR,172.0,0.005813953488372093,5.156976744186046,1.0
4592,client_2094c6eb080311d5,content_68f13d0c83c66155,0.6350155190251753,Medium priority,low CTR,172.0,0.005813953488372093,5.843023255813954,1.0
4593,client_3f0ce4d44fe94f3d,content_e548a3cf835e5663,0.6350155190251753,Medium priority,low CTR; weak average position,172.0,0.011627906976744186,59.79651162790697,
4594,client_cd12bcfd98942aa1,content_09bbd3549a4c7167,0.6350155190251753,Medium priority,low CTR,172.0,0.01744186046511628,8.430232558139535,9.0
4595,client_2094c6eb080311d5,content_4c0e3880e3278aa5,0.6350155190251753,Medium priority,low CTR,171.0,0.011695906432748537,4.181286549707602,2.0
4596,client_2094c6eb080311d5,content_22993511a88a62b4,0.6350155190251753,Medium priority,low CTR,171.0,0.005847953216374269,7.783625730994152,1.0
4597,client_2094c6eb080311d5,content_289f5f8390effcae,0.6350155190251753,Medium priority,low CTR; weak average position,171.0,0.005847953216374269,11.11111111111111,3.0
4598,client_9958f0a7ae1df715,content_962efd1338452e21,0.6350155190251753,Medium priority,low CTR; weak average position,171.0,0.005847953216374269,11.292397660818713,2.0
4599,client_3f0ce4d44fe94f3d,content_227cb0768e5e7893,0.6350155190251753,Medium priority,low CTR,171.0,0.005847953216374269,2.52046783625731,
4600,client_2094c6eb080311d5,content_e9ff0f76c318b70b,0.6350155190251753,Medium priority,low CTR,171.0,0.005847953216374269,7.175438596491228,5.0
4601,client_2094c6eb080311d5,content_69436f9e0225765e,0.6350155190251753,Medium priority,low CTR,170.0,0.011764705882352941,5.1117647058823525,2.0
4602,client_2094c6eb080311d5,content_9f27618e66584b41,0.6350155190251753,Medium priority,low CTR; weak average position,170.0,0.0058823529411764705,40.247058823529414,1.0
4603,client_2094c6eb080311d5,content_0d0a0b860914ad29,0.6350155190251753,Medium priority,low CTR; weak average position,170.0,0.0058823529411764705,11.270588235294118,1.0
4604,client_3f0ce4d44fe94f3d,content_bb561cdcea544a00,0.6350155190251753,Medium priority,low CTR,169.0,0.005917159763313609,5.011834319526627,
4605,client_2094c6eb080311d5,content_26a7da775c0ec86a,0.6350155190251753,Medium priority,low CTR,169.0,0.029585798816568046,6.8579881656804735,6.0
4606,client_f623b01661d4bfe4,content_5682f322e758e093,0.6350155190251753,Medium priority,low CTR; weak average position,169.0,0.023668639053254437,38.04733727810651,6.0
4607,client_2094c6eb080311d5,content_6a608c5fce7270f4,0.6350155190251753,Medium priority,low CTR,169.0,0.023668639053254437,5.72189349112426,3.0
4608,client_2094c6eb080311d5,content_feb6dfd3d1029f2d,0.6350155190251753,Medium priority,low CTR; weak average position,169.0,0.005917159763313609,10.76923076923077,1.0
4609,client_3f0ce4d44fe94f3d,content_bebe6fae850fa41f,0.6350155190251753,Medium priority,low CTR,168.0,0.011904761904761904,5.434523809523809,1.0
4610,client_9958f0a7ae1df715,content_aad50021589a99e8,0.6350155190251753,Medium priority,low CTR; weak average position,168.0,0.005952380952380952,11.636904761904763,2.0
4611,client_cd12bcfd98942aa1,content_27f1e3a83f0c0bb6,0.6350155190251753,Medium priority,low CTR,168.0,0.017857142857142856,8.857142857142858,11.0
4612,client_2094c6eb080311d5,content_cf033d6e059d94ca,0.6350155190251753,Medium priority,low CTR,168.0,0.005952380952380952,7.315476190476191,2.0
4613,client_2094c6eb080311d5,content_aa83b1a10ec24855,0.6350155190251753,Medium priority,low CTR,167.0,0.005988023952095809,5.970059880239521,4.0
4614,client_f623b01661d4bfe4,content_0e00aae179afced4,0.6350155190251753,Medium priority,low CTR; weak average position,167.0,0.005988023952095809,94.12574850299401,1.0
4615,client_0fa64a184f18a4a0,content_296a4a26902bd316,0.6350155190251753,Medium priority,low CTR,167.0,0.023952095808383235,4.832335329341317,4.0
4616,client_0fa64a184f18a4a0,content_3bb8797df7a51e0e,0.6350155190251753,Medium priority,low CTR,167.0,0.023952095808383235,2.3592814371257487,4.0
4617,client_3f0ce4d44fe94f3d,content_78b706774253903a,0.6350155190251753,Medium priority,low CTR; weak average position,167.0,0.005988023952095809,13.431137724550899,
4618,client_3f0ce4d44fe94f3d,content_4947fdd86298c606,0.6350155190251753,Medium priority,low CTR,167.0,0.005988023952095809,4.18562874251497,
4619,client_9958f0a7ae1df715,content_94fa0913172300ff,0.6350155190251753,Medium priority,low CTR; weak average position,166.0,0.006024096385542169,43.024096385542165,1.0
4620,client_9958f0a7ae1df715,content_107cc3c5cd5572fc,0.6350155190251753,Medium priority,low CTR; weak average position,166.0,0.006024096385542169,12.813253012048193,2.0
4621,client_2094c6eb080311d5,content_5ed34d3d84e35326,0.6350155190251753,Medium priority,low CTR,166.0,0.006024096385542169,7.066265060240964,1.0
4622,client_9958f0a7ae1df715,content_083965bac8b3defc,0.6350155190251753,Medium priority,low CTR; weak average position,166.0,0.006024096385542169,24.35542168674699,
4623,client_2094c6eb080311d5,content_bef7b0c129f897e8,0.6350155190251753,Medium priority,low CTR,166.0,0.012048192771084338,5.144578313253012,4.0
4624,client_2094c6eb080311d5,content_d99fa101c3dfca00,0.6350155190251753,Medium priority,low CTR,166.0,0.006024096385542169,7.259036144578313,2.0
4625,client_9958f0a7ae1df715,content_737bf0dacc016080,0.6350155190251753,Medium priority,low CTR; weak average position,166.0,0.018072289156626505,21.548192771084338,9.0
4626,client_f623b01661d4bfe4,content_3f9b64637d49260f,0.6350155190251753,Medium priority,low CTR; weak average position,165.0,0.012121212121212121,44.345454545454544,1.0
4627,client_2094c6eb080311d5,content_b1228b837aafac26,0.6350155190251753,Medium priority,low CTR; weak average position,165.0,0.012121212121212121,14.73939393939394,8.0
4628,client_def0955f7a377868,content_9eff974d1661c153,0.6350155190251753,Medium priority,low CTR,165.0,0.030303030303030304,8.624242424242425,6.0
4629,client_2094c6eb080311d5,content_7dcc81e972d72f3e,0.6350155190251753,Medium priority,low CTR; weak average position,164.0,0.006097560975609756,37.38414634146341,1.0
4630,client_9958f0a7ae1df715,content_339d9619dfc1dd50,0.6350155190251753,Medium priority,low CTR; weak average position,164.0,0.006097560975609756,17.036585365853657,3.0
4631,client_2094c6eb080311d5,content_eaa1ca7e37b9b17e,0.6350155190251753,Medium priority,model-ranked signal combination,164.0,0.054878048780487805,5.725609756097561,12.0
4632,client_9958f0a7ae1df715,content_ed39ef2a5e321e10,0.6350155190251753,Medium priority,low CTR; weak average position,164.0,0.012195121951219513,64.23170731707317,2.0
4633,client_9958f0a7ae1df715,content_5e8aa44983c2e373,0.6350155190251753,Medium priority,low CTR; weak average position,163.0,0.006134969325153374,22.024539877300615,2.0
4634,client_9958f0a7ae1df715,content_a6c83856ae9ea54b,0.6350155190251753,Medium priority,low CTR; weak average position,163.0,0.012269938650306749,40.852760736196316,2.0
4635,client_2094c6eb080311d5,content_17d00927f93738ce,0.6350155190251753,Medium priority,low CTR,163.0,0.006134969325153374,7.607361963190184,3.0
4636,client_2094c6eb080311d5,content_3e0ae5d22181e753,0.6350155190251753,Medium priority,low CTR,162.0,0.006172839506172839,7.055555555555555,3.0
4637,client_2094c6eb080311d5,content_e81c5051a6d82b9e,0.6350155190251753,Medium priority,low CTR,162.0,0.006172839506172839,4.598765432098766,4.0
4638,client_9958f0a7ae1df715,content_8e1269666f48dd74,0.6350155190251753,Medium priority,low CTR; weak average position,162.0,0.006172839506172839,27.52469135802469,6.0
4639,client_0fa64a184f18a4a0,content_09b477b1f7901de3,0.6350155190251753,Medium priority,low CTR,162.0,0.006172839506172839,1.4567901234567902,1.0
4640,client_cd12bcfd98942aa1,content_911b2cce1f34d041,0.6350155190251753,Medium priority,low CTR,162.0,0.012345679012345678,5.845679012345679,4.0
4641,client_3f0ce4d44fe94f3d,content_f32001ff51e5100f,0.6350155190251753,Medium priority,low CTR; weak average position,162.0,0.006172839506172839,36.45679012345679,
4642,client_3f0ce4d44fe94f3d,content_639937f3cad46ae0,0.6350155190251753,Medium priority,low CTR,161.0,0.012422360248447204,8.062111801242237,2.0
4643,client_9958f0a7ae1df715,content_6beeb933569c4978,0.6350155190251753,Medium priority,low CTR; weak average position,161.0,0.012422360248447204,56.037267080745345,6.0
4644,client_0fa64a184f18a4a0,content_1c29c0bfd531e010,0.6350155190251753,Medium priority,low CTR,161.0,0.006211180124223602,8.627329192546584,1.0
4645,client_2094c6eb080311d5,content_bea0f447bcf6da88,0.6350155190251753,Medium priority,low CTR; weak average position,161.0,0.006211180124223602,10.677018633540373,1.0
4646,client_9958f0a7ae1df715,content_4b461aee0514e118,0.6350155190251753,Medium priority,low CTR,161.0,0.006211180124223602,7.496894409937888,3.0
4647,client_3f0ce4d44fe94f3d,content_21a6c91f20e3ee3c,0.6350155190251753,Medium priority,low CTR; weak average position,161.0,0.006211180124223602,47.19875776397515,
4648,client_2094c6eb080311d5,content_582d826670ee26e0,0.6350155190251753,Medium priority,low CTR,161.0,0.024844720496894408,6.857142857142857,3.0
4649,client_0fa64a184f18a4a0,content_18cbf73ef31129f0,0.6350155190251753,Medium priority,low CTR,160.0,0.00625,5.25625,1.0
4650,client_0fa64a184f18a4a0,content_04cf582c15c16eba,0.6350155190251753,Medium priority,low CTR,160.0,0.00625,3.2625,1.0
4651,client_2094c6eb080311d5,content_a6c864e2328a6c9f,0.6350155190251753,Medium priority,low CTR; weak average position,160.0,0.00625,12.125,2.0
4652,client_2094c6eb080311d5,content_ce8eb9fe887c2ffd,0.6350155190251753,Medium priority,low CTR,160.0,0.0125,6.48125,5.0
4653,client_9958f0a7ae1df715,content_cba79ab23a992f7d,0.6350155190251753,Medium priority,low CTR; weak average position,160.0,0.0125,28.5125,2.0
4654,client_9958f0a7ae1df715,content_a9d370addc35e6ec,0.6350155190251753,Medium priority,low CTR; weak average position,160.0,0.00625,11.4,1.0
4655,client_f623b01661d4bfe4,content_b96495c6b2911b12,0.6350155190251753,Medium priority,weak average position,160.0,0.075,33.69375,13.0
4656,client_2094c6eb080311d5,content_dcc9ed81562a802b,0.6350155190251753,Medium priority,low CTR,160.0,0.01875,3.8,6.0
4657,client_9958f0a7ae1df715,content_9d7ecac8d593dacb,0.6350155190251753,Medium priority,low CTR; weak average position,159.0,0.006289308176100629,41.40880503144654,2.0
4658,client_9958f0a7ae1df715,content_46159d517cb6a050,0.6350155190251753,Medium priority,low CTR; weak average position,159.0,0.012578616352201259,23.91194968553459,6.0
4659,client_2094c6eb080311d5,content_b7d7633c12a6a470,0.6350155190251753,Medium priority,low CTR,159.0,0.012578616352201259,5.144654088050315,2.0
4660,client_3f0ce4d44fe94f3d,content_751719da5dbe9771,0.6350155190251753,Medium priority,low CTR,159.0,0.006289308176100629,7.29559748427673,4.0
4661,client_3f0ce4d44fe94f3d,content_159e638a61b973ab,0.6350155190251753,Medium priority,low CTR,159.0,0.006289308176100629,2.7232704402515724,1.0
4662,client_2094c6eb080311d5,content_373202773dac883a,0.6350155190251753,Medium priority,low CTR,159.0,0.006289308176100629,6.855345911949685,1.0
4663,client_2094c6eb080311d5,content_b678de5511c085dd,0.6350155190251753,Medium priority,low CTR; weak average position,158.0,0.006329113924050633,59.94303797468354,2.0
4664,client_2094c6eb080311d5,content_8c4d82a006f3e0e2,0.6350155190251753,Medium priority,low CTR,158.0,0.012658227848101266,5.6835443037974684,2.0
4665,client_0fa64a184f18a4a0,content_0a958e80b43330ac,0.6350155190251753,Medium priority,low CTR,158.0,0.006329113924050633,6.6455696202531644,1.0
4666,client_0fa64a184f18a4a0,content_de605df4c3914e2c,0.6350155190251753,Medium priority,low CTR,158.0,0.02531645569620253,4.284810126582278,5.0
4667,client_cd12bcfd98942aa1,content_f979a7029b4cf741,0.6350155190251753,Medium priority,low CTR,158.0,0.02531645569620253,9.00632911392405,5.0
4668,client_f623b01661d4bfe4,content_3cdebedd04c88ad3,0.6350155190251753,Medium priority,low CTR; weak average position,158.0,0.006329113924050633,63.95569620253165,2.0
4669,client_2094c6eb080311d5,content_1c1b028cc2981975,0.6350155190251753,Medium priority,low CTR,158.0,0.006329113924050633,9.291139240506329,4.0
4670,client_9958f0a7ae1df715,content_de2467be6080519a,0.6350155190251753,Medium priority,low CTR; weak average position,158.0,0.006329113924050633,58.74683544303797,2.0
4671,client_9958f0a7ae1df715,content_cfc19f0ae6b2992f,0.6350155190251753,Medium priority,low CTR; weak average position,158.0,0.012658227848101266,23.430379746835442,3.0
4672,client_9958f0a7ae1df715,content_f3101b6389973a01,0.6350155190251753,Medium priority,low CTR; weak average position,158.0,0.0189873417721519,24.341772151898734,7.0
4673,client_2094c6eb080311d5,content_dac7686468814f96,0.6350155190251753,Medium priority,low CTR,158.0,0.0189873417721519,5.2784810126582276,4.0
4674,client_3f0ce4d44fe94f3d,content_3314033dbd072ccc,0.6350155190251753,Medium priority,low CTR,158.0,0.006329113924050633,9.215189873417721,2.0
4675,client_3f0ce4d44fe94f3d,content_f792b7181a087e4a,0.6350155190251753,Medium priority,low CTR; weak average position,157.0,0.012738853503184714,22.331210191082803,
4676,client_9958f0a7ae1df715,content_2d45de1f4ea50f21,0.6350155190251753,Medium priority,low CTR; weak average position,157.0,0.006369426751592357,10.605095541401274,1.0
4677,client_3f0ce4d44fe94f3d,content_e467e3c51b947863,0.6350155190251753,Medium priority,low CTR; weak average position,157.0,0.006369426751592357,20.203821656050955,1.0
4678,client_2094c6eb080311d5,content_68f6e44c5fde50b4,0.6350155190251753,Medium priority,low CTR; weak average position,157.0,0.006369426751592357,24.235668789808916,1.0
4679,client_2094c6eb080311d5,content_27ebc38a659474be,0.6350155190251753,Medium priority,low CTR; weak average position,157.0,0.006369426751592357,16.808917197452228,2.0
4680,client_3f0ce4d44fe94f3d,content_eb9d97c81fc6ee2e,0.6350155190251753,Medium priority,low CTR,156.0,0.00641025641025641,7.339743589743589,1.0
4681,client_9958f0a7ae1df715,content_ab17455adb87b6a1,0.6350155190251753,Medium priority,low CTR; weak average position,156.0,0.019230769230769232,15.897435897435898,3.0
4682,client_9958f0a7ae1df715,content_5d7d95c2b92abfb6,0.6350155190251753,Medium priority,low CTR; weak average position,156.0,0.00641025641025641,24.21794871794872,1.0
4683,client_3f0ce4d44fe94f3d,content_0aed2ac8812d461b,0.6350155190251753,Medium priority,low CTR,156.0,0.00641025641025641,8.801282051282051,
4684,client_3f0ce4d44fe94f3d,content_4328340c6f02b96a,0.6350155190251753,Medium priority,low CTR; weak average position,156.0,0.00641025641025641,12.782051282051283,
4685,client_2094c6eb080311d5,content_42ed74a6074496a8,0.6350155190251753,Medium priority,low CTR,156.0,0.00641025641025641,6.660256410256411,2.0
4686,client_3f0ce4d44fe94f3d,content_41edf11c713a82f3,0.6350155190251753,Medium priority,low CTR,156.0,0.00641025641025641,8.153846153846153,1.0
4687,client_3f0ce4d44fe94f3d,content_af85f201f94774c7,0.6350155190251753,Medium priority,low CTR,155.0,0.012903225806451613,1.6516129032258065,2.0
4688,client_f623b01661d4bfe4,content_b438023b9a716bc7,0.6350155190251753,Medium priority,low CTR; weak average position,155.0,0.0064516129032258064,34.52258064516129,1.0
4689,client_2094c6eb080311d5,content_e57531087f4a4a97,0.6350155190251753,Medium priority,low CTR; weak average position,155.0,0.0064516129032258064,12.283870967741935,4.0
4690,client_2094c6eb080311d5,content_c17739e0eede78b9,0.6350155190251753,Medium priority,low CTR,155.0,0.0064516129032258064,6.651612903225806,3.0
4691,client_3f0ce4d44fe94f3d,content_6de12b98c91789fe,0.6350155190251753,Medium priority,low CTR,154.0,0.006493506493506494,7.928571428571429,
4692,client_3f0ce4d44fe94f3d,content_5715043b7fb67f0e,0.6350155190251753,Medium priority,low CTR; weak average position,154.0,0.006493506493506494,59.57142857142857,
4693,client_2094c6eb080311d5,content_d7887b2f75afea53,0.6350155190251753,Medium priority,low CTR,154.0,0.012987012987012988,7.9480519480519485,8.0
4694,client_9958f0a7ae1df715,content_0526159c11bd699b,0.6350155190251753,Medium priority,low CTR; weak average position,154.0,0.006493506493506494,35.857142857142854,3.0
4695,client_3f0ce4d44fe94f3d,content_43d41d4c23ce2df8,0.6350155190251753,Medium priority,low CTR; weak average position,154.0,0.006493506493506494,25.824675324675326,1.0
4696,client_2094c6eb080311d5,content_65fc54eb221d2579,0.6350155190251753,Medium priority,low CTR,154.0,0.006493506493506494,5.9480519480519485,1.0
4697,client_0fa64a184f18a4a0,content_8c96def10089f35c,0.6350155190251753,Medium priority,low CTR; weak average position,153.0,0.006535947712418301,28.705882352941178,2.0
4698,client_9958f0a7ae1df715,content_eebfb2913c3a0eaf,0.6350155190251753,Medium priority,low CTR; weak average position,153.0,0.013071895424836602,36.39869281045752,1.0
4699,client_9958f0a7ae1df715,content_2807fd927af8c8d8,0.6350155190251753,Medium priority,low CTR; weak average position,153.0,0.013071895424836602,13.03921568627451,7.0
4700,client_9958f0a7ae1df715,content_780f947b6ad03d6b,0.6350155190251753,Medium priority,low CTR; weak average position,153.0,0.006535947712418301,27.62091503267974,5.0
4701,client_3f0ce4d44fe94f3d,content_cc191d6835298f8c,0.6350155190251753,Medium priority,low CTR,153.0,0.006535947712418301,7.196078431372549,
4702,client_cd12bcfd98942aa1,content_9b9a049585e38292,0.6350155190251753,Medium priority,low CTR; weak average position,153.0,0.006535947712418301,11.843137254901961,3.0
4703,client_2094c6eb080311d5,content_0ccfc11aa2593e7b,0.6350155190251753,Medium priority,low CTR; weak average position,153.0,0.013071895424836602,15.49673202614379,3.0
4704,client_2094c6eb080311d5,content_7534d2a23c3f69b7,0.6350155190251753,Medium priority,low CTR,152.0,0.013157894736842105,3.914473684210526,4.0
4705,client_cd12bcfd98942aa1,content_b00b692390a38a1d,0.6350155190251753,Medium priority,low CTR; weak average position,152.0,0.019736842105263157,14.776315789473685,8.0
4706,client_f623b01661d4bfe4,content_8a2dc3465ac8f497,0.6350155190251753,Medium priority,low CTR; weak average position,152.0,0.006578947368421052,59.85526315789474,3.0
4707,client_3f0ce4d44fe94f3d,content_4a56bb96608f0a6d,0.6350155190251753,Medium priority,low CTR,151.0,0.006622516556291391,3.980132450331126,1.0
4708,client_3f0ce4d44fe94f3d,content_a1789b351e70ac62,0.6350155190251753,Medium priority,low CTR,151.0,0.006622516556291391,8.251655629139073,
4709,client_f623b01661d4bfe4,content_72bb1ab78f2e512e,0.6350155190251753,Medium priority,low CTR,151.0,0.006622516556291391,7.5364238410596025,2.0
4710,client_9958f0a7ae1df715,content_b8ebc1d2ad8fce5a,0.6350155190251753,Medium priority,low CTR,151.0,0.013245033112582781,9.781456953642385,5.0
4711,client_2094c6eb080311d5,content_52597d9cb99d801f,0.6350155190251753,Medium priority,low CTR; weak average position,151.0,0.006622516556291391,37.63576158940398,1.0
4712,client_2094c6eb080311d5,content_65ab2200794164b0,0.6350155190251753,Medium priority,low CTR,151.0,0.006622516556291391,6.503311258278146,6.0
4713,client_0fa64a184f18a4a0,content_5b00cb45a7e67596,0.6350155190251753,Medium priority,low CTR,150.0,0.006666666666666667,8.56,1.0
4714,client_f623b01661d4bfe4,content_be0bc1d8376ee1e6,0.6350155190251753,Medium priority,low CTR,150.0,0.02,9.82,2.0
4715,client_2094c6eb080311d5,content_5067cde6c4afe00b,0.6350155190251753,Medium priority,low CTR,150.0,0.006666666666666667,6.24,1.0
4716,client_2094c6eb080311d5,content_696689d65af472ce,0.6350155190251753,Medium priority,low CTR,150.0,0.013333333333333334,7.926666666666667,3.0
4717,client_0fa64a184f18a4a0,content_d5e927886fbdd9f1,0.6350155190251753,Medium priority,low CTR,149.0,0.013422818791946308,1.9865771812080537,2.0
4718,client_0fa64a184f18a4a0,content_8fd24b2a0c3c83c3,0.6350155190251753,Medium priority,low CTR,149.0,0.006711409395973154,6.610738255033557,1.0
4719,client_9958f0a7ae1df715,content_1178924e77e4f4c9,0.6350155190251753,Medium priority,low CTR,149.0,0.006711409395973154,9.187919463087248,1.0
4720,client_9958f0a7ae1df715,content_132cfd61ee6071be,0.6350155190251753,Medium priority,low CTR,149.0,0.006711409395973154,7.10738255033557,7.0
4721,client_f623b01661d4bfe4,content_c8e3854bc9ebd8de,0.6350155190251753,Medium priority,low CTR; weak average position,149.0,0.020134228187919462,53.644295302013425,4.0
4722,client_9958f0a7ae1df715,content_fca7de24e1e31b17,0.6350155190251753,Medium priority,low CTR,149.0,0.006711409395973154,9.704697986577182,5.0
4723,client_2094c6eb080311d5,content_64bc757d556ecb11,0.6350155190251753,Medium priority,low CTR,149.0,0.006711409395973154,5.597315436241611,2.0
4724,client_def0955f7a377868,content_1e95a47bf34da496,0.6350155190251753,Medium priority,low CTR,148.0,0.02027027027027027,8.506756756756756,9.0
4725,client_9958f0a7ae1df715,content_96b176c89482428d,0.6350155190251753,Medium priority,low CTR; weak average position,148.0,0.006756756756756757,35.263513513513516,2.0
4726,client_2094c6eb080311d5,content_15565677b6e1792f,0.6350155190251753,Medium priority,low CTR; weak average position,148.0,0.006756756756756757,12.04054054054054,2.0
4727,client_cd12bcfd98942aa1,content_cffe2791f6511d47,0.6350155190251753,Medium priority,low CTR,148.0,0.013513513513513514,8.43918918918919,4.0
4728,client_2094c6eb080311d5,content_96a92689cc1c47a1,0.6350155190251753,Medium priority,low CTR,148.0,0.02702702702702703,7.148648648648648,4.0
4729,client_2094c6eb080311d5,content_c380afa1149ef020,0.6350155190251753,Medium priority,low CTR,148.0,0.006756756756756757,5.898648648648648,7.0
4730,client_2094c6eb080311d5,content_d9fd052ab1e821ef,0.6350155190251753,Medium priority,low CTR,148.0,0.006756756756756757,4.1824324324324325,2.0
4731,client_9958f0a7ae1df715,content_a3d451a68b757389,0.6350155190251753,Medium priority,low CTR; weak average position,148.0,0.006756756756756757,27.864864864864863,1.0
4732,client_9958f0a7ae1df715,content_41370ff19aa5c17e,0.6350155190251753,Medium priority,low CTR; weak average position,147.0,0.006802721088435374,21.13605442176871,5.0
4733,client_2094c6eb080311d5,content_78f702a6e809de9f,0.6350155190251753,Medium priority,low CTR,147.0,0.006802721088435374,8.0,1.0
4734,client_9958f0a7ae1df715,content_a498656d6a7bf38d,0.6350155190251753,Medium priority,low CTR; weak average position,147.0,0.006802721088435374,33.605442176870746,8.0
4735,client_3f0ce4d44fe94f3d,content_f40cbe7e71f0d7b8,0.6350155190251753,Medium priority,low CTR; weak average position,146.0,0.00684931506849315,15.287671232876713,1.0
4736,client_0fa64a184f18a4a0,content_3cf4a789705b53c8,0.6350155190251753,Medium priority,low CTR,146.0,0.00684931506849315,7.8561643835616435,
4737,client_2094c6eb080311d5,content_886f617f2da8d369,0.6350155190251753,Medium priority,low CTR; weak average position,146.0,0.0136986301369863,58.16438356164384,6.0
4738,client_f623b01661d4bfe4,content_1205d0d6921ea6df,0.6350155190251753,Medium priority,low CTR; weak average position,146.0,0.02054794520547945,19.34931506849315,3.0
4739,client_2094c6eb080311d5,content_75a07f52758757b8,0.6350155190251753,Medium priority,low CTR; weak average position,146.0,0.00684931506849315,11.623287671232877,1.0
4740,client_2094c6eb080311d5,content_bb4073ebfa616361,0.6350155190251753,Medium priority,low CTR,146.0,0.00684931506849315,8.842465753424657,1.0
4741,client_f623b01661d4bfe4,content_631830382d486c97,0.6350155190251753,Medium priority,low CTR; weak average position,145.0,0.006896551724137931,77.04827586206896,1.0
4742,client_2094c6eb080311d5,content_0270e525035c844c,0.6350155190251753,Medium priority,low CTR,145.0,0.006896551724137931,9.082758620689654,5.0
4743,client_9958f0a7ae1df715,content_3ed97ea86e82b4fd,0.6350155190251753,Medium priority,low CTR; weak average position,145.0,0.006896551724137931,36.42068965517242,3.0
4744,client_9958f0a7ae1df715,content_bd285e401012d91e,0.6350155190251753,Medium priority,low CTR,145.0,0.013793103448275862,8.786206896551723,
4745,client_3f0ce4d44fe94f3d,content_1c38c316c93ae099,0.6350155190251753,Medium priority,low CTR,145.0,0.006896551724137931,4.096551724137931,
4746,client_9958f0a7ae1df715,content_21a825e1b1a7aded,0.6350155190251753,Medium priority,low CTR; weak average position,145.0,0.013793103448275862,12.193103448275862,3.0
4747,client_2094c6eb080311d5,content_f15d5b6cfe43e134,0.6350155190251753,Medium priority,low CTR; weak average position,145.0,0.006896551724137931,10.986206896551725,1.0
4748,client_2094c6eb080311d5,content_2fb9a61f91d7245f,0.6350155190251753,Medium priority,low CTR,145.0,0.041379310344827586,5.510344827586207,6.0
4749,client_9958f0a7ae1df715,content_dbbc9f8583aae14f,0.6350155190251753,Medium priority,low CTR; weak average position,145.0,0.006896551724137931,14.820689655172414,1.0
4750,client_2094c6eb080311d5,content_0ef033cd51c2844f,0.6350155190251753,Medium priority,low CTR,145.0,0.013793103448275862,5.324137931034483,2.0
4751,client_2094c6eb080311d5,content_f3834a214500c2a3,0.6350155190251753,Medium priority,low CTR; weak average position,145.0,0.006896551724137931,17.427586206896553,2.0
4752,client_3f0ce4d44fe94f3d,content_33c3a58de9657382,0.6350155190251753,Medium priority,low CTR,144.0,0.006944444444444444,4.326388888888889,2.0
4753,client_9958f0a7ae1df715,content_6468d817f8a34e4a,0.6350155190251753,Medium priority,low CTR; weak average position,143.0,0.027972027972027972,13.335664335664335,7.0
4754,client_9958f0a7ae1df715,content_e2186cceaebd8768,0.6350155190251753,Medium priority,low CTR; weak average position,143.0,0.013986013986013986,19.0,3.0
4755,client_2094c6eb080311d5,content_dec47a3ed31f1aad,0.6350155190251753,Medium priority,low CTR,143.0,0.006993006993006993,6.734265734265734,5.0
4756,client_2094c6eb080311d5,content_d7d564112aa01b2f,0.6350155190251753,Medium priority,low CTR,143.0,0.006993006993006993,7.664335664335664,1.0
4757,client_9958f0a7ae1df715,content_bb25017ab5647b30,0.6350155190251753,Medium priority,low CTR; weak average position,143.0,0.006993006993006993,21.622377622377623,8.0
4758,client_2094c6eb080311d5,content_a5e41795b4250a1a,0.6350155190251753,Medium priority,low CTR,143.0,0.013986013986013986,6.286713286713287,5.0
4759,client_cd12bcfd98942aa1,content_365c940c412ea63f,0.6350155190251753,Medium priority,low CTR,143.0,0.006993006993006993,7.86013986013986,1.0
4760,client_0fa64a184f18a4a0,content_74c39f55005923ed,0.6350155190251753,Medium priority,low CTR,143.0,0.006993006993006993,2.993006993006993,1.0
4761,client_2094c6eb080311d5,content_0b9c9c3c69b49b69,0.6350155190251753,Medium priority,low CTR; weak average position,143.0,0.006993006993006993,26.153846153846153,1.0
4762,client_9958f0a7ae1df715,content_426c59b422c449fa,0.6350155190251753,Medium priority,low CTR; weak average position,142.0,0.007042253521126761,53.971830985915496,2.0
4763,client_2094c6eb080311d5,content_cfe0e08221244b9e,0.6350155190251753,Medium priority,low CTR,142.0,0.007042253521126761,5.711267605633803,2.0
4764,client_f623b01661d4bfe4,content_a49ef7548e3592e0,0.6350155190251753,Medium priority,low CTR; weak average position,142.0,0.02112676056338028,34.57746478873239,3.0
4765,client_9958f0a7ae1df715,content_e06d412160ee8f7d,0.6350155190251753,Medium priority,low CTR; weak average position,142.0,0.028169014084507043,18.485915492957748,3.0
4766,client_9958f0a7ae1df715,content_de8f2bb43c8fbd0c,0.6350155190251753,Medium priority,low CTR; weak average position,142.0,0.014084507042253521,13.232394366197184,1.0
4767,client_2094c6eb080311d5,content_fc904ba78a8ee494,0.6350155190251753,Medium priority,low CTR,142.0,0.007042253521126761,6.612676056338028,1.0
4768,client_0fa64a184f18a4a0,content_963ca82a5ea14a07,0.6350155190251753,Medium priority,low CTR; weak average position,142.0,0.007042253521126761,22.598591549295776,1.0
4769,client_9958f0a7ae1df715,content_ef8454f427a50594,0.6350155190251753,Medium priority,low CTR; weak average position,142.0,0.014084507042253521,10.492957746478874,8.0
4770,client_2094c6eb080311d5,content_2c8604020d695389,0.6350155190251753,Medium priority,low CTR,142.0,0.014084507042253521,8.23943661971831,4.0
4771,client_cd12bcfd98942aa1,content_97f6afb6b7ae8829,0.6350155190251753,Medium priority,low CTR,141.0,0.0070921985815602835,8.929078014184396,2.0
4772,client_2094c6eb080311d5,content_a4450e12b4a4e93e,0.6350155190251753,Medium priority,low CTR; weak average position,141.0,0.0070921985815602835,11.52482269503546,1.0
4773,client_3f0ce4d44fe94f3d,content_e3e19d5ab9d77760,0.6350155190251753,Medium priority,low CTR,141.0,0.0070921985815602835,5.283687943262412,1.0
4774,client_2094c6eb080311d5,content_16dc713628278346,0.6350155190251753,Medium priority,low CTR,141.0,0.014184397163120567,6.886524822695035,3.0
4775,client_9958f0a7ae1df715,content_8b8336753022e804,0.6350155190251753,Medium priority,low CTR; weak average position,141.0,0.014184397163120567,35.716312056737586,3.0
4776,client_2094c6eb080311d5,content_7705835f87c40fa1,0.6350155190251753,Medium priority,low CTR; weak average position,141.0,0.014184397163120567,13.312056737588652,2.0
4777,client_2094c6eb080311d5,content_98da6b639b003a7b,0.6350155190251753,Medium priority,low CTR,141.0,0.0070921985815602835,8.0,3.0
4778,client_3f0ce4d44fe94f3d,content_989505756875a837,0.6350155190251753,Medium priority,low CTR; weak average position,141.0,0.0070921985815602835,35.02127659574468,
4779,client_2094c6eb080311d5,content_04e3473c74438c83,0.6350155190251753,Medium priority,model-ranked signal combination,140.0,0.07857142857142857,2.85,15.0
4780,client_9958f0a7ae1df715,content_af87c37483537b8d,0.6350155190251753,Medium priority,low CTR,140.0,0.007142857142857143,9.3,1.0
4781,client_2094c6eb080311d5,content_5b2ac303dd33442a,0.6350155190251753,Medium priority,low CTR,140.0,0.007142857142857143,8.064285714285715,6.0
4782,client_2094c6eb080311d5,content_5c12dddbf3073912,0.6350155190251753,Medium priority,low CTR,140.0,0.007142857142857143,5.228571428571429,2.0
4783,client_2094c6eb080311d5,content_c275750cb94e8344,0.6350155190251753,Medium priority,low CTR,140.0,0.007142857142857143,7.05,2.0
4784,client_2094c6eb080311d5,content_30f5fd70664dc4e9,0.6350155190251753,Medium priority,low CTR; weak average position,140.0,0.02142857142857143,18.87857142857143,4.0
4785,client_2094c6eb080311d5,content_11314c1bc3a81cff,0.6350155190251753,Medium priority,low CTR; weak average position,139.0,0.007194244604316547,13.079136690647482,1.0
4786,client_9958f0a7ae1df715,content_d6b735aa8748842a,0.6350155190251753,Medium priority,low CTR; weak average position,139.0,0.007194244604316547,26.33812949640288,2.0
4787,client_3f0ce4d44fe94f3d,content_5e02062c9077e511,0.6350155190251753,Medium priority,low CTR,139.0,0.007194244604316547,7.856115107913669,2.0
4788,client_3f0ce4d44fe94f3d,content_9d8000efca0b24b4,0.6350155190251753,Medium priority,low CTR,139.0,0.014388489208633094,0.8345323741007195,
4789,client_2094c6eb080311d5,content_a84bc66c592db7eb,0.6350155190251753,Medium priority,low CTR,139.0,0.007194244604316547,7.482014388489208,
4790,client_9958f0a7ae1df715,content_cdb1576f6657d080,0.6350155190251753,Medium priority,low CTR; weak average position,139.0,0.007194244604316547,52.805755395683455,1.0
4791,client_2094c6eb080311d5,content_0e16d1a3b741df2f,0.6350155190251753,Medium priority,low CTR,138.0,0.007246376811594203,4.420289855072464,3.0
4792,client_2094c6eb080311d5,content_37ee4913edae8d48,0.6350155190251753,Medium priority,low CTR,138.0,0.036231884057971016,5.550724637681159,10.0
4793,client_3f0ce4d44fe94f3d,content_6f1e62e33dc99ace,0.6350155190251753,Medium priority,low CTR,138.0,0.014492753623188406,6.695652173913044,2.0
4794,client_2094c6eb080311d5,content_7afb8c302dee62c0,0.6350155190251753,Medium priority,low CTR,138.0,0.007246376811594203,6.956521739130435,1.0
4795,client_2094c6eb080311d5,content_e5043844b308faeb,0.6350155190251753,Medium priority,low CTR; weak average position,137.0,0.0072992700729927005,51.306569343065696,1.0
4796,client_cd12bcfd98942aa1,content_0e897cf3c393ee08,0.6350155190251753,Medium priority,low CTR,137.0,0.0072992700729927005,9.021897810218977,2.0
4797,client_9958f0a7ae1df715,content_7a911ef357c23f14,0.6350155190251753,Medium priority,low CTR; weak average position,137.0,0.0072992700729927005,20.83211678832117,3.0
4798,client_2094c6eb080311d5,content_6264e8d216508596,0.6350155190251753,Medium priority,low CTR,137.0,0.021897810218978103,7.036496350364963,2.0
4799,client_2094c6eb080311d5,content_e078b06877a3db4e,0.6350155190251753,Medium priority,low CTR; weak average position,137.0,0.0072992700729927005,17.343065693430656,1.0
4800,client_2094c6eb080311d5,content_0d926b715aa2df39,0.6350155190251753,Medium priority,low CTR,137.0,0.0072992700729927005,6.2773722627737225,2.0
4801,client_2094c6eb080311d5,content_6a004d37b080f993,0.6350155190251753,Medium priority,low CTR; weak average position,137.0,0.014598540145985401,18.0,1.0
4802,client_9958f0a7ae1df715,content_d002aeb55eb1e757,0.5283149171270718,Lower priority,low CTR; high impressions,4282.0,0.0009341429238673517,6.8423633815973846,7.0
4803,client_3f0ce4d44fe94f3d,content_111332cadc220e6e,0.5283149171270718,Lower priority,low CTR; high impressions,4262.0,0.0007038948850305022,6.1123885499765365,3.0
4804,client_3f0ce4d44fe94f3d,content_1f0683b522f7b916,0.5283149171270718,Lower priority,low CTR; high impressions,4169.0,0.0007195970256656273,5.7517390261453585,4.0
4805,client_3f0ce4d44fe94f3d,content_0c1e064f55f2fb81,0.5283149171270718,Lower priority,low CTR; high impressions,4066.0,0.0007378258730939498,6.239301524840138,4.0
4806,client_0fa64a184f18a4a0,content_3a81e12cf0342a02,0.5283149171270718,Lower priority,low CTR; high impressions,4014.0,0.0007473841554559044,2.046836073741903,3.0
4807,client_3f0ce4d44fe94f3d,content_cd9b84e04267a640,0.5283149171270718,Lower priority,low CTR; high impressions,3962.0,0.000757193336698637,4.30540131246845,3.0
4808,client_3f0ce4d44fe94f3d,content_ced95face0e0b84f,0.5283149171270718,Lower priority,low CTR; high impressions,3909.0,0.0005116398055768739,9.433103095420824,1.0
4809,client_3f0ce4d44fe94f3d,content_63a82768843315a2,0.5283149171270718,Lower priority,low CTR; high impressions,3729.0,0.0008045052292839903,6.319120407615983,1.0
4810,client_9958f0a7ae1df715,content_9dccddc24432e76a,0.5283149171270718,Lower priority,low CTR; high impressions,3725.0,0.0008053691275167785,8.906845637583892,9.0
4811,client_9958f0a7ae1df715,content_e20c1dbe7aa007c8,0.5283149171270718,Lower priority,low CTR; high impressions,3685.0,0.0008141112618724559,6.6645861601085485,14.0
4812,client_3f0ce4d44fe94f3d,content_6a709121fecd3546,0.5283149171270718,Lower priority,low CTR; high impressions,3623.0,0.0011040574109853713,4.514490753519183,1.0
4813,client_3f0ce4d44fe94f3d,content_f98a0073e3f8037c,0.5283149171270718,Lower priority,low CTR; high impressions,3569.0,0.0008405715886803026,4.310731297282151,2.0
4814,client_3f0ce4d44fe94f3d,content_3f04a62b092c9f8e,0.5283149171270718,Lower priority,low CTR; high impressions,3565.0,0.0008415147265077139,4.596914446002805,
4815,client_9958f0a7ae1df715,content_69da140e827364c6,0.5283149171270718,Lower priority,low CTR; high impressions,3518.0,0.0011370096645821489,7.089255258669699,7.0
4816,client_3f0ce4d44fe94f3d,content_baf0b0018f844885,0.5283149171270718,Lower priority,low CTR; high impressions,3488.0,0.0008600917431192661,1.201834862385321,2.0
4817,client_0fa64a184f18a4a0,content_8c099fa4152ced12,0.5283149171270718,Lower priority,low CTR; high impressions,3463.0,0.0008663008951775916,3.4750216575223796,3.0
4818,client_3f0ce4d44fe94f3d,content_62e63e11ae6428e2,0.5283149171270718,Lower priority,low CTR; high impressions,3400.0,0.0008823529411764706,4.609411764705882,4.0
4819,client_9958f0a7ae1df715,content_6edb421d967970be,0.5283149171270718,Lower priority,low CTR; high impressions,3358.0,0.0005955926146515784,7.407980941036331,6.0
4820,client_3f0ce4d44fe94f3d,content_d0c1810bc7a536f9,0.5283149171270718,Lower priority,low CTR; high impressions,3358.0,0.0005955926146515784,3.312388326384753,2.0
4821,client_3f0ce4d44fe94f3d,content_70e84219ce12ab90,0.5283149171270718,Lower priority,low CTR; high impressions; weak average position,3344.0,0.0005980861244019139,11.653708133971293,2.0
4822,client_3f0ce4d44fe94f3d,content_e2498275825e0d6a,0.5283149171270718,Lower priority,low CTR; high impressions,3220.0,0.0009316770186335404,5.323291925465838,3.0
4823,client_3f0ce4d44fe94f3d,content_2e37ed114c48b357,0.5283149171270718,Lower priority,low CTR; high impressions,3106.0,0.0009658725048293626,4.653251770766259,2.0
4824,client_9958f0a7ae1df715,content_43acdf67188c4f86,0.5283149171270718,Lower priority,low CTR; high impressions,3020.0,0.0006622516556291391,7.32317880794702,9.0
4825,client_3f0ce4d44fe94f3d,content_fbac6472e97c10b3,0.5283149171270718,Lower priority,low CTR; high impressions,2948.0,0.0010176390773405698,7.55427408412483,
4826,client_f623b01661d4bfe4,content_4ae3607e3e51b9ba,0.5283149171270718,Lower priority,low CTR; high impressions; weak average position,2930.0,0.0010238907849829352,56.12389078498293,2.0
4827,client_9958f0a7ae1df715,content_8bea9167e438fad6,0.5283149171270718,Lower priority,low CTR; high impressions,2893.0,0.000691323885240235,7.983062564811614,4.0
4828,client_3f0ce4d44fe94f3d,content_ab8f5fff84a1b794,0.5283149171270718,Lower priority,low CTR; high impressions,2883.0,0.000693721817551162,3.1238293444328824,
4829,client_3f0ce4d44fe94f3d,content_deed381895d97b84,0.5283149171270718,Lower priority,low CTR; high impressions,2830.0,0.0010600706713780918,7.495406360424028,3.0
4830,client_3f0ce4d44fe94f3d,content_bacd61233e8ef693,0.5283149171270718,Lower priority,low CTR; high impressions,2825.0,0.0010619469026548673,4.382654867256637,
4831,client_3f0ce4d44fe94f3d,content_d1b6892e49e784dc,0.5283149171270718,Lower priority,low CTR; high impressions,2811.0,0.0010672358591248667,4.264674493062967,4.0
4832,client_9958f0a7ae1df715,content_646653475082a415,0.5283149171270718,Lower priority,low CTR; high impressions,2800.0,0.0010714285714285715,8.469285714285714,4.0
4833,client_3f0ce4d44fe94f3d,content_185bee95eb3e56c5,0.5283149171270718,Lower priority,low CTR; high impressions; weak average position,2797.0,0.0007150518412584912,14.375402216660708,
4834,client_3f0ce4d44fe94f3d,content_0dd556c1e4a7094e,0.5283149171270718,Lower priority,low CTR; high impressions,2787.0,0.001076426264800861,4.199138858988159,1.0
4835,client_9958f0a7ae1df715,content_0abdc47d7138dd42,0.5283149171270718,Lower priority,low CTR; high impressions,2762.0,0.000724112961622013,7.946415640839971,16.0
4836,client_3f0ce4d44fe94f3d,content_6e949342624a99bd,0.5283149171270718,Lower priority,low CTR; high impressions; weak average position,2744.0,0.0007288629737609329,12.05430029154519,1.0
4837,client_3f0ce4d44fe94f3d,content_ce4633ab8004f792,0.5283149171270718,Lower priority,low CTR; high impressions,2741.0,0.0010944910616563297,8.074060561838746,2.0
4838,client_3f0ce4d44fe94f3d,content_356723e9a5cfdfdb,0.5283149171270718,Lower priority,low CTR; high impressions,2740.0,0.00072992700729927,4.559124087591241,3.0
4839,client_9958f0a7ae1df715,content_01c9c586962dff82,0.5283149171270718,Lower priority,low CTR; high impressions,2720.0,0.0011029411764705882,8.167279411764707,7.0
4840,client_3f0ce4d44fe94f3d,content_2ccb4b87b1f52ecf,0.5283149171270718,Lower priority,low CTR; high impressions,2705.0,0.0007393715341959334,8.079482439926062,2.0
4841,client_3f0ce4d44fe94f3d,content_b26cbac0056cdf66,0.5283149171270718,Lower priority,low CTR; high impressions; weak average position,2485.0,0.0008048289738430583,11.624144869215291,1.0
4842,client_3f0ce4d44fe94f3d,content_b1672e443627ffe9,0.5283149171270718,Lower priority,low CTR; high impressions,2480.0,0.0008064516129032258,4.109274193548387,1.0
4843,client_3f0ce4d44fe94f3d,content_7f8c54b0f917ac69,0.5283149171270718,Lower priority,low CTR; high impressions,2441.0,0.0008193363375665711,4.922163047931176,2.0
4844,client_3f0ce4d44fe94f3d,content_b4fa72c8398c5481,0.5283149171270718,Lower priority,low CTR; high impressions; weak average position,2367.0,0.0008449514152936206,12.407689057879171,1.0
4845,client_9958f0a7ae1df715,content_a03eecc6d436d9eb,0.5283149171270718,Lower priority,low CTR; high impressions,2362.0,0.000846740050804403,6.796782387806943,5.0
4846,client_3f0ce4d44fe94f3d,content_d9cd5635e0266653,0.5283149171270718,Lower priority,low CTR; high impressions,2348.0,0.0008517887563884157,7.546422487223168,4.0
4847,client_f623b01661d4bfe4,content_0ef92dd8ea773a64,0.5283149171270718,Lower priority,low CTR; high impressions; weak average position,2321.0,0.0008616975441619991,71.90995260663507,3.0
4848,client_3f0ce4d44fe94f3d,content_89c9f268d518d55d,0.5283149171270718,Lower priority,low CTR; high impressions,2263.0,0.0008837825894829872,4.665046398585948,
4849,client_0fa64a184f18a4a0,content_ccb364f88a8824fe,0.5283149171270718,Lower priority,low CTR; high impressions,2249.0,0.0008892841262783459,0.5117830146731881,2.0
4850,client_3f0ce4d44fe94f3d,content_7a4cf45cd1a58d0b,0.5283149171270718,Lower priority,low CTR; high impressions,2236.0,0.0008944543828264759,6.994633273703041,1.0
4851,client_3f0ce4d44fe94f3d,content_5a8eee6ec88b1dcf,0.5283149171270718,Lower priority,low CTR; high impressions,2219.0,0.0009013068949977468,5.214511041009464,2.0
4852,client_2094c6eb080311d5,content_f455592a451e8094,0.5283149171270718,Lower priority,low CTR; high impressions,2216.0,0.0009025270758122744,5.657942238267148,10.0
4853,client_0fa64a184f18a4a0,content_e73395b3dd87cf47,0.5283149171270718,Lower priority,low CTR; high impressions,2192.0,0.0009124087591240876,4.543795620437956,1.0
4854,client_3f0ce4d44fe94f3d,content_62f8b75e558a7439,0.5283149171270718,Lower priority,low CTR; high impressions,2190.0,0.0009132420091324201,4.765753424657534,1.0
4855,client_3f0ce4d44fe94f3d,content_d47568e02e5cb6f1,0.5283149171270718,Lower priority,low CTR; high impressions,2183.0,0.0009161704076958314,7.267521759047183,4.0
4856,client_3f0ce4d44fe94f3d,content_2cc060c27bd9588b,0.5283149171270718,Lower priority,low CTR; high impressions,2152.0,0.0009293680297397769,1.8364312267657992,2.0
4857,client_9958f0a7ae1df715,content_5b7b4641f3f075bf,0.5283149171270718,Lower priority,low CTR; high impressions; weak average position,2149.0,0.0009306654257794323,11.125639832480223,4.0
4858,client_3f0ce4d44fe94f3d,content_1b640717c4cca2a0,0.5283149171270718,Lower priority,low CTR; high impressions,2141.0,0.0009341429238673517,3.7673984119570294,1.0
4859,client_2094c6eb080311d5,content_9acbeffee7e6a404,0.5283149171270718,Lower priority,low CTR; high impressions,2125.0,0.0009411764705882353,8.759529411764706,6.0
4860,client_3f0ce4d44fe94f3d,content_57dded03c27e9353,0.5283149171270718,Lower priority,low CTR; high impressions,2119.0,0.0009438414346389807,6.122699386503068,2.0
4861,client_2094c6eb080311d5,content_a26ed06847ff73e4,0.5283149171270718,Lower priority,low CTR; high impressions,2090.0,0.0009569377990430622,7.3578947368421055,10.0
4862,client_3f0ce4d44fe94f3d,content_b5c82cf6e30a6fd3,0.5283149171270718,Lower priority,low CTR; high impressions,2057.0,0.0009722897423432182,5.111327175498299,1.0
4863,client_3f0ce4d44fe94f3d,content_52256950b555a02d,0.5283149171270718,Lower priority,low CTR; high impressions,2041.0,0.0009799118079372856,7.421852033317001,1.0
4864,client_3f0ce4d44fe94f3d,content_0f828883a3929fe7,0.5283149171270718,Lower priority,low CTR; high impressions; weak average position,2019.0,0.0009905894006934125,31.105497771173848,
4865,client_9958f0a7ae1df715,content_98193fbb14c3722f,0.5283149171270718,Lower priority,low CTR; high impressions; weak average position,2009.0,0.0009955201592832255,15.0,21.0
4866,client_3f0ce4d44fe94f3d,content_79f7cb8ba334b9fe,0.5283149171270718,Lower priority,low CTR; high impressions; weak average position,1961.0,0.0010198878123406426,12.74655787863335,2.0
4867,client_9958f0a7ae1df715,content_43e2f39f8ecdf102,0.5283149171270718,Lower priority,low CTR; high impressions,1960.0,0.0005102040816326531,8.05204081632653,4.0
4868,client_3f0ce4d44fe94f3d,content_ae103f3caa24b772,0.5283149171270718,Lower priority,low CTR; high impressions; weak average position,1957.0,0.000510986203372509,12.597342871742462,
4869,client_3f0ce4d44fe94f3d,content_9b1d4d6b1ee35a41,0.5283149171270718,Lower priority,low CTR; high impressions,1957.0,0.001021972406745018,9.833418497700562,2.0
4870,client_3f0ce4d44fe94f3d,content_3af3614e0cdfc951,0.5283149171270718,Lower priority,low CTR; high impressions,1937.0,0.0005162622612287042,3.895715023231802,1.0
4871,client_3f0ce4d44fe94f3d,content_13c61285cbe4df25,0.5283149171270718,Lower priority,low CTR; high impressions; weak average position,1932.0,0.0005175983436853002,15.830227743271221,2.0
4872,client_9958f0a7ae1df715,content_6587dd3c3ffe3e72,0.5283149171270718,Lower priority,low CTR; high impressions; weak average position,1916.0,0.0005219206680584551,15.155010438413361,
4873,client_0fa64a184f18a4a0,content_ce70cacbde9d1974,0.5283149171270718,Lower priority,low CTR; high impressions; weak average position,1915.0,0.0005221932114882506,30.08668407310705,1.0
4874,client_3f0ce4d44fe94f3d,content_b95817bac4e525af,0.5283149171270718,Lower priority,low CTR; high impressions,1913.0,0.0005227391531625719,6.703084161003659,1.0
4875,client_3f0ce4d44fe94f3d,content_7aa3ba1046711fd7,0.5283149171270718,Lower priority,low CTR; high impressions,1905.0,0.0010498687664041995,3.2083989501312336,3.0
4876,client_f623b01661d4bfe4,content_135034d8a575f79f,0.5283149171270718,Lower priority,low CTR; high impressions; weak average position,1902.0,0.0005257623554153522,79.1813880126183,1.0
4877,client_2094c6eb080311d5,content_53da017def66d2d4,0.5283149171270718,Lower priority,low CTR; high impressions; weak average position,1899.0,0.00105318588730911,13.639810426540285,2.0
4878,client_2094c6eb080311d5,content_e486f55b93e8202f,0.5283149171270718,Lower priority,low CTR; high impressions,1886.0,0.0010604453870625664,5.7083775185577945,9.0
4879,client_2094c6eb080311d5,content_f23c327d90ec0f05,0.5283149171270718,Lower priority,low CTR; high impressions,1870.0,0.0005347593582887701,7.962566844919786,2.0
4880,client_3f0ce4d44fe94f3d,content_86ecae11f568de60,0.5283149171270718,Lower priority,low CTR; high impressions,1852.0,0.0005399568034557236,7.360151187904967,
4881,client_3f0ce4d44fe94f3d,content_8d0e38482e5e210d,0.5283149171270718,Lower priority,low CTR; high impressions; weak average position,1845.0,0.001084010840108401,17.460704607046072,1.0
4882,client_3f0ce4d44fe94f3d,content_3ea46bbf6b24e896,0.5283149171270718,Lower priority,low CTR; high impressions; weak average position,1835.0,0.0005449591280653951,12.78692098092643,
4883,client_0fa64a184f18a4a0,content_1ab94e8f63ced138,0.5283149171270718,Lower priority,low CTR; high impressions,1829.0,0.0005467468562055768,7.973756150902132,2.0
4884,client_3f0ce4d44fe94f3d,content_ea76c972bbb78f9e,0.5283149171270718,Lower priority,low CTR; high impressions,1817.0,0.000550357732526142,5.665382498624106,4.0
4885,client_0fa64a184f18a4a0,content_04875f00881d45ed,0.5283149171270718,Lower priority,low CTR; high impressions,1816.0,0.0011013215859030838,4.0732378854625555,1.0
4886,client_3f0ce4d44fe94f3d,content_d23ad3be5b4de77d,0.5283149171270718,Lower priority,low CTR; high impressions; weak average position,1816.0,0.0011013215859030838,11.144823788546255,1.0
4887,client_3f0ce4d44fe94f3d,content_8ae7112c7a62c163,0.5283149171270718,Lower priority,low CTR; high impressions,1798.0,0.0011123470522803114,7.736373748609566,
4888,client_3f0ce4d44fe94f3d,content_f4cb8c7f723662b2,0.5283149171270718,Lower priority,low CTR; high impressions,1793.0,0.0011154489682097045,6.137200223089794,1.0
4889,client_3f0ce4d44fe94f3d,content_ce7406d083f2ca07,0.5283149171270718,Lower priority,low CTR; high impressions,1759.0,0.0011370096645821489,8.648664013644115,1.0
4890,client_2094c6eb080311d5,content_06c32028d5121547,0.5283149171270718,Lower priority,low CTR; high impressions,1759.0,0.0011370096645821489,4.471290505969301,12.0
4891,client_3f0ce4d44fe94f3d,content_60b51f96b2bc43a6,0.5283149171270718,Lower priority,low CTR; high impressions,1756.0,0.0011389521640091116,9.555808656036447,2.0
4892,client_2094c6eb080311d5,content_05ba23f9dad05f2b,0.5283149171270718,Lower priority,low CTR; high impressions,1754.0,0.0005701254275940707,7.361459521094641,5.0
4893,client_3f0ce4d44fe94f3d,content_69a9371650ae1cd7,0.5283149171270718,Lower priority,low CTR; high impressions,1732.0,0.0005773672055427252,6.356812933025404,
4894,client_3f0ce4d44fe94f3d,content_2e9b08b18117711f,0.5283149171270718,Lower priority,low CTR; high impressions,1717.0,0.0005824111822947001,5.347117064647641,1.0
4895,client_9958f0a7ae1df715,content_f30d32b8f52f75dd,0.5283149171270718,Lower priority,low CTR; high impressions,1703.0,0.0005871990604815032,9.813270698766882,5.0
4896,client_3f0ce4d44fe94f3d,content_f82b9ee425dd9bcd,0.5283149171270718,Lower priority,low CTR; high impressions,1684.0,0.0005938242280285036,5.039192399049881,
4897,client_2094c6eb080311d5,content_3850c5de59a7d285,0.5283149171270718,Lower priority,low CTR; high impressions,1681.0,0.000594883997620464,5.903628792385485,4.0
4898,client_3f0ce4d44fe94f3d,content_8e713b03f2d8ecaa,0.5283149171270718,Lower priority,low CTR; high impressions,1680.0,0.0005952380952380953,5.644642857142857,
4899,client_3f0ce4d44fe94f3d,content_be3c2b5e7ae93577,0.5283149171270718,Lower priority,low CTR; high impressions,1627.0,0.0006146281499692685,8.737553779963122,3.0
4900,client_0fa64a184f18a4a0,content_7cf62a4e6e74253d,0.5283149171270718,Lower priority,low CTR; high impressions; weak average position,1624.0,0.0006157635467980296,30.89347290640394,2.0
4901,client_3f0ce4d44fe94f3d,content_ea84535e01af3622,0.5283149171270718,Lower priority,low CTR; high impressions,1599.0,0.0006253908692933083,7.043151969981238,1.0
4902,client_3f0ce4d44fe94f3d,content_a8e1304a6cc7cd43,0.5283149171270718,Lower priority,low CTR; high impressions,1585.0,0.0006309148264984228,4.252365930599369,
4903,client_0fa64a184f18a4a0,content_618d668bc1cdc65a,0.5283149171270718,Lower priority,low CTR; high impressions,1560.0,0.000641025641025641,1.339102564102564,2.0
4904,client_3f0ce4d44fe94f3d,content_a9ccd3e345b7c853,0.5283149171270718,Lower priority,low CTR; high impressions; weak average position,1556.0,0.0006426735218508997,12.641388174807197,3.0
4905,client_9958f0a7ae1df715,content_b516da7950088e94,0.5283149171270718,Lower priority,low CTR; high impressions; weak average position,1552.0,0.0006443298969072165,14.962628865979381,1.0
4906,client_0fa64a184f18a4a0,content_439aa0bfa8cf07f4,0.5283149171270718,Lower priority,low CTR; high impressions; weak average position,1548.0,0.0006459948320413437,10.614341085271318,2.0
4907,client_3f0ce4d44fe94f3d,content_de1e390ee72dcdd4,0.5283149171270718,Lower priority,low CTR; high impressions,1542.0,0.0006485084306095979,9.352788586251622,1.0
4908,client_3f0ce4d44fe94f3d,content_86fd2a1f8182f02c,0.5283149171270718,Lower priority,low CTR; high impressions,1531.0,0.0006531678641410843,5.868060091443501,
4909,client_3f0ce4d44fe94f3d,content_4c8722a349ed5ff2,0.5283149171270718,Lower priority,low CTR; high impressions,1527.0,0.0006548788474132286,4.124426981008513,
4910,client_3f0ce4d44fe94f3d,content_627453b5ca14ca2a,0.5283149171270718,Lower priority,low CTR; high impressions,1505.0,0.000664451827242525,6.771428571428571,1.0
4911,client_3f0ce4d44fe94f3d,content_051dffa67c2ba576,0.5283149171270718,Lower priority,low CTR; high impressions; weak average position,1500.0,0.0006666666666666666,12.866666666666667,
4912,client_3f0ce4d44fe94f3d,content_d3da6b44a1dd7770,0.5283149171270718,Lower priority,low CTR; high impressions; weak average position,1499.0,0.00066711140760507,17.936624416277517,1.0
4913,client_3f0ce4d44fe94f3d,content_cfb49de82155a06b,0.5283149171270718,Lower priority,low CTR; high impressions,1484.0,0.0006738544474393531,9.18800539083558,1.0
4914,client_3f0ce4d44fe94f3d,content_646b1386a69400a9,0.5283149171270718,Lower priority,low CTR; high impressions,1484.0,0.0006738544474393531,4.665768194070081,1.0
4915,client_0fa64a184f18a4a0,content_279000c65b67f445,0.5283149171270718,Lower priority,low CTR; high impressions,1476.0,0.0006775067750677507,6.81639566395664,2.0
4916,client_2094c6eb080311d5,content_94e8125ca0af408c,0.5283149171270718,Lower priority,low CTR; high impressions,1419.0,0.0007047216349541931,5.618040873854827,7.0
4917,client_3f0ce4d44fe94f3d,content_71f2a75868be73ae,0.5283149171270718,Lower priority,low CTR; high impressions,1412.0,0.000708215297450425,2.9596317280453257,1.0
4918,client_2094c6eb080311d5,content_39b3dd0ecb98831d,0.5283149171270718,Lower priority,low CTR; high impressions,1382.0,0.000723589001447178,9.027496382054993,4.0
4919,client_3f0ce4d44fe94f3d,content_076d6d6d2ccb3388,0.5283149171270718,Lower priority,low CTR; high impressions,1381.0,0.000724112961622013,5.44605358435916,1.0
4920,client_2094c6eb080311d5,content_c11e2e9bbbebfb4b,0.5283149171270718,Lower priority,low CTR; high impressions; weak average position,1380.0,0.0007246376811594203,12.18768115942029,15.0
4921,client_3f0ce4d44fe94f3d,content_4b791af29139fa30,0.5283149171270718,Lower priority,low CTR; high impressions,1375.0,0.0007272727272727272,6.842181818181818,
4922,client_3f0ce4d44fe94f3d,content_bac136f23d7517e5,0.5283149171270718,Lower priority,low CTR; high impressions,1375.0,0.0007272727272727272,5.580363636363637,
4923,client_3f0ce4d44fe94f3d,content_783e66e6786d975f,0.5283149171270718,Lower priority,low CTR; high impressions; weak average position,1363.0,0.0007336757153338225,11.15553925165077,
4924,client_3f0ce4d44fe94f3d,content_581d298290d06aa9,0.5283149171270718,Lower priority,low CTR; high impressions,1361.0,0.0007347538574577516,6.0330639235855985,
4925,client_3f0ce4d44fe94f3d,content_ead8a90cf992223b,0.5283149171270718,Lower priority,low CTR; high impressions,1343.0,0.0007446016381236039,5.582278481012659,3.0
4926,client_0fa64a184f18a4a0,content_667f5dfc446b591c,0.5283149171270718,Lower priority,low CTR; high impressions,1336.0,0.0007485029940119761,1.6399700598802396,2.0
4927,client_2094c6eb080311d5,content_33a65348a94078b3,0.5283149171270718,Lower priority,low CTR; high impressions; weak average position,1328.0,0.0007530120481927711,17.587349397590362,12.0
4928,client_9958f0a7ae1df715,content_74951a4336050a17,0.5283149171270718,Lower priority,low CTR; high impressions,1328.0,0.0007530120481927711,8.642319277108435,4.0
4929,client_2094c6eb080311d5,content_474a26efde71033c,0.5283149171270718,Lower priority,low CTR; high impressions,1324.0,0.0007552870090634441,6.890483383685801,7.0
4930,client_9958f0a7ae1df715,content_2ea99f5a2dee8338,0.5283149171270718,Lower priority,low CTR; high impressions; weak average position,1318.0,0.0007587253414264037,11.009863429438543,5.0
4931,client_3f0ce4d44fe94f3d,content_01a313e966eb89cc,0.5283149171270718,Lower priority,low CTR; high impressions,1310.0,0.0007633587786259542,4.125954198473282,1.0
4932,client_3f0ce4d44fe94f3d,content_8965b6d193327b1b,0.5283149171270718,Lower priority,low CTR; high impressions; weak average position,1305.0,0.0007662835249042146,10.893486590038314,
4933,client_3f0ce4d44fe94f3d,content_f1ebe099cfe3a3ab,0.5283149171270718,Lower priority,low CTR; high impressions,1298.0,0.0007704160246533128,2.319722650231125,1.0
4934,client_3f0ce4d44fe94f3d,content_448db8248eed87bf,0.5283149171270718,Lower priority,low CTR; high impressions,1296.0,0.0007716049382716049,4.096450617283951,
4935,client_3f0ce4d44fe94f3d,content_3cc3923b4a5e4c41,0.5283149171270718,Lower priority,low CTR; high impressions,1293.0,0.0007733952049497294,5.505800464037123,1.0
4936,client_2094c6eb080311d5,content_602cc049d4f4cdc1,0.5283149171270718,Lower priority,low CTR; high impressions,1291.0,0.000774593338497289,6.956622773044152,3.0
4937,client_3f0ce4d44fe94f3d,content_b7473dc8522b8617,0.5283149171270718,Lower priority,low CTR; high impressions,1291.0,0.000774593338497289,7.484895429899303,1.0
4938,client_3f0ce4d44fe94f3d,content_1ac2b64e80d363b2,0.5283149171270718,Lower priority,low CTR; high impressions,1289.0,0.0007757951900698216,4.924747866563227,
4939,client_3f0ce4d44fe94f3d,content_0e83cbaa09c88c30,0.5283149171270718,Lower priority,low CTR; high impressions,1265.0,0.0007905138339920949,2.784189723320158,2.0
4940,client_9958f0a7ae1df715,content_c06443bb1f854a32,0.5283149171270718,Lower priority,low CTR; high impressions; weak average position,1261.0,0.0007930214115781126,28.05392545598731,6.0
4941,client_3f0ce4d44fe94f3d,content_5f913298aadbbabd,0.5283149171270718,Lower priority,low CTR; high impressions,1258.0,0.000794912559618442,5.290143084260731,1.0
4942,client_3f0ce4d44fe94f3d,content_e71130e2fab82241,0.5283149171270718,Lower priority,low CTR; high impressions,1248.0,0.0008012820512820513,9.284455128205128,2.0
4943,client_3f0ce4d44fe94f3d,content_df00f022a9189f30,0.5283149171270718,Lower priority,low CTR; high impressions; weak average position,1240.0,0.0008064516129032258,23.183870967741935,1.0
4944,client_3f0ce4d44fe94f3d,content_cb186a46c4e6c860,0.5283149171270718,Lower priority,low CTR; high impressions,1236.0,0.0008090614886731392,4.691747572815534,2.0
4945,client_0fa64a184f18a4a0,content_e83a20bb900ee360,0.5283149171270718,Lower priority,low CTR; high impressions; weak average position,1214.0,0.0008237232289950577,18.073311367380562,1.0
4946,client_3f0ce4d44fe94f3d,content_cddf79472e96a65d,0.5283149171270718,Lower priority,low CTR; high impressions,1201.0,0.0008326394671107411,3.4970857618651126,1.0
4947,client_3f0ce4d44fe94f3d,content_26eca92756d3bed4,0.5283149171270718,Lower priority,low CTR; high impressions,1200.0,0.0008333333333333334,3.9608333333333334,1.0
4948,client_2094c6eb080311d5,content_1b0177ef41ea2300,0.5283149171270718,Lower priority,low CTR; high impressions; weak average position,1199.0,0.0008340283569641367,35.653878231859885,6.0
4949,client_3f0ce4d44fe94f3d,content_08d9563c9db45ee9,0.5283149171270718,Lower priority,low CTR; high impressions; weak average position,1178.0,0.0008488964346349745,16.765704584040748,
4950,client_0fa64a184f18a4a0,content_adfa7d424194722d,0.5283149171270718,Lower priority,low CTR; high impressions,1171.0,0.0008539709649871904,1.362937660119556,1.0
4951,client_3f0ce4d44fe94f3d,content_4e79d843ed00c90b,0.5283149171270718,Lower priority,low CTR; high impressions,1168.0,0.0008561643835616438,6.5034246575342465,1.0
4952,client_3f0ce4d44fe94f3d,content_ff0b9c40f6c29435,0.5283149171270718,Lower priority,low CTR; high impressions; weak average position,1168.0,0.0008561643835616438,10.319349315068493,1.0
4953,client_3f0ce4d44fe94f3d,content_930e4a90316cc59c,0.5283149171270718,Lower priority,low CTR; high impressions; weak average position,1167.0,0.000856898029134533,12.18337617823479,1.0
4954,client_2094c6eb080311d5,content_7966651dfb81152d,0.5283149171270718,Lower priority,low CTR; high impressions,1164.0,0.000859106529209622,8.280068728522338,14.0
4955,client_2094c6eb080311d5,content_8866cde0f1b9ef5e,0.5283149171270718,Lower priority,low CTR; high impressions,1162.0,0.0008605851979345956,8.654905335628227,11.0
4956,client_f623b01661d4bfe4,content_5b7a3ed9ea1fad9a,0.5283149171270718,Lower priority,low CTR; high impressions; weak average position,1146.0,0.0008726003490401396,26.024432809773124,
4957,client_3f0ce4d44fe94f3d,content_7464c9670c44a76f,0.5283149171270718,Lower priority,low CTR; high impressions; weak average position,1140.0,0.0008771929824561404,12.987719298245613,1.0
4958,client_3f0ce4d44fe94f3d,content_972c79c16bdedf79,0.5283149171270718,Lower priority,low CTR; high impressions,1134.0,0.0008818342151675485,7.446208112874779,1.0
4959,client_3f0ce4d44fe94f3d,content_a965bf0275067809,0.5283149171270718,Lower priority,low CTR; high impressions; weak average position,1133.0,0.00088261253309797,10.315975286849072,1.0
4960,client_3f0ce4d44fe94f3d,content_81602705193bb997,0.5283149171270718,Lower priority,low CTR; high impressions,1126.0,0.0008880994671403197,8.468028419182948,2.0
4961,client_9958f0a7ae1df715,content_4f44f85e3517680e,0.5283149171270718,Lower priority,low CTR; high impressions,1124.0,0.0008896797153024911,6.4012455516014235,1.0
4962,client_9958f0a7ae1df715,content_14de8e3538fafb02,0.5283149171270718,Lower priority,low CTR; high impressions; weak average position,1124.0,0.0008896797153024911,31.11120996441281,2.0
4963,client_9958f0a7ae1df715,content_81c33c09f65a2d2c,0.5283149171270718,Lower priority,low CTR; high impressions,1111.0,0.0009000900090009,8.2007200720072,4.0
4964,client_0fa64a184f18a4a0,content_f6d6ed44f4da64d8,0.5283149171270718,Lower priority,low CTR; high impressions,1111.0,0.0009000900090009,2.1647164716471647,1.0
4965,client_3f0ce4d44fe94f3d,content_1319445f6a29242f,0.5283149171270718,Lower priority,low CTR; high impressions; weak average position,1107.0,0.0009033423667570009,10.09304426377597,
4966,client_3f0ce4d44fe94f3d,content_bb36b4cf21a4a7f7,0.5283149171270718,Lower priority,low CTR; high impressions; weak average position,1105.0,0.0009049773755656109,23.51764705882353,1.0
4967,client_3f0ce4d44fe94f3d,content_eed682fac6a64531,0.5283149171270718,Lower priority,low CTR; high impressions; weak average position,1100.0,0.0009090909090909091,15.930909090909092,1.0
4968,client_3f0ce4d44fe94f3d,content_6bbff7047dd12eb4,0.5283149171270718,Lower priority,low CTR; high impressions; weak average position,1098.0,0.0009107468123861566,23.48816029143898,1.0
4969,client_3f0ce4d44fe94f3d,content_1846e0e61633ada6,0.5283149171270718,Lower priority,low CTR; high impressions,1091.0,0.0009165902841429881,3.8826764436296974,1.0
4970,client_3f0ce4d44fe94f3d,content_69f9205fa97f17d7,0.5283149171270718,Lower priority,low CTR; high impressions,1084.0,0.0009225092250922509,3.300738007380074,1.0
4971,client_3f0ce4d44fe94f3d,content_841d6cfeae77bba2,0.5283149171270718,Lower priority,low CTR; high impressions; weak average position,1070.0,0.0009345794392523365,12.925233644859814,1.0
4972,client_3f0ce4d44fe94f3d,content_6b13ff7d2f94739a,0.5283149171270718,Lower priority,low CTR; high impressions; weak average position,1070.0,0.0009345794392523365,19.498130841121494,1.0
4973,client_2094c6eb080311d5,content_4a5d49fa395383af,0.5283149171270718,Lower priority,low CTR; high impressions,1069.0,0.0009354536950420954,7.575304022450888,1.0
4974,client_f623b01661d4bfe4,content_e74829c9aa8d338d,0.5283149171270718,Lower priority,low CTR; high impressions; weak average position,1067.0,0.0009372071227741331,67.53045923149016,5.0
4975,client_9958f0a7ae1df715,content_46f188a139988b81,0.5283149171270718,Lower priority,low CTR; high impressions; weak average position,1065.0,0.0009389671361502347,11.659154929577465,3.0
4976,client_3f0ce4d44fe94f3d,content_b205d854eb980a84,0.5283149171270718,Lower priority,low CTR; high impressions,1051.0,0.0009514747859181732,4.746907706945766,
4977,client_3f0ce4d44fe94f3d,content_173d281059ec46a8,0.5283149171270718,Lower priority,low CTR; high impressions,1040.0,0.0009615384615384616,4.345192307692308,3.0
4978,client_3f0ce4d44fe94f3d,content_cd292f06eef062e9,0.5283149171270718,Lower priority,low CTR; high impressions,1035.0,0.000966183574879227,9.609661835748792,1.0
4979,client_9958f0a7ae1df715,content_edb2dd3126f4e267,0.5283149171270718,Lower priority,low CTR; high impressions,1032.0,0.0009689922480620155,8.74031007751938,6.0
4980,client_3f0ce4d44fe94f3d,content_7edf281bf1803624,0.5283149171270718,Lower priority,low CTR; high impressions,1032.0,0.0009689922480620155,2.0300387596899223,
4981,client_2094c6eb080311d5,content_57723b8dc0589913,0.5283149171270718,Lower priority,low CTR; high impressions,1022.0,0.0009784735812133072,7.388454011741683,3.0
4982,client_3f0ce4d44fe94f3d,content_4ba7f39791fab9db,0.5283149171270718,Lower priority,low CTR; high impressions,1021.0,0.0009794319294809011,3.136141038197845,
4983,client_3f0ce4d44fe94f3d,content_07942bd779406644,0.5283149171270718,Lower priority,low CTR; high impressions,1016.0,0.000984251968503937,1.953740157480315,2.0
4984,client_9958f0a7ae1df715,content_01abeb8b40591eec,0.5283149171270718,Lower priority,low CTR; weak average position,999.0,0.001001001001001001,10.278278278278279,4.0
4985,client_0fa64a184f18a4a0,content_53df9950f2f5bf1d,0.5283149171270718,Lower priority,low CTR; weak average position,999.0,0.001001001001001001,17.476476476476478,
4986,client_3f0ce4d44fe94f3d,content_fad7e71e069eb8d4,0.5283149171270718,Lower priority,low CTR,995.0,0.0010050251256281408,6.12964824120603,
4987,client_2094c6eb080311d5,content_27e83aa29049db78,0.5283149171270718,Lower priority,low CTR; weak average position,994.0,0.001006036217303823,34.9486921529175,8.0
4988,client_3f0ce4d44fe94f3d,content_442eb2c52b7dd8d4,0.5283149171270718,Lower priority,low CTR; weak average position,990.0,0.00101010101010101,10.208080808080808,
4989,client_3f0ce4d44fe94f3d,content_80f4e1363858259e,0.5283149171270718,Lower priority,low CTR,980.0,0.0010204081632653062,4.819387755102041,1.0
4990,client_3f0ce4d44fe94f3d,content_5e0aafefd9097cad,0.5283149171270718,Lower priority,low CTR,975.0,0.0010256410256410256,7.658461538461538,
4991,client_3f0ce4d44fe94f3d,content_3e2a4f127934ff9a,0.5283149171270718,Lower priority,low CTR,961.0,0.001040582726326743,3.1914672216441207,
4992,client_3f0ce4d44fe94f3d,content_eba6bb019f8ef3fe,0.5283149171270718,Lower priority,low CTR,961.0,0.001040582726326743,5.056191467221644,2.0
4993,client_0fa64a184f18a4a0,content_c0abbee3c70975a2,0.5283149171270718,Lower priority,low CTR,958.0,0.0010438413361169101,3.6816283924843423,2.0
4994,client_9958f0a7ae1df715,content_d2136d9ae7ad072c,0.5283149171270718,Lower priority,low CTR,955.0,0.0010471204188481676,8.226178010471203,9.0
4995,client_2094c6eb080311d5,content_c90a6416f1bf82f4,0.5283149171270718,Lower priority,low CTR; weak average position,955.0,0.0010471204188481676,12.224083769633507,8.0
4996,client_3f0ce4d44fe94f3d,content_4ebf20184c9c4741,0.5283149171270718,Lower priority,low CTR,944.0,0.001059322033898305,3.854872881355932,1.0
4997,client_0fa64a184f18a4a0,content_9c89c16c689e8ae1,0.5283149171270718,Lower priority,low CTR,941.0,0.0010626992561105207,4.314558979808714,1.0
4998,client_3f0ce4d44fe94f3d,content_5a44bd7e6533488e,0.5283149171270718,Lower priority,low CTR; weak average position,939.0,0.0010649627263045794,13.206602768903089,1.0
4999,client_9958f0a7ae1df715,content_f17c352da1c03811,0.5283149171270718,Lower priority,low CTR; weak average position,935.0,0.0010695187165775401,17.437433155080214,2.0
5000,client_0fa64a184f18a4a0,content_1409c2dfad9309b7,0.5283149171270718,Lower priority,low CTR,932.0,0.001072961373390558,5.290772532188841,2.0
5001,client_2094c6eb080311d5,content_44ed243c7b878320,0.5283149171270718,Lower priority,low CTR; weak average position,930.0,0.001075268817204301,11.890322580645162,1.0
5002,client_3f0ce4d44fe94f3d,content_711d485c3ffd72b7,0.5283149171270718,Lower priority,low CTR,921.0,0.0010857763300760044,5.764386536373507,
5003,client_2094c6eb080311d5,content_a38e6ab628636edc,0.5283149171270718,Lower priority,low CTR; weak average position,919.0,0.001088139281828074,15.774755168661589,7.0
5004,client_2094c6eb080311d5,content_8511ca85887699fe,0.5283149171270718,Lower priority,low CTR,905.0,0.0011049723756906078,9.665193370165746,2.0
5005,client_3f0ce4d44fe94f3d,content_dd21e05447fdfd7b,0.5283149171270718,Lower priority,low CTR,901.0,0.0011098779134295228,8.076581576026637,4.0
5006,client_3f0ce4d44fe94f3d,content_f91931194597bc4c,0.5283149171270718,Lower priority,low CTR,901.0,0.0011098779134295228,6.479467258601554,1.0
5007,client_9958f0a7ae1df715,content_94798aa612b0e422,0.5283149171270718,Lower priority,low CTR,900.0,0.0011111111111111111,9.71888888888889,5.0
5008,client_2094c6eb080311d5,content_abe8ccfea8739fc9,0.5283149171270718,Lower priority,low CTR,895.0,0.0011173184357541898,9.489385474860335,2.0
5009,client_2094c6eb080311d5,content_3d7c3caabed3d060,0.5283149171270718,Lower priority,low CTR,886.0,0.001128668171557562,4.225733634311513,1.0
5010,client_cd12bcfd98942aa1,content_bd663e8fb5621413,0.5283149171270718,Lower priority,low CTR,885.0,0.0011299435028248588,5.501694915254237,3.0
5011,client_3f0ce4d44fe94f3d,content_f72485c0884d17cc,0.5283149171270718,Lower priority,low CTR,884.0,0.0011312217194570137,2.3574660633484164,1.0
5012,client_3f0ce4d44fe94f3d,content_e98918017fa6348f,0.5283149171270718,Lower priority,low CTR; weak average position,882.0,0.0011337868480725624,10.634920634920634,
5013,client_9958f0a7ae1df715,content_431b835e19b1ae27,0.5283149171270718,Lower priority,low CTR,881.0,0.0011350737797956867,5.8467650397275825,2.0
5014,client_3f0ce4d44fe94f3d,content_3c6f9d7ed03f5b89,0.5283149171270718,Lower priority,low CTR; weak average position,880.0,0.0011363636363636363,16.561363636363637,3.0
5015,client_0fa64a184f18a4a0,content_4fe79cf91e8076be,0.5283149171270718,Lower priority,low CTR; weak average position,878.0,0.0011389521640091116,14.110478359908884,2.0
5016,client_3f0ce4d44fe94f3d,content_44985da83f995d2e,0.5283149171270718,Lower priority,low CTR,875.0,0.001142857142857143,6.982857142857143,
5017,client_9958f0a7ae1df715,content_cd3d932d4e1c8db0,0.5169409486931268,Lower priority,low CTR; high impressions,89332.0,4.477678771324945e-05,7.831807191152107,5.0
5018,client_0fa64a184f18a4a0,content_474c280cef704f95,0.5169409486931268,Lower priority,low CTR; high impressions,20020.0,0.00034965034965034965,6.829470529470529,15.0
5019,client_0fa64a184f18a4a0,content_5b9f20eb3b7f872b,0.5169409486931268,Lower priority,low CTR; high impressions,17617.0,0.00011352670715785889,3.8087642617925868,13.0
5020,client_3f0ce4d44fe94f3d,content_1bc14f25ea5989e0,0.5169409486931268,Lower priority,low CTR; high impressions,17120.0,0.00035046728971962614,8.352628504672897,43.0
5021,client_9958f0a7ae1df715,content_0f3935162546a965,0.5169409486931268,Lower priority,low CTR; high impressions,7674.0,0.00039093041438623924,6.205368777690905,3.0
5022,client_3f0ce4d44fe94f3d,content_d15d7b518a09ac2d,0.41441883276115743,Lower priority,low CTR; high impressions,6969.0,0.00043047783039173483,6.161429186396901,3.0
5023,client_3f0ce4d44fe94f3d,content_355facebbc48bba5,0.41441883276115743,Lower priority,low CTR; high impressions; weak average position,6556.0,0.0004575960951799878,13.092434411226357,2.0
5024,client_9958f0a7ae1df715,content_c936b727ae06f104,0.41441883276115743,Lower priority,low CTR; high impressions,6332.0,0.00047378395451674036,8.860233733417562,5.0
5025,client_3f0ce4d44fe94f3d,content_fbe9d7902c683443,0.41441883276115743,Lower priority,low CTR; high impressions,6080.0,0.0001644736842105263,7.365625,
5026,client_3f0ce4d44fe94f3d,content_ee529f735a3b05cf,0.41441883276115743,Lower priority,low CTR; high impressions,5856.0,0.00034153005464480874,9.677254098360656,1.0
5027,client_3f0ce4d44fe94f3d,content_0a3a419bbe5f5c8d,0.41441883276115743,Lower priority,low CTR; high impressions; weak average position,5364.0,0.00018642803877703205,50.68027591349739,1.0
5028,client_3f0ce4d44fe94f3d,content_a0d4fefde515381e,0.41441883276115743,Lower priority,low CTR; high impressions,5152.0,0.00019409937888198756,6.980590062111801,4.0
5029,client_3f0ce4d44fe94f3d,content_3b09cb63ae4d1fa0,0.41441883276115743,Lower priority,low CTR; high impressions,4661.0,0.00042909246942716153,4.93585067582064,2.0
5030,client_9958f0a7ae1df715,content_0580c47071cde7b7,0.41441883276115743,Lower priority,low CTR; high impressions,4638.0,0.00021561017680034498,9.818671841310909,15.0
5031,client_9958f0a7ae1df715,content_98d8996ce83fdb7d,0.41441883276115743,Lower priority,low CTR; high impressions,4583.0,0.0002181976871045167,8.807986035348025,11.0
5032,client_3f0ce4d44fe94f3d,content_ec3666a10b958aa8,0.41441883276115743,Lower priority,low CTR; high impressions; weak average position,4046.0,0.0004943153732081067,21.4147305981216,1.0
5033,client_9958f0a7ae1df715,content_5a368b854dd375b2,0.41441883276115743,Lower priority,low CTR; high impressions,3877.0,0.00025793139025019347,7.236523084859427,3.0
5034,client_3f0ce4d44fe94f3d,content_f829b19d3a30aa81,0.41441883276115743,Lower priority,low CTR; high impressions,3737.0,0.0002675943270002676,8.27027027027027,
5035,client_9958f0a7ae1df715,content_6cd0c162158858c3,0.41441883276115743,Lower priority,low CTR; high impressions,3719.0,0.00026888948642108095,8.566550147889217,1.0
5036,client_3f0ce4d44fe94f3d,content_d756a0034a229b6d,0.41441883276115743,Lower priority,low CTR; high impressions,3414.0,0.00029291154071470416,8.034563561804335,
5037,client_0fa64a184f18a4a0,content_e0eb4f2a7238e2a3,0.41441883276115743,Lower priority,low CTR; high impressions; weak average position,3238.0,0.00030883261272390367,15.563619518221124,
5038,client_3f0ce4d44fe94f3d,content_3cdc673823a4763c,0.41441883276115743,Lower priority,low CTR; high impressions; weak average position,3201.0,0.00031240237425804435,10.511402686660418,
5039,client_2094c6eb080311d5,content_afe7d674eff224da,0.41441883276115743,Lower priority,low CTR; high impressions,3130.0,0.0003194888178913738,7.6856230031948884,2.0
5040,client_3f0ce4d44fe94f3d,content_30acaa947e084da9,0.41441883276115743,Lower priority,low CTR; high impressions; weak average position,3038.0,0.0003291639236339697,13.231073074391047,1.0
5041,client_3f0ce4d44fe94f3d,content_1cd527c3ce4561f7,0.41441883276115743,Lower priority,low CTR; high impressions,3009.0,0.00033233632436025255,8.14390162844799,1.0
5042,client_3f0ce4d44fe94f3d,content_56b1bf064b8fc859,0.41441883276115743,Lower priority,low CTR; high impressions; weak average position,2991.0,0.00033433634236041456,12.244065529923102,
5043,client_0fa64a184f18a4a0,content_3c5c7561ffd3d52c,0.41441883276115743,Lower priority,low CTR; high impressions,2787.0,0.0003588087549336204,9.608180839612487,1.0
5044,client_3f0ce4d44fe94f3d,content_9afe7491675dbb76,0.41441883276115743,Lower priority,low CTR; high impressions,2715.0,0.00036832412523020257,6.672191528545119,
5045,client_3f0ce4d44fe94f3d,content_f371abcc953706f7,0.41441883276115743,Lower priority,low CTR; high impressions,2707.0,0.0003694126339120798,9.775027705947544,1.0
5046,client_3f0ce4d44fe94f3d,content_01dab13d9d3b380e,0.41441883276115743,Lower priority,low CTR; high impressions,2707.0,0.0003694126339120798,5.130402659770964,1.0
5047,client_3f0ce4d44fe94f3d,content_d5791fd135af29a2,0.41441883276115743,Lower priority,low CTR; high impressions,2680.0,0.00037313432835820896,9.570522388059702,1.0
5048,client_9958f0a7ae1df715,content_3c3b575d53a71932,0.41441883276115743,Lower priority,low CTR; high impressions; weak average position,2663.0,0.0003755163349605708,10.275253473526098,24.0
5049,client_3f0ce4d44fe94f3d,content_b10b61f5b9774f27,0.41441883276115743,Lower priority,low CTR; high impressions,2660.0,0.00037593984962406017,4.5665413533834585,2.0
5050,client_3f0ce4d44fe94f3d,content_931afa1915f6b57c,0.41441883276115743,Lower priority,low CTR; high impressions,2551.0,0.0003920031360250882,9.978831830654645,2.0
5051,client_3f0ce4d44fe94f3d,content_d18033879cad0c0a,0.41441883276115743,Lower priority,low CTR; high impressions,2536.0,0.0003943217665615142,6.120662460567823,1.0
5052,client_3f0ce4d44fe94f3d,content_59482bab891c1368,0.41441883276115743,Lower priority,low CTR; high impressions,2456.0,0.00040716612377850165,1.867671009771987,
5053,client_3f0ce4d44fe94f3d,content_2ed7457204d4387a,0.41441883276115743,Lower priority,low CTR; high impressions; weak average position,2351.0,0.0004253509145044662,21.196937473415566,1.0
5054,client_9958f0a7ae1df715,content_54959e9adf5ffbab,0.41441883276115743,Lower priority,low CTR; high impressions,2287.0,0.00043725404459991256,6.837778749453433,9.0
5055,client_2094c6eb080311d5,content_faff0151f370b307,0.41441883276115743,Lower priority,low CTR; high impressions,2275.0,0.00043956043956043956,6.0175824175824175,4.0
5056,client_0fa64a184f18a4a0,content_b66d10cff7eb0d73,0.41441883276115743,Lower priority,low CTR; high impressions,2226.0,0.0004492362982929021,6.102875112309075,2.0
5057,client_3f0ce4d44fe94f3d,content_2c9373881da682c1,0.41441883276115743,Lower priority,low CTR; high impressions,2207.0,0.00045310376076121433,6.894426823742637,1.0
5058,client_9958f0a7ae1df715,content_b8ddab5c14f91e46,0.41441883276115743,Lower priority,low CTR; high impressions,2166.0,0.0004616805170821791,8.689750692520775,2.0
5059,client_0fa64a184f18a4a0,content_85174c59769b20a9,0.41441883276115743,Lower priority,low CTR; high impressions,2156.0,0.00046382189239332097,5.848330241187384,2.0
5060,client_2094c6eb080311d5,content_1dc7138ded7f6612,0.41441883276115743,Lower priority,low CTR; high impressions; weak average position,2094.0,0.0004775549188156638,18.652340019102198,9.0
5061,client_9958f0a7ae1df715,content_f3a75d8cf58dd50b,0.41441883276115743,Lower priority,low CTR; high impressions,2021.0,0.0004948045522018803,4.736763978228599,1.0
5062,client_3f0ce4d44fe94f3d,content_16981b08b08ba097,0.41441883276115743,Lower priority,low CTR; high impressions; weak average position,1994.0,0.0005015045135406219,11.36208625877633,1.0
